trade_id,timestamp,symbol,price,quantity,volume,price_change,synthetic_anomaly,anomaly_type
TRD-100000,2026-09-30 09:30:00.272,TECH,182.57,110,20082.7,0.476,0,normal
TRD-100001,2026-09-30 09:30:00.718,AUTO,68.74,117,8042.58,-0.088,0,normal
TRD-100002,2026-09-30 09:30:03.151,BANK,46.18,294,13576.92,-0.149,0,normal
TRD-100003,2026-09-30 09:30:05.312,PHARMA,138.4,385,53284.0,-0.032,0,normal
TRD-100004,2026-09-30 09:30:05.639,AUTO,68.75,89,6118.75,0.056,0,normal
TRD-100005,2026-09-30 09:30:09.396,ENERGY,93.02,138,12836.76,-0.526,0,normal
TRD-100006,2026-09-30 09:30:13.991,TECH,182.6,133,24285.8,0.171,0,normal
TRD-100007,2026-09-30 09:30:15.289,PHARMA,138.42,150,20763.0,0.158,0,normal
TRD-100008,2026-09-30 09:30:22.075,ENERGY,93.1,177,16478.7,0.509,0,normal
TRD-100009,2026-09-30 09:30:26.023,BANK,46.17,367,16944.39,-0.081,0,normal
TRD-100010,2026-09-30 09:30:31.674,AUTO,68.73,315,21649.95,-0.106,0,normal
TRD-100011,2026-09-30 09:30:33.423,BANK,46.21,268,12384.28,0.3,0,normal
TRD-100012,2026-09-30 09:30:34.487,TECH,182.51,271,49460.21,-0.573,0,normal
TRD-100013,2026-09-30 09:30:36.623,TECH,182.54,40,7301.6,0.165,0,normal
TRD-100014,2026-09-30 09:30:46.615,TECH,182.48,196,35766.08,-0.399,0,normal
TRD-100015,2026-09-30 09:31:15.307,AUTO,68.7,189,12984.3,-0.171,0,normal
TRD-100016,2026-09-30 09:31:25.557,BANK,46.2,189,8731.8,-0.052,0,normal
TRD-100017,2026-09-30 09:31:29.386,BANK,46.22,171,7903.62,0.122,0,normal
TRD-100018,2026-09-30 09:31:29.628,PHARMA,138.37,127,17572.99,-0.352,0,normal
TRD-100019,2026-09-30 09:31:31.689,TECH,182.49,332,60586.68,0.079,0,normal
TRD-100020,2026-09-30 09:31:37.986,BANK,46.22,184,8504.48,-0.02,0,normal
TRD-100021,2026-09-30 09:31:42.100,TECH,182.49,112,20438.88,0.012,0,normal
TRD-100022,2026-09-30 09:31:48.389,TECH,182.54,158,28841.32,0.344,0,normal
TRD-100023,2026-09-30 09:31:55.595,BANK,46.2,248,11457.6,-0.132,0,normal
TRD-100024,2026-09-30 09:31:58.441,ENERGY,93.08,692,64411.36,-0.145,0,normal
TRD-100025,2026-09-30 09:32:02.372,TECH,182.56,170,31035.2,0.099,0,normal
TRD-100026,2026-09-30 09:32:04.335,BANK,46.21,90,4158.9,0.064,0,normal
TRD-100027,2026-09-30 09:32:08.835,ENERGY,93.04,150,13956.0,-0.258,0,normal
TRD-100028,2026-09-30 09:32:09.217,AUTO,68.74,374,25708.76,0.248,0,normal
TRD-100029,2026-09-30 09:32:14.752,PHARMA,138.34,143,19782.62,-0.185,0,normal
TRD-100030,2026-09-30 09:32:17.234,PHARMA,138.42,89,12319.38,0.56,0,normal
TRD-100031,2026-09-30 09:32:21.500,AUTO,68.7,248,17037.6,-0.284,0,normal
TRD-100032,2026-09-30 09:32:24.701,ENERGY,93.05,424,39453.2,0.06,0,normal
TRD-100033,2026-09-30 09:32:29.269,BANK,46.18,192,8866.56,-0.153,0,normal
TRD-100034,2026-09-30 09:32:29.429,PHARMA,138.45,299,41396.55,0.18,0,normal
TRD-100035,2026-09-30 09:32:31.265,BANK,46.17,302,13943.34,-0.1,0,normal
TRD-100036,2026-09-30 09:32:40.944,BANK,46.2,984,45460.8,0.175,0,normal
TRD-100037,2026-09-30 09:32:42.679,ENERGY,93.06,224,20845.44,0.073,0,normal
TRD-100038,2026-09-30 09:32:43.384,AUTO,68.62,219,15027.78,-0.489,0,normal
TRD-100039,2026-09-30 09:32:45.948,AUTO,68.63,150,10294.5,0.002,0,normal
TRD-100040,2026-09-30 09:32:46.058,PHARMA,138.43,73,10105.39,-0.101,0,normal
TRD-100041,2026-09-30 09:32:52.061,PHARMA,138.35,94,13004.9,-0.536,0,normal
TRD-100042,2026-09-30 09:32:52.173,BANK,46.24,420,19420.8,0.273,0,normal
TRD-100043,2026-09-30 09:32:54.637,ENERGY,93.11,179,16666.69,0.329,0,normal
TRD-100044,2026-09-30 09:32:56.971,BANK,46.26,173,8002.98,0.15,0,normal
TRD-100045,2026-09-30 09:32:59.338,AUTO,68.61,230,15780.3,-0.133,0,normal
TRD-100046,2026-09-30 09:33:03.493,TECH,182.5,104,18980.0,-0.35,0,normal
TRD-100047,2026-09-30 09:33:14.686,AUTO,68.58,119,8161.02,-0.179,0,normal
TRD-100048,2026-09-30 09:33:15.710,BANK,46.27,304,14066.08,0.041,0,normal
TRD-100049,2026-09-30 09:33:18.796,TECH,182.56,162,29574.72,0.407,0,normal
TRD-100050,2026-09-30 09:33:21.684,AUTO,68.56,87,5964.72,-0.128,0,normal
TRD-100051,2026-09-30 09:33:27.400,AUTO,68.54,292,20013.68,-0.096,0,normal
TRD-100052,2026-09-30 09:33:31.500,TECH,182.54,78,14238.12,-0.147,0,normal
TRD-100053,2026-09-30 09:33:31.867,ENERGY,93.06,283,26335.98,-0.333,0,normal
TRD-100054,2026-09-30 09:33:32.636,BANK,46.26,380,17578.8,-0.038,0,normal
TRD-100055,2026-09-30 09:33:32.897,TECH,182.57,117,21360.69,0.185,0,normal
TRD-100056,2026-09-30 09:33:34.473,TECH,182.52,182,33218.64,-0.318,0,normal
TRD-100057,2026-09-30 09:33:35.211,PHARMA,138.38,138,19096.44,0.192,0,normal
TRD-100058,2026-09-30 09:33:37.860,PHARMA,138.38,143,19788.34,-0.004,0,normal
TRD-100059,2026-09-30 09:33:38.359,TECH,182.52,294,53660.88,0.014,0,normal
TRD-100060,2026-09-30 09:33:48.637,TECH,182.51,111,20258.61,-0.091,0,normal
TRD-100061,2026-09-30 09:33:49.964,PHARMA,138.41,199,27543.59,0.214,0,normal
TRD-100062,2026-09-30 09:33:51.910,BANK,46.26,172,7956.72,0.032,0,normal
TRD-100063,2026-09-30 09:33:52.217,AUTO,65.95,2,131.9,-2.59,1,liquidity_vacuum
TRD-100064,2026-09-30 09:33:53.280,BANK,46.25,221,10221.25,-0.112,0,normal
TRD-100065,2026-09-30 09:33:53.503,AUTO,68.56,332,22761.92,0.119,0,normal
TRD-100066,2026-09-30 09:33:55.099,AUTO,68.52,318,21789.36,-0.264,0,normal
TRD-100067,2026-09-30 09:33:57.069,BANK,46.26,292,13507.92,0.062,0,normal
TRD-100068,2026-09-30 09:34:00.657,TECH,182.45,288,52545.6,-0.401,0,normal
TRD-100069,2026-09-30 09:34:06.009,BANK,46.24,182,8415.68,-0.126,0,normal
TRD-100070,2026-09-30 09:34:10.737,TECH,182.41,371,67674.11,-0.245,0,normal
TRD-100071,2026-09-30 09:34:12.979,ENERGY,93.14,68,6333.52,0.524,0,normal
TRD-100072,2026-09-30 09:34:13.601,AUTO,68.52,246,16855.92,-0.012,0,normal
TRD-100073,2026-09-30 09:34:17.302,TECH,182.4,206,37574.4,-0.091,0,normal
TRD-100074,2026-09-30 09:34:18.131,AUTO,68.47,325,22252.75,-0.375,0,normal
TRD-100075,2026-09-30 09:34:24.479,TECH,182.48,109,19890.32,0.505,0,normal
TRD-100076,2026-09-30 09:34:25.675,BANK,46.25,151,6983.75,0.056,0,normal
TRD-100077,2026-09-30 09:34:27.180,BANK,46.24,301,13918.24,-0.034,0,normal
TRD-100078,2026-09-30 09:34:31.920,AUTO,68.46,234,16019.64,-0.035,0,normal
TRD-100079,2026-09-30 09:34:33.934,BANK,46.21,359,16589.39,-0.211,0,normal
TRD-100080,2026-09-30 09:34:40.870,BANK,46.2,265,12243.0,-0.034,0,normal
TRD-100081,2026-09-30 09:34:43.212,PHARMA,138.45,87,12045.15,0.258,0,normal
TRD-100082,2026-09-30 09:34:43.338,TECH,182.48,2182,398171.36,-2.999,1,multivariate_break
TRD-100083,2026-09-30 09:34:43.626,PHARMA,138.49,118,16341.82,0.246,0,normal
TRD-100084,2026-09-30 09:34:44.414,BANK,46.21,286,13216.06,0.028,0,normal
TRD-100085,2026-09-30 09:34:44.468,AUTO,68.43,137,9374.91,-0.187,0,normal
TRD-100086,2026-09-30 09:34:50.254,PHARMA,138.5,191,26453.5,0.079,0,normal
TRD-100087,2026-09-30 09:34:55.015,TECH,182.44,262,47799.28,-0.27,0,normal
TRD-100088,2026-09-30 09:34:58.710,PHARMA,138.5,124,17174.0,-0.042,0,normal
TRD-100089,2026-09-30 09:35:00.026,BANK,46.22,499,23063.78,0.064,0,normal
TRD-100090,2026-09-30 09:35:01.800,BANK,46.24,398,18403.52,0.145,0,normal
TRD-100091,2026-09-30 09:35:04.245,TECH,182.4,156,28454.4,-0.233,0,normal
TRD-100092,2026-09-30 09:35:06.410,BANK,46.25,868,40145.0,0.058,0,normal
TRD-100093,2026-09-30 09:35:09.554,TECH,182.47,329,60032.63,0.458,0,normal
TRD-100094,2026-09-30 09:35:10.780,PHARMA,138.51,101,13989.51,0.125,0,normal
TRD-100095,2026-09-30 09:35:20.168,PHARMA,138.42,162,22424.04,-0.635,0,normal
TRD-100096,2026-09-30 09:35:21.645,TECH,182.45,311,56741.95,-0.101,0,normal
TRD-100097,2026-09-30 09:35:24.373,PHARMA,138.4,283,39167.2,-0.103,0,normal
TRD-100098,2026-09-30 09:35:27.939,AUTO,68.46,420,28753.2,0.2,0,normal
TRD-100099,2026-09-30 09:35:32.201,BANK,46.24,512,23674.88,-0.071,0,normal
TRD-100100,2026-09-30 09:35:34.977,BANK,46.2,286,13213.2,-0.251,0,normal
TRD-100101,2026-09-30 09:35:36.525,PHARMA,138.42,448,62012.16,0.105,0,normal
TRD-100102,2026-09-30 09:35:36.807,BANK,46.19,195,9007.05,-0.048,0,normal
TRD-100103,2026-09-30 09:35:40.345,AUTO,68.44,83,5680.52,-0.117,0,normal
TRD-100104,2026-09-30 09:35:43.825,TECH,182.45,106,19339.7,-0.025,0,normal
TRD-100105,2026-09-30 09:35:53.590,BANK,46.21,169,7809.49,0.096,0,normal
TRD-100106,2026-09-30 09:36:00.240,AUTO,68.48,141,9655.68,0.206,0,normal
TRD-100107,2026-09-30 09:36:01.684,TECH,182.52,201,36686.52,0.483,0,normal
TRD-100108,2026-09-30 09:36:15.058,BANK,46.23,1069,49419.87,0.17,0,normal
TRD-100109,2026-09-30 09:36:17.316,AUTO,68.69,6583,452186.27,-0.054,1,volume_spike
TRD-100110,2026-09-30 09:36:19.089,ENERGY,93.12,456,42462.72,-0.118,0,normal
TRD-100111,2026-09-30 09:36:20.096,TECH,182.48,173,31569.04,-0.315,0,normal
TRD-100112,2026-09-30 09:36:28.155,TECH,182.47,172,31384.84,-0.022,0,normal
TRD-100113,2026-09-30 09:36:28.264,BANK,46.23,481,22236.63,-0.053,0,normal
TRD-100114,2026-09-30 09:36:30.114,PHARMA,138.4,284,39305.6,-0.118,0,normal
TRD-100115,2026-09-30 09:36:35.759,TECH,182.56,537,98034.72,0.594,0,normal
TRD-100116,2026-09-30 09:36:36.575,ENERGY,93.12,220,20486.4,0.001,0,normal
TRD-100117,2026-09-30 09:36:37.077,BANK,46.28,455,21057.4,0.35,0,normal
TRD-100118,2026-09-30 09:36:49.458,ENERGY,93.15,201,18723.15,0.214,0,normal
TRD-100119,2026-09-30 09:36:50.725,AUTO,68.47,246,16843.62,-0.042,0,normal
TRD-100120,2026-09-30 09:36:58.250,ENERGY,93.11,264,24581.04,-0.239,0,normal
TRD-100121,2026-09-30 09:37:01.353,TECH,182.46,145,26456.7,-0.675,0,normal
TRD-100122,2026-09-30 09:37:01.878,AUTO,68.46,387,26494.02,-0.084,0,normal
TRD-100123,2026-09-30 09:37:03.097,BANK,46.28,581,26888.68,-0.017,0,normal
TRD-100124,2026-09-30 09:37:03.778,TECH,182.55,125,22818.75,0.566,0,normal
TRD-100125,2026-09-30 09:37:04.102,TECH,182.55,2990,545824.5,-2.405,1,multivariate_break
TRD-100126,2026-09-30 09:37:06.390,ENERGY,93.15,336,31298.4,0.264,0,normal
TRD-100127,2026-09-30 09:37:06.642,AUTO,68.43,167,11427.81,-0.198,0,normal
TRD-100128,2026-09-30 09:37:09.586,AUTO,68.48,205,14038.4,0.352,0,normal
TRD-100129,2026-09-30 09:37:10.341,BANK,46.25,203,9388.75,-0.152,0,normal
TRD-100130,2026-09-30 09:37:27.316,TECH,182.52,156,28473.12,-0.156,0,normal
TRD-100131,2026-09-30 09:37:27.617,BANK,46.24,661,30564.64,-0.098,0,normal
TRD-100132,2026-09-30 09:37:27.989,AUTO,68.5,543,37195.5,0.123,0,normal
TRD-100133,2026-09-30 09:37:28.238,PHARMA,138.38,94,13007.72,-0.139,0,normal
TRD-100134,2026-09-30 09:37:29.099,TECH,182.6,271,49484.6,0.549,0,normal
TRD-100135,2026-09-30 09:37:32.266,TECH,182.7,223,40742.1,0.665,0,normal
TRD-100136,2026-09-30 09:37:33.989,BANK,46.25,469,21691.25,0.049,0,normal
TRD-100137,2026-09-30 09:37:39.844,TECH,182.63,252,46022.76,-0.468,0,normal
TRD-100138,2026-09-30 09:37:41.226,AUTO,77.27,209,16149.43,8.774,1,price_shock
TRD-100139,2026-09-30 09:37:47.366,TECH,182.64,75,13698.0,0.067,0,normal
TRD-100140,2026-09-30 09:37:49.666,TECH,182.59,123,22458.57,-0.381,0,normal
TRD-100141,2026-09-30 09:37:50.848,PHARMA,138.34,326,45098.84,-0.241,0,normal
TRD-100142,2026-09-30 09:37:51.225,TECH,182.51,188,34311.88,-0.521,0,normal
TRD-100143,2026-09-30 09:37:55.981,BANK,46.09,11188,515654.92,-0.13,1,volume_spike
TRD-100144,2026-09-30 09:38:01.677,TECH,182.49,177,32300.73,-0.136,0,normal
TRD-100145,2026-09-30 09:38:09.858,TECH,182.55,283,51661.65,0.398,0,normal
TRD-100146,2026-09-30 09:38:10.112,TECH,182.53,161,29387.33,-0.102,0,normal
TRD-100147,2026-09-30 09:38:11.614,BANK,46.24,197,9109.28,-0.021,0,normal
TRD-100148,2026-09-30 09:38:12.263,ENERGY,93.11,338,31471.18,-0.287,0,normal
TRD-100149,2026-09-30 09:38:14.905,AUTO,77.26,303,23409.78,-0.042,0,normal
TRD-100150,2026-09-30 09:38:17.704,BANK,46.21,443,20471.03,-0.184,0,normal
TRD-100151,2026-09-30 09:38:30.667,AUTO,80.22,2,160.44,2.957,1,liquidity_vacuum
TRD-100152,2026-09-30 09:38:31.213,TECH,182.59,183,33413.97,0.396,0,normal
TRD-100153,2026-09-30 09:38:32.771,BANK,37.58,179,6726.82,-8.638,1,price_shock
TRD-100154,2026-09-30 09:38:34.374,BANK,37.6,273,10264.8,0.125,0,normal
TRD-100155,2026-09-30 09:38:36.347,TECH,182.65,94,17169.1,0.384,0,normal
TRD-100156,2026-09-30 09:38:37.691,AUTO,77.31,61,4715.91,0.292,0,normal
TRD-100157,2026-09-30 09:38:44.765,TECH,182.65,38,6940.7,0.024,0,normal
TRD-100158,2026-09-30 09:38:45.781,PHARMA,138.37,128,17711.36,0.17,0,normal
TRD-100159,2026-09-30 09:38:48.009,AUTO,77.3,325,25122.5,-0.077,0,normal
TRD-100160,2026-09-30 09:38:59.301,TECH,182.57,89,16248.73,-0.537,0,normal
TRD-100161,2026-09-30 09:39:04.563,BANK,37.62,152,5718.24,0.121,0,normal
TRD-100162,2026-09-30 09:39:06.439,TECH,182.59,223,40717.57,0.124,0,normal
TRD-100163,2026-09-30 09:39:08.331,BANK,37.61,489,18391.29,-0.053,0,normal
TRD-100164,2026-09-30 09:39:12.122,TECH,182.55,607,110807.85,-0.273,0,normal
TRD-100165,2026-09-30 09:39:13.142,AUTO,77.33,315,24358.95,0.258,0,normal
TRD-100166,2026-09-30 09:39:14.761,TECH,182.58,120,21909.6,0.175,0,normal
TRD-100167,2026-09-30 09:39:20.342,BANK,37.58,262,9845.96,-0.222,0,normal
TRD-100168,2026-09-30 09:39:21.718,AUTO,77.35,116,8972.6,0.093,0,normal
TRD-100169,2026-09-30 09:39:26.087,TECH,182.57,138,25194.66,-0.065,0,normal
TRD-100170,2026-09-30 09:39:28.993,TECH,182.58,88,16067.04,0.068,0,normal
TRD-100171,2026-09-30 09:39:30.978,BANK,37.57,103,3869.71,-0.058,0,normal
TRD-100172,2026-09-30 09:39:35.333,TECH,182.64,86,15707.04,0.445,0,normal
TRD-100173,2026-09-30 09:39:36.679,PHARMA,133.49,5,667.45,-4.879,1,liquidity_vacuum
TRD-100174,2026-09-30 09:39:37.916,AUTO,77.37,377,29168.49,0.136,0,normal
TRD-100175,2026-09-30 09:39:40.722,TECH,182.65,151,27580.15,0.058,0,normal
TRD-100176,2026-09-30 09:39:44.336,BANK,37.56,986,37034.16,-0.026,0,normal
TRD-100177,2026-09-30 09:39:49.525,TECH,182.77,11054,2020339.58,-0.07,1,volume_spike
TRD-100178,2026-09-30 09:39:49.658,ENERGY,93.09,371,34536.39,-0.146,0,normal
TRD-100179,2026-09-30 09:39:53.157,ENERGY,93.06,104,9678.24,-0.214,0,normal
TRD-100180,2026-09-30 09:39:53.207,TECH,182.64,216,39450.24,-0.057,0,normal
TRD-100181,2026-09-30 09:39:54.040,BANK,37.57,329,12360.53,0.055,0,normal
TRD-100182,2026-09-30 09:39:54.807,BANK,37.58,434,16309.72,0.06,0,normal
TRD-100183,2026-09-30 09:39:55.477,BANK,37.61,240,9026.4,0.166,0,normal
TRD-100184,2026-09-30 09:40:00.024,PHARMA,138.34,240,33201.6,-0.221,0,normal
TRD-100185,2026-09-30 09:40:01.137,PHARMA,138.39,56,7749.84,0.359,0,normal
TRD-100186,2026-09-30 09:40:03.008,ENERGY,93.08,143,13310.44,0.139,0,normal
TRD-100187,2026-09-30 09:40:03.998,AUTO,77.4,188,14551.2,0.24,0,normal
TRD-100188,2026-09-30 09:40:04.631,TECH,182.62,97,17714.14,-0.17,0,normal
TRD-100189,2026-09-30 09:40:13.002,ENERGY,93.08,2285,212687.8,2.542,1,multivariate_break
TRD-100190,2026-09-30 09:40:16.987,ENERGY,93.06,86,8003.16,-0.083,0,normal
TRD-100191,2026-09-30 09:40:20.364,TECH,182.54,246,44904.84,-0.517,0,normal
TRD-100192,2026-09-30 09:40:20.853,BANK,37.6,344,12934.4,-0.055,0,normal
TRD-100193,2026-09-30 09:40:22.635,TECH,182.51,482,87969.82,-0.24,0,normal
TRD-100194,2026-09-30 09:40:34.046,ENERGY,93.04,226,21027.04,-0.197,0,normal
TRD-100195,2026-09-30 09:40:34.295,ENERGY,93.04,228,21213.12,0.004,0,normal
TRD-100196,2026-09-30 09:40:35.717,AUTO,77.39,94,7274.66,-0.073,0,normal
TRD-100197,2026-09-30 09:40:44.359,ENERGY,93.02,132,12278.64,-0.131,0,normal
TRD-100198,2026-09-30 09:40:51.480,BANK,37.58,778,29237.24,-0.102,0,normal
TRD-100199,2026-09-30 09:40:51.742,PHARMA,138.38,105,14529.9,-0.068,0,normal
TRD-100200,2026-09-30 09:40:58.043,AUTO,77.41,115,8902.15,0.135,0,normal
TRD-100201,2026-09-30 09:40:59.677,TECH,182.51,272,49642.72,0.032,0,normal
TRD-100202,2026-09-30 09:41:10.466,ENERGY,93.05,77,7164.85,0.237,0,normal
TRD-100203,2026-09-30 09:41:13.514,BANK,37.55,1331,49979.05,-0.194,0,normal
TRD-100204,2026-09-30 09:41:22.572,PHARMA,138.34,96,13280.64,-0.244,0,normal
TRD-100205,2026-09-30 09:41:24.386,BANK,37.54,286,10736.44,-0.063,0,normal
TRD-100206,2026-09-30 09:41:25.606,ENERGY,93.09,220,20479.8,0.276,0,normal
TRD-100207,2026-09-30 09:41:41.382,ENERGY,93.11,76,7076.36,0.096,0,normal
TRD-100208,2026-09-30 09:41:42.608,TECH,182.5,276,50370.0,-0.063,0,normal
TRD-100209,2026-09-30 09:41:44.430,BANK,37.54,125,4692.5,-0.045,0,normal
TRD-100210,2026-09-30 09:41:50.279,TECH,182.56,136,24828.16,0.424,0,normal
TRD-100211,2026-09-30 09:41:51.057,ENERGY,93.1,70,6517.0,-0.075,0,normal
TRD-100212,2026-09-30 09:41:52.850,PHARMA,129.51,150,19426.5,-8.835,1,price_shock
TRD-100213,2026-09-30 09:41:53.705,AUTO,77.46,717,55538.82,0.276,0,normal
TRD-100214,2026-09-30 09:41:57.268,ENERGY,93.09,132,12287.88,-0.071,0,normal
TRD-100215,2026-09-30 09:42:04.365,BANK,37.53,490,18389.7,-0.067,0,normal
TRD-100216,2026-09-30 09:42:06.994,ENERGY,93.04,160,14886.4,-0.31,0,normal
TRD-100217,2026-09-30 09:42:08.537,ENERGY,93.04,122,11350.88,0.008,0,normal
TRD-100218,2026-09-30 09:42:08.888,TECH,182.63,71,12966.73,0.412,0,normal
TRD-100219,2026-09-30 09:42:09.685,AUTO,77.41,76,5883.16,-0.286,0,normal
TRD-100220,2026-09-30 09:42:10.397,TECH,182.66,174,31782.84,0.213,0,normal
TRD-100221,2026-09-30 09:42:15.442,ENERGY,93.04,301,28005.04,0.012,0,normal
TRD-100222,2026-09-30 09:42:19.115,BANK,37.51,623,23368.73,-0.083,0,normal
TRD-100223,2026-09-30 09:42:22.804,BANK,37.51,363,13616.13,0.003,0,normal
TRD-100224,2026-09-30 09:42:39.176,TECH,182.64,146,26665.44,-0.107,0,normal
TRD-100225,2026-09-30 09:42:39.816,ENERGY,93.03,88,8186.64,-0.109,0,normal
TRD-100226,2026-09-30 09:42:40.186,PHARMA,129.51,282,36521.82,-0.033,0,normal
TRD-100227,2026-09-30 09:42:41.112,BANK,37.49,421,15783.29,-0.188,0,normal
TRD-100228,2026-09-30 09:42:44.222,TECH,182.64,82,14976.48,-0.045,0,normal
TRD-100229,2026-09-30 09:42:56.630,BANK,37.51,201,7539.51,0.181,0,normal
TRD-100230,2026-09-30 09:42:56.952,TECH,182.72,57,10415.04,0.537,0,normal
TRD-100231,2026-09-30 09:43:02.111,PHARMA,129.47,128,16572.16,-0.231,0,normal
TRD-100232,2026-09-30 09:43:04.658,BANK,37.5,413,15487.5,-0.057,0,normal
TRD-100233,2026-09-30 09:43:06.558,BANK,37.47,320,11990.4,-0.227,0,normal
TRD-100234,2026-09-30 09:43:08.027,ENERGY,92.99,681,63326.19,-0.251,0,normal
TRD-100235,2026-09-30 09:43:14.335,BANK,37.46,349,13073.54,-0.07,0,normal
TRD-100236,2026-09-30 09:43:22.570,PHARMA,129.52,318,41187.36,0.351,0,normal
TRD-100237,2026-09-30 09:43:24.418,ENERGY,92.98,482,44816.36,-0.08,0,normal
TRD-100238,2026-09-30 09:43:24.691,AUTO,77.42,649,50245.58,0.027,0,normal
TRD-100239,2026-09-30 09:43:25.692,BANK,37.47,1055,39530.85,0.095,0,normal
TRD-100240,2026-09-30 09:43:31.284,AUTO,77.46,335,25949.1,0.299,0,normal
TRD-100241,2026-09-30 09:43:31.341,AUTO,77.52,247,19147.44,0.399,0,normal
TRD-100242,2026-09-30 09:43:36.930,BANK,37.51,740,27757.4,0.247,0,normal
TRD-100243,2026-09-30 09:43:42.726,PHARMA,129.47,65,8415.55,-0.349,0,normal
TRD-100244,2026-09-30 09:43:46.285,TECH,182.75,82,14985.5,0.217,0,normal
TRD-100245,2026-09-30 09:43:52.811,AUTO,77.55,210,16285.5,0.211,0,normal
TRD-100246,2026-09-30 09:44:01.049,BANK,37.52,295,11068.4,0.068,0,normal
TRD-100247,2026-09-30 09:44:02.840,ENERGY,92.97,152,14131.44,-0.065,0,normal
TRD-100248,2026-09-30 09:44:06.152,PHARMA,129.38,269,34803.22,-0.574,0,normal
TRD-100249,2026-09-30 09:44:10.373,PHARMA,129.3,122,15774.6,-0.533,0,normal
TRD-100250,2026-09-30 09:44:13.188,PHARMA,129.31,178,23017.18,0.055,0,normal
TRD-100251,2026-09-30 09:44:15.262,BANK,37.51,463,17367.13,-0.068,0,normal
TRD-100252,2026-09-30 09:44:18.111,AUTO,77.55,489,37921.95,-0.009,0,normal
TRD-100253,2026-09-30 09:44:18.386,TECH,182.71,238,43484.98,-0.224,0,normal
TRD-100254,2026-09-30 09:44:19.082,AUTO,77.52,146,11317.92,-0.195,0,normal
TRD-100255,2026-09-30 09:44:19.279,TECH,182.72,201,36726.72,0.034,0,normal
TRD-100256,2026-09-30 09:44:23.154,ENERGY,92.84,191,17732.44,-0.864,0,normal
TRD-100257,2026-09-30 09:44:25.978,TECH,182.64,220,40180.8,-0.551,0,normal
TRD-100258,2026-09-30 09:44:33.947,PHARMA,129.3,332,42927.6,-0.109,0,normal
TRD-100259,2026-09-30 09:44:38.170,TECH,182.62,210,38350.2,-0.13,0,normal
TRD-100260,2026-09-30 09:44:39.049,TECH,182.63,81,14793.03,0.099,0,normal
TRD-100261,2026-09-30 09:44:39.163,ENERGY,92.82,174,16150.68,-0.14,0,normal
TRD-100262,2026-09-30 09:44:44.157,BANK,37.5,520,19500.0,-0.097,0,normal
TRD-100263,2026-09-30 09:44:57.714,TECH,182.6,129,23555.4,-0.192,0,normal
TRD-100264,2026-09-30 09:44:58.580,BANK,37.5,331,12412.5,0.029,0,normal
TRD-100265,2026-09-30 09:44:59.176,ENERGY,92.78,276,25607.28,-0.207,0,normal
TRD-100266,2026-09-30 09:45:07.907,PHARMA,129.28,193,24951.04,-0.1,0,normal
TRD-100267,2026-09-30 09:45:08.222,PHARMA,129.27,142,18356.34,-0.107,0,normal
TRD-100268,2026-09-30 09:45:10.961,AUTO,77.5,255,19762.5,-0.142,0,normal
TRD-100269,2026-09-30 09:45:11.149,TECH,182.56,263,48013.28,-0.303,0,normal
TRD-100270,2026-09-30 09:45:11.613,TECH,182.51,113,20623.63,-0.33,0,normal
TRD-100271,2026-09-30 09:45:12.116,TECH,182.53,87,15880.11,0.112,0,normal
TRD-100272,2026-09-30 09:45:12.506,BANK,37.49,451,16907.99,-0.055,0,normal
TRD-100273,2026-09-30 09:45:12.750,BANK,37.49,292,10947.08,-0.001,0,normal
TRD-100274,2026-09-30 09:45:18.802,TECH,182.48,177,32298.96,-0.305,0,normal
TRD-100275,2026-09-30 09:45:18.904,AUTO,77.48,305,23631.4,-0.142,0,normal
TRD-100276,2026-09-30 09:45:19.431,AUTO,77.5,317,24567.5,0.113,0,normal
TRD-100277,2026-09-30 09:45:19.904,ENERGY,92.84,68,6313.12,0.355,0,normal
TRD-100278,2026-09-30 09:45:20.638,ENERGY,92.8,122,11321.6,-0.243,0,normal
TRD-100279,2026-09-30 09:45:21.067,TECH,182.45,205,37402.25,-0.169,0,normal
TRD-100280,2026-09-30 09:45:21.768,ENERGY,92.76,316,29312.16,-0.268,0,normal
TRD-100281,2026-09-30 09:45:22.371,TECH,182.52,256,46725.12,0.461,0,normal
TRD-100282,2026-09-30 09:45:22.587,PHARMA,129.3,175,22627.5,0.234,0,normal
TRD-100283,2026-09-30 09:45:23.353,ENERGY,92.76,266,24674.16,-0.007,0,normal
TRD-100284,2026-09-30 09:45:25.645,ENERGY,92.75,117,10851.75,-0.068,0,normal
TRD-100285,2026-09-30 09:45:27.080,TECH,182.49,146,26643.54,-0.237,0,normal
TRD-100286,2026-09-30 09:45:31.252,ENERGY,92.76,102,9461.52,0.083,0,normal
TRD-100287,2026-09-30 09:45:31.587,TECH,182.48,70,12773.6,-0.029,0,normal
TRD-100288,2026-09-30 09:45:34.187,AUTO,77.49,210,16272.9,-0.013,0,normal
TRD-100289,2026-09-30 09:45:34.782,TECH,182.48,217,39598.16,-0.026,0,normal
TRD-100290,2026-09-30 09:45:37.383,AUTO,77.49,90,6974.1,-0.012,0,normal
TRD-100291,2026-09-30 09:45:37.616,TECH,182.48,134,24452.32,-0.012,0,normal
TRD-100292,2026-09-30 09:45:38.555,BANK,37.5,225,8437.5,0.049,0,normal
TRD-100293,2026-09-30 09:45:39.249,PHARMA,129.37,75,9702.75,0.455,0,normal
TRD-100294,2026-09-30 09:45:42.037,PHARMA,129.36,320,41395.2,-0.039,0,normal
TRD-100295,2026-09-30 09:45:42.681,ENERGY,92.76,110,10203.6,0.009,0,normal
TRD-100296,2026-09-30 09:45:43.812,TECH,182.46,93,16968.78,-0.09,0,normal
TRD-100297,2026-09-30 09:45:44.209,TECH,188.7,249,46986.3,6.237,1,price_shock
TRD-100298,2026-09-30 09:45:49.705,TECH,188.71,99,18682.29,0.087,0,normal
TRD-100299,2026-09-30 09:45:53.053,PHARMA,129.35,119,15392.65,-0.079,0,normal
TRD-100300,2026-09-30 09:45:54.138,ENERGY,92.67,287,26596.29,-0.623,0,normal
TRD-100301,2026-09-30 09:45:56.325,TECH,188.66,98,18488.68,-0.368,0,normal
TRD-100302,2026-09-30 09:46:01.327,PHARMA,129.39,311,40240.29,0.257,0,normal
TRD-100303,2026-09-30 09:46:11.037,ENERGY,92.7,92,8528.4,0.172,0,normal
TRD-100304,2026-09-30 09:46:12.804,BANK,37.49,615,23056.35,-0.083,0,normal
TRD-100305,2026-09-30 09:46:12.947,AUTO,77.49,369,28593.81,-0.048,0,normal
TRD-100306,2026-09-30 09:46:15.145,TECH,188.54,203,38273.62,-0.754,0,normal
TRD-100307,2026-09-30 09:46:20.816,AUTO,77.49,312,24176.88,-0.004,0,normal
TRD-100308,2026-09-30 09:46:21.658,BANK,37.47,410,15362.7,-0.09,0,normal
TRD-100309,2026-09-30 09:46:23.377,TECH,188.56,248,46762.88,0.083,0,normal
TRD-100310,2026-09-30 09:46:24.980,TECH,188.59,102,19236.18,0.222,0,normal
TRD-100311,2026-09-30 09:46:27.490,ENERGY,92.68,312,28916.16,-0.124,0,normal
TRD-100312,2026-09-30 09:46:32.681,PHARMA,129.47,209,27059.23,0.513,0,normal
TRD-100313,2026-09-30 09:46:48.542,AUTO,77.47,162,12550.14,-0.071,0,normal
TRD-100314,2026-09-30 09:46:49.941,ENERGY,92.72,246,22809.12,0.272,0,normal
TRD-100315,2026-09-30 09:46:50.265,BANK,37.49,313,11734.37,0.083,0,normal
TRD-100316,2026-09-30 09:46:55.853,TECH,188.57,241,45445.37,-0.142,0,normal
TRD-100317,2026-09-30 09:47:01.665,ENERGY,92.73,110,10200.3,0.06,0,normal
TRD-100318,2026-09-30 09:47:03.494,PHARMA,129.54,145,18783.3,0.466,0,normal
TRD-100319,2026-09-30 09:47:06.817,ENERGY,92.74,218,20217.32,0.072,0,normal
TRD-100320,2026-09-30 09:47:07.258,BANK,37.48,277,10381.96,-0.071,0,normal
TRD-100321,2026-09-30 09:47:11.141,AUTO,77.42,409,31664.78,-0.35,0,normal
TRD-100322,2026-09-30 09:47:23.361,PHARMA,129.49,203,26286.47,-0.33,0,normal
TRD-100323,2026-09-30 09:47:29.737,AUTO,77.41,503,38937.23,-0.081,0,normal
TRD-100324,2026-09-30 09:47:30.924,ENERGY,92.72,133,12331.76,-0.117,0,normal
TRD-100325,2026-09-30 09:47:32.925,TECH,188.53,119,22435.07,-0.234,0,normal
TRD-100326,2026-09-30 09:47:36.541,PHARMA,129.48,104,13465.92,-0.037,0,normal
TRD-100327,2026-09-30 09:47:38.116,BANK,37.47,396,14838.12,-0.055,0,normal
TRD-100328,2026-09-30 09:47:38.318,BANK,37.44,718,26881.92,-0.16,0,normal
TRD-100329,2026-09-30 09:47:40.113,TECH,188.57,192,36205.44,0.246,0,normal
TRD-100330,2026-09-30 09:47:43.445,TECH,188.61,298,56205.78,0.267,0,normal
TRD-100331,2026-09-30 09:47:46.692,PHARMA,129.42,169,21871.98,-0.404,0,normal
TRD-100332,2026-09-30 09:47:48.180,AUTO,77.42,251,19432.42,0.073,0,normal
TRD-100333,2026-09-30 09:47:50.363,ENERGY,92.74,99,9181.26,0.104,0,normal
TRD-100334,2026-09-30 09:47:56.461,BANK,37.43,203,7598.29,-0.105,0,normal
TRD-100335,2026-09-30 09:47:58.018,PHARMA,129.39,131,16950.09,-0.178,0,normal
TRD-100336,2026-09-30 09:48:06.939,TECH,188.62,119,22445.78,0.057,0,normal
TRD-100337,2026-09-30 09:48:16.334,TECH,188.67,147,27734.49,0.33,0,normal
TRD-100338,2026-09-30 09:48:18.967,BANK,37.43,561,20998.23,-0.001,0,normal
TRD-100339,2026-09-30 09:48:19.003,BANK,37.42,370,13845.4,-0.021,0,normal
TRD-100340,2026-09-30 09:48:21.232,TECH,188.67,2637,497522.79,2.907,1,multivariate_break
TRD-100341,2026-09-30 09:48:24.402,PHARMA,129.45,63,8155.35,0.404,0,normal
TRD-100342,2026-09-30 09:48:38.083,BANK,37.42,424,15866.08,-0.025,0,normal
TRD-100343,2026-09-30 09:48:46.542,ENERGY,92.7,137,12699.9,-0.21,0,normal
TRD-100344,2026-09-30 09:48:47.552,PHARMA,129.47,132,17090.04,0.086,0,normal
TRD-100345,2026-09-30 09:48:48.161,TECH,188.61,127,23953.47,-0.413,0,normal
TRD-100346,2026-09-30 09:48:51.687,AUTO,77.46,109,8443.14,0.262,0,normal
TRD-100347,2026-09-30 09:48:54.063,TECH,188.67,150,28300.5,0.445,0,normal
TRD-100348,2026-09-30 09:48:59.459,PHARMA,129.49,69,8934.81,0.125,0,normal
TRD-100349,2026-09-30 09:49:01.131,ENERGY,92.68,82,7599.76,-0.174,0,normal
TRD-100350,2026-09-30 09:49:06.708,BANK,37.43,198,7411.14,0.045,0,normal
TRD-100351,2026-09-30 09:49:10.072,TECH,188.64,100,18864.0,-0.194,0,normal
TRD-100352,2026-09-30 09:49:11.769,TECH,188.73,101,19061.73,0.545,0,normal
TRD-100353,2026-09-30 09:49:13.491,AUTO,77.48,173,13404.04,0.108,0,normal
TRD-100354,2026-09-30 09:49:13.830,BANK,37.42,681,25483.02,-0.042,0,normal
TRD-100355,2026-09-30 09:49:20.778,PHARMA,129.36,386,49932.96,-0.825,0,normal
TRD-100356,2026-09-30 09:49:20.976,ENERGY,92.72,142,13166.24,0.261,0,normal
TRD-100357,2026-09-30 09:49:24.875,TECH,188.66,199,37543.34,-0.457,0,normal
TRD-100358,2026-09-30 09:49:26.727,BANK,37.44,910,34070.4,0.146,0,normal
TRD-100359,2026-09-30 09:49:29.509,TECH,188.69,64,12076.16,0.237,0,normal
TRD-100360,2026-09-30 09:49:34.103,TECH,188.66,133,25091.78,-0.211,0,normal
TRD-100361,2026-09-30 09:49:35.288,BANK,37.43,595,22270.85,-0.102,0,normal
TRD-100362,2026-09-30 09:49:35.686,TECH,188.28,5700,1073196.0,0.08,1,volume_spike
TRD-100363,2026-09-30 09:49:37.556,BANK,37.43,2587,96831.41,3.158,1,multivariate_break
TRD-100364,2026-09-30 09:49:38.178,BANK,37.4,176,6582.4,-0.207,0,normal
TRD-100365,2026-09-30 09:49:39.752,ENERGY,92.7,117,10845.9,-0.11,0,normal
TRD-100366,2026-09-30 09:49:41.874,ENERGY,92.66,263,24369.58,-0.278,0,normal
TRD-100367,2026-09-30 09:49:43.410,TECH,188.52,138,26015.76,-0.935,0,normal
TRD-100368,2026-09-30 09:49:44.565,TECH,188.51,189,35628.39,-0.054,0,normal
TRD-100369,2026-09-30 09:49:56.567,BANK,37.39,306,11441.34,-0.032,0,normal
TRD-100370,2026-09-30 09:49:56.914,TECH,188.56,36,6788.16,0.331,0,normal
TRD-100371,2026-09-30 09:49:57.272,TECH,188.49,160,30158.4,-0.517,0,normal
TRD-100372,2026-09-30 09:49:58.648,BANK,37.39,856,32005.84,0.016,0,normal
TRD-100373,2026-09-30 09:49:59.564,TECH,188.53,116,21869.48,0.286,0,normal
TRD-100374,2026-09-30 09:50:00.276,TECH,188.48,146,27518.08,-0.357,0,normal
TRD-100375,2026-09-30 09:50:03.364,TECH,188.5,448,84448.0,0.152,0,normal
TRD-100376,2026-09-30 09:50:04.602,TECH,188.66,420,79237.2,1.101,0,normal
TRD-100377,2026-09-30 09:50:08.782,AUTO,77.48,2204,170765.92,2.452,1,multivariate_break
TRD-100378,2026-09-30 09:50:09.048,PHARMA,129.37,132,17076.84,0.065,0,normal
TRD-100379,2026-09-30 09:50:09.352,BANK,37.4,417,15595.8,0.037,0,normal
TRD-100380,2026-09-30 09:50:12.670,AUTO,77.51,388,30073.88,0.249,0,normal
TRD-100381,2026-09-30 09:50:12.957,AUTO,77.56,129,10005.24,0.313,0,normal
TRD-100382,2026-09-30 09:50:15.783,PHARMA,129.39,146,18890.94,0.118,0,normal
TRD-100383,2026-09-30 09:50:16.006,TECH,188.62,147,27727.14,-0.31,0,normal
TRD-100384,2026-09-30 09:50:16.128,TECH,188.59,146,27534.14,-0.163,0,normal
TRD-100385,2026-09-30 09:50:16.550,BANK,37.4,376,14062.4,-0.005,0,normal
TRD-100386,2026-09-30 09:50:17.355,BANK,37.41,503,18817.23,0.092,0,normal
TRD-100387,2026-09-30 09:50:18.494,TECH,188.43,151,28452.93,-1.111,0,normal
TRD-100388,2026-09-30 09:50:22.834,AUTO,77.57,149,11557.93,0.05,0,normal
TRD-100389,2026-09-30 09:50:23.331,AUTO,77.58,93,7214.94,0.049,0,normal
TRD-100390,2026-09-30 09:50:24.588,TECH,188.44,97,18278.68,0.081,0,normal
TRD-100391,2026-09-30 09:50:24.923,PHARMA,129.36,80,10348.8,-0.193,0,normal
TRD-100392,2026-09-30 09:50:25.107,TECH,188.4,77,14506.8,-0.22,0,normal
TRD-100393,2026-09-30 09:50:33.409,AUTO,77.58,374,29014.92,0.012,0,normal
TRD-100394,2026-09-30 09:50:34.208,TECH,188.51,313,59003.63,0.696,0,normal
TRD-100395,2026-09-30 09:50:34.707,ENERGY,92.58,396,36661.68,-0.546,0,normal
TRD-100396,2026-09-30 09:50:36.125,ENERGY,92.59,342,31665.78,0.064,0,normal
TRD-100397,2026-09-30 09:50:36.144,AUTO,77.61,389,30190.29,0.226,0,normal
TRD-100398,2026-09-30 09:50:38.700,BANK,37.45,795,29772.75,0.223,0,normal
TRD-100399,2026-09-30 09:50:48.343,TECH,188.57,122,23005.54,0.431,0,normal
TRD-100400,2026-09-30 09:50:53.691,AUTO,77.62,193,14980.66,0.045,0,normal
TRD-100401,2026-09-30 09:50:55.054,PHARMA,129.3,145,18748.5,-0.407,0,normal
TRD-100402,2026-09-30 09:50:59.634,PHARMA,129.29,208,26892.32,-0.09,0,normal
TRD-100403,2026-09-30 09:51:11.369,TECH,188.67,127,23961.09,0.66,0,normal
TRD-100404,2026-09-30 09:51:15.517,TECH,188.53,234,44116.02,-0.947,0,normal
TRD-100405,2026-09-30 09:51:16.830,PHARMA,129.34,41,5302.94,0.33,0,normal
TRD-100406,2026-09-30 09:51:17.881,PHARMA,129.29,91,11765.39,-0.299,0,normal
TRD-100407,2026-09-30 09:51:18.445,ENERGY,92.62,149,13800.38,0.197,0,normal
TRD-100408,2026-09-30 09:51:20.745,TECH,188.62,215,40553.3,0.619,0,normal
TRD-100409,2026-09-30 09:51:21.032,TECH,188.64,149,28107.36,0.117,0,normal
TRD-100410,2026-09-30 09:51:21.422,BANK,37.44,341,12767.04,-0.055,0,normal
TRD-100411,2026-09-30 09:51:26.211,BANK,37.35,6332,236500.2,-0.159,1,volume_spike
TRD-100412,2026-09-30 09:51:29.375,TECH,188.64,84,15845.76,-0.017,0,normal
TRD-100413,2026-09-30 09:51:35.419,ENERGY,92.65,218,20197.7,0.234,0,normal
TRD-100414,2026-09-30 09:51:41.169,AUTO,77.65,434,33700.1,0.219,0,normal
TRD-100415,2026-09-30 09:51:44.335,BANK,37.43,390,14597.7,-0.055,0,normal
TRD-100416,2026-09-30 09:51:48.676,ENERGY,92.62,307,28434.34,-0.18,0,normal
TRD-100417,2026-09-30 09:51:54.520,ENERGY,92.65,275,25478.75,0.178,0,normal
TRD-100418,2026-09-30 09:51:55.405,TECH,188.74,181,34161.94,0.661,0,normal
TRD-100419,2026-09-30 09:51:55.648,TECH,188.7,205,38683.5,-0.231,0,normal
TRD-100420,2026-09-30 09:51:57.496,TECH,188.82,149,28134.18,0.747,0,normal
TRD-100421,2026-09-30 09:51:59.186,TECH,188.79,132,24920.28,-0.184,0,normal
TRD-100422,2026-09-30 09:52:04.104,TECH,188.76,84,15855.84,-0.183,0,normal
TRD-100423,2026-09-30 09:52:05.038,AUTO,77.69,183,14217.27,0.295,0,normal
TRD-100424,2026-09-30 09:52:06.322,AUTO,77.73,603,46871.19,0.235,0,normal
TRD-100425,2026-09-30 09:52:11.024,PHARMA,129.28,267,34517.76,-0.06,0,normal
TRD-100426,2026-09-30 09:52:13.302,BANK,37.42,270,10103.4,-0.096,0,normal
TRD-100427,2026-09-30 09:52:13.855,TECH,188.72,100,18872.0,-0.276,0,normal
TRD-100428,2026-09-30 09:52:14.429,PHARMA,129.29,163,21074.27,0.061,0,normal
TRD-100429,2026-09-30 09:52:15.080,BANK,37.38,269,10055.22,-0.236,0,normal
TRD-100430,2026-09-30 09:52:15.832,TECH,188.71,96,18116.16,-0.086,0,normal
TRD-100431,2026-09-30 09:52:16.118,TECH,188.66,149,28110.34,-0.319,0,normal
TRD-100432,2026-09-30 09:52:22.969,BANK,37.37,170,6352.9,-0.102,0,normal
TRD-100433,2026-09-30 09:52:26.874,TECH,188.76,8715,1645043.4,-0.234,1,volume_spike
TRD-100434,2026-09-30 09:52:28.953,TECH,188.69,674,127177.06,0.186,0,normal
TRD-100435,2026-09-30 09:52:30.932,PHARMA,129.27,107,13831.89,-0.151,0,normal
TRD-100436,2026-09-30 09:52:32.065,ENERGY,92.63,429,39738.27,-0.12,0,normal
TRD-100437,2026-09-30 09:52:33.518,PHARMA,129.29,126,16290.54,0.116,0,normal
TRD-100438,2026-09-30 09:52:33.560,BANK,37.37,319,11921.03,0.014,0,normal
TRD-100439,2026-09-30 09:52:39.156,BANK,37.34,343,12807.62,-0.164,0,normal
TRD-100440,2026-09-30 09:52:39.351,AUTO,77.69,252,19577.88,-0.284,0,normal
TRD-100441,2026-09-30 09:52:41.032,BANK,32.81,1,32.81,-4.536,1,liquidity_vacuum
TRD-100442,2026-09-30 09:52:42.765,AUTO,77.64,128,9937.92,-0.285,0,normal
TRD-100443,2026-09-30 09:52:47.916,TECH,188.69,642,121138.98,0.025,0,normal
TRD-100444,2026-09-30 09:52:50.091,BANK,37.34,263,9820.42,-0.009,0,normal
TRD-100445,2026-09-30 09:52:50.428,TECH,188.7,403,76046.1,0.052,0,normal
TRD-100446,2026-09-30 09:53:12.877,TECH,188.7,140,26418.0,0.039,0,normal
TRD-100447,2026-09-30 09:53:14.338,ENERGY,92.7,65,6025.5,0.442,0,normal
TRD-100448,2026-09-30 09:53:15.045,ENERGY,92.65,268,24830.2,-0.335,0,normal
TRD-100449,2026-09-30 09:53:18.437,AUTO,77.69,334,25948.46,0.278,0,normal
TRD-100450,2026-09-30 09:53:22.673,AUTO,77.69,310,24083.9,0.011,0,normal
TRD-100451,2026-09-30 09:53:27.330,AUTO,77.68,140,10875.2,-0.048,0,normal
TRD-100452,2026-09-30 09:53:29.310,ENERGY,92.62,211,19542.82,-0.215,0,normal
TRD-100453,2026-09-30 09:53:30.256,PHARMA,129.34,98,12675.32,0.372,0,normal
TRD-100454,2026-09-30 09:53:32.238,BANK,37.32,697,26012.04,-0.155,0,normal
TRD-100455,2026-09-30 09:53:39.983,BANK,37.3,307,11451.1,-0.133,0,normal
TRD-100456,2026-09-30 09:53:45.189,ENERGY,92.58,79,7313.82,-0.277,0,normal
TRD-100457,2026-09-30 09:53:49.224,PHARMA,129.47,140,18125.8,0.869,0,normal
TRD-100458,2026-09-30 09:53:55.581,PHARMA,129.49,157,20329.93,0.134,0,normal
TRD-100459,2026-09-30 09:53:57.843,BANK,37.28,266,9916.48,-0.142,0,normal
TRD-100460,2026-09-30 09:54:01.626,TECH,188.75,273,51528.75,0.298,0,normal
TRD-100461,2026-09-30 09:54:06.317,PHARMA,129.46,246,31847.16,-0.206,0,normal
TRD-100462,2026-09-30 09:54:09.548,TECH,188.75,2942,555302.5,-2.237,1,multivariate_break
TRD-100463,2026-09-30 09:54:11.660,PHARMA,129.4,200,25880.0,-0.387,0,normal
TRD-100464,2026-09-30 09:54:11.769,PHARMA,129.39,278,35970.42,-0.086,0,normal
TRD-100465,2026-09-30 09:54:15.555,BANK,37.26,239,8905.14,-0.1,0,normal
TRD-100466,2026-09-30 09:54:17.190,TECH,188.73,183,34537.59,-0.097,0,normal
TRD-100467,2026-09-30 09:54:17.628,BANK,37.26,236,8793.36,-0.019,0,normal
TRD-100468,2026-09-30 09:54:20.021,TECH,188.71,240,45290.4,-0.159,0,normal
TRD-100469,2026-09-30 09:54:20.893,BANK,37.27,479,17852.33,0.046,0,normal
TRD-100470,2026-09-30 09:54:21.507,TECH,188.72,147,27741.84,0.065,0,normal
TRD-100471,2026-09-30 09:54:23.115,BANK,37.26,812,30255.12,-0.038,0,normal
TRD-100472,2026-09-30 09:54:24.017,BANK,37.29,293,10925.97,0.194,0,normal
TRD-100473,2026-09-30 09:54:26.084,PHARMA,129.39,112,14491.68,0.01,0,normal
TRD-100474,2026-09-30 09:54:26.937,TECH,188.77,171,32279.67,0.354,0,normal
TRD-100475,2026-09-30 09:54:32.034,BANK,37.29,489,18234.81,0.022,0,normal
TRD-100476,2026-09-30 09:54:40.129,PHARMA,129.38,184,23805.92,-0.111,0,normal
TRD-100477,2026-09-30 09:54:42.974,TECH,188.71,146,27551.66,-0.404,0,normal
TRD-100478,2026-09-30 09:54:47.265,BANK,37.3,342,12756.6,0.072,0,normal
TRD-100479,2026-09-30 09:54:48.273,BANK,37.3,423,15777.9,-0.032,0,normal
TRD-100480,2026-09-30 09:54:49.197,BANK,37.28,139,5181.92,-0.132,0,normal
TRD-100481,2026-09-30 09:54:52.792,BANK,37.28,706,26319.68,-0.022,0,normal
TRD-100482,2026-09-30 09:54:57.748,BANK,37.3,337,12570.1,0.186,0,normal
TRD-100483,2026-09-30 09:54:59.816,TECH,188.64,249,46971.36,-0.485,0,normal
TRD-100484,2026-09-30 09:55:02.489,ENERGY,92.53,102,9438.06,-0.298,0,normal
TRD-100485,2026-09-30 09:55:17.574,AUTO,77.66,137,10639.42,-0.116,0,normal
TRD-100486,2026-09-30 09:55:18.643,BANK,37.31,105,3917.55,0.044,0,normal
TRD-100487,2026-09-30 09:55:22.207,AUTO,77.72,347,26968.84,0.383,0,normal
TRD-100488,2026-09-30 09:55:25.787,TECH,188.66,136,25657.76,0.122,0,normal
TRD-100489,2026-09-30 09:55:27.476,ENERGY,92.51,87,8048.37,-0.144,0,normal
TRD-100490,2026-09-30 09:55:29.338,BANK,37.35,444,16583.4,0.249,0,normal
TRD-100491,2026-09-30 09:55:29.568,TECH,188.65,192,36220.8,-0.085,0,normal
TRD-100492,2026-09-30 09:55:35.057,BANK,37.34,703,26250.02,-0.023,0,normal
TRD-100493,2026-09-30 09:55:35.650,TECH,188.62,393,74127.66,-0.163,0,normal
TRD-100494,2026-09-30 09:55:37.259,TECH,188.62,264,49795.68,0.018,0,normal
TRD-100495,2026-09-30 09:55:37.582,ENERGY,92.46,101,9338.46,-0.32,0,normal
TRD-100496,2026-09-30 09:55:40.418,PHARMA,129.33,166,21468.78,-0.32,0,normal
TRD-100497,2026-09-30 09:55:44.630,TECH,188.59,177,33380.43,-0.207,0,normal
TRD-100498,2026-09-30 09:55:45.694,BANK,37.37,279,10426.23,0.17,0,normal
TRD-100499,2026-09-30 09:55:48.265,BANK,37.35,386,14417.1,-0.098,0,normal
TRD-100500,2026-09-30 09:55:53.885,ENERGY,92.43,950,87808.5,-0.194,0,normal
TRD-100501,2026-09-30 09:55:54.785,ENERGY,92.41,138,12752.58,-0.119,0,normal
TRD-100502,2026-09-30 09:55:55.241,TECH,188.64,117,22070.88,0.316,0,normal
TRD-100503,2026-09-30 09:55:56.012,ENERGY,92.44,399,36883.56,0.148,0,normal
TRD-100504,2026-09-30 09:55:57.614,BANK,37.34,815,30432.1,-0.097,0,normal
TRD-100505,2026-09-30 09:55:59.657,ENERGY,92.48,358,33107.84,0.296,0,normal
TRD-100506,2026-09-30 09:55:59.840,BANK,37.33,460,17171.8,-0.038,0,normal
TRD-100507,2026-09-30 09:56:07.182,BANK,37.33,813,30349.29,-0.005,0,normal
TRD-100508,2026-09-30 09:56:07.591,PHARMA,129.28,72,9308.16,-0.346,0,normal
TRD-100509,2026-09-30 09:56:08.186,PHARMA,129.33,32,4138.56,0.369,0,normal
TRD-100510,2026-09-30 09:56:09.589,BANK,37.36,7483,279564.88,-0.058,1,volume_spike
TRD-100511,2026-09-30 09:56:13.279,TECH,188.68,492,92830.56,0.286,0,normal
TRD-100512,2026-09-30 09:56:13.788,TECH,188.6,188,35456.8,-0.575,0,normal
TRD-100513,2026-09-30 09:56:14.459,ENERGY,92.44,128,11832.32,-0.274,0,normal
TRD-100514,2026-09-30 09:56:16.004,ENERGY,92.47,170,15719.9,0.222,0,normal
TRD-100515,2026-09-30 09:56:19.559,PHARMA,129.33,437,56517.21,-0.018,0,normal
TRD-100516,2026-09-30 09:56:21.951,AUTO,77.67,148,11495.16,-0.334,0,normal
TRD-100517,2026-09-30 09:56:22.133,PHARMA,129.31,102,13189.62,-0.09,0,normal
TRD-100518,2026-09-30 09:56:23.439,PHARMA,129.32,126,16294.32,0.004,0,normal
TRD-100519,2026-09-30 09:56:27.387,BANK,37.3,262,9772.6,-0.217,0,normal
TRD-100520,2026-09-30 09:56:31.439,PHARMA,129.31,60,7758.6,-0.022,0,normal
TRD-100521,2026-09-30 09:56:32.073,BANK,37.29,264,9844.56,-0.055,0,normal
TRD-100522,2026-09-30 09:56:35.232,PHARMA,129.3,198,25601.4,-0.093,0,normal
TRD-100523,2026-09-30 09:56:35.566,PHARMA,129.32,81,10474.92,0.151,0,normal
TRD-100524,2026-09-30 09:56:39.464,TECH,188.67,211,39809.37,0.515,0,normal
TRD-100525,2026-09-30 09:56:41.512,TECH,188.65,169,31881.85,-0.177,0,normal
TRD-100526,2026-09-30 09:56:41.740,AUTO,77.67,1954,151767.18,3.106,1,multivariate_break
TRD-100527,2026-09-30 09:56:41.934,TECH,188.65,149,28108.85,0.045,0,normal
TRD-100528,2026-09-30 09:56:47.900,ENERGY,92.51,165,15264.15,0.273,0,normal
TRD-100529,2026-09-30 09:56:48.841,ENERGY,92.46,304,28107.84,-0.353,0,normal
TRD-100530,2026-09-30 09:56:53.617,TECH,188.67,91,17168.97,0.096,0,normal
TRD-100531,2026-09-30 09:56:54.777,AUTO,77.63,108,8384.04,-0.289,0,normal
TRD-100532,2026-09-30 09:56:55.464,AUTO,77.58,153,11869.74,-0.286,0,normal
TRD-100533,2026-09-30 09:56:55.674,BANK,37.31,485,18095.35,0.148,0,normal
TRD-100534,2026-09-30 09:57:03.054,BANK,37.3,330,12309.0,-0.086,0,normal
TRD-100535,2026-09-30 09:57:03.821,PHARMA,129.3,328,42410.4,-0.127,0,normal
TRD-100536,2026-09-30 09:57:04.517,PHARMA,129.25,71,9176.75,-0.341,0,normal
TRD-100537,2026-09-30 09:57:09.602,AUTO,77.61,122,9468.42,0.189,0,normal
TRD-100538,2026-09-30 09:57:19.607,TECH,188.67,105,19810.35,0.03,0,normal
TRD-100539,2026-09-30 09:57:20.530,AUTO,77.58,250,19395.0,-0.228,0,normal
TRD-100540,2026-09-30 09:57:28.779,TECH,188.68,393,74151.24,0.038,0,normal
TRD-100541,2026-09-30 09:57:29.511,TECH,188.67,108,20376.36,-0.056,0,normal
TRD-100542,2026-09-30 09:57:30.533,BANK,37.31,394,14700.14,0.071,0,normal
TRD-100543,2026-09-30 09:57:30.871,TECH,188.69,335,63211.15,0.108,0,normal
TRD-100544,2026-09-30 09:57:31.308,BANK,37.33,345,12878.85,0.13,0,normal
TRD-100545,2026-09-30 09:57:34.300,TECH,188.68,166,31320.88,-0.05,0,normal
TRD-100546,2026-09-30 09:57:39.813,ENERGY,92.46,484,44750.64,-0.004,0,normal
TRD-100547,2026-09-30 09:57:41.579,TECH,188.67,187,35281.29,-0.068,0,normal
TRD-100548,2026-09-30 09:57:42.216,AUTO,77.59,212,16449.08,0.06,0,normal
TRD-100549,2026-09-30 09:57:45.042,BANK,37.36,444,16587.84,0.212,0,normal
TRD-100550,2026-09-30 09:57:45.103,BANK,37.37,151,5642.87,0.025,0,normal
TRD-100551,2026-09-30 09:57:45.814,PHARMA,129.25,2519,325580.75,3.169,1,multivariate_break
TRD-100552,2026-09-30 09:57:47.407,ENERGY,92.51,317,29325.67,0.311,0,normal
TRD-100553,2026-09-30 09:57:58.058,PHARMA,129.19,370,47800.3,-0.393,0,normal
TRD-100554,2026-09-30 09:57:58.607,TECH,188.7,165,31135.5,0.202,0,normal
TRD-100555,2026-09-30 09:57:59.553,PHARMA,129.3,403,52107.9,0.736,0,normal
TRD-100556,2026-09-30 09:58:02.617,TECH,188.79,146,27563.34,0.622,0,normal
TRD-100557,2026-09-30 09:58:06.773,BANK,37.37,166,6203.42,0.021,0,normal
TRD-100558,2026-09-30 09:58:09.442,TECH,188.79,214,40401.06,-0.026,0,normal
TRD-100559,2026-09-30 09:58:09.788,PHARMA,129.28,116,14996.48,-0.182,0,normal
TRD-100560,2026-09-30 09:58:12.205,AUTO,77.6,487,37791.2,0.069,0,normal
TRD-100561,2026-09-30 09:58:15.257,TECH,188.79,142,26808.18,0.038,0,normal
TRD-100562,2026-09-30 09:58:17.022,TECH,188.86,95,17941.7,0.453,0,normal
TRD-100563,2026-09-30 09:58:18.250,TECH,188.85,243,45890.55,-0.097,0,normal
TRD-100564,2026-09-30 09:58:20.374,ENERGY,92.51,86,7955.86,-0.002,0,normal
TRD-100565,2026-09-30 09:58:21.997,ENERGY,92.53,272,25168.16,0.13,0,normal
TRD-100566,2026-09-30 09:58:22.028,ENERGY,92.52,88,8141.76,-0.023,0,normal
TRD-100567,2026-09-30 09:58:22.654,BANK,37.36,495,18493.2,-0.04,0,normal
TRD-100568,2026-09-30 09:58:25.823,PHARMA,129.36,117,15135.12,0.548,0,normal
TRD-100569,2026-09-30 09:58:25.902,TECH,188.93,122,23049.46,0.57,0,normal
TRD-100570,2026-09-30 09:58:30.108,BANK,37.37,396,14798.52,0.015,0,normal
TRD-100571,2026-09-30 09:58:30.191,AUTO,77.61,334,25921.74,0.065,0,normal
TRD-100572,2026-09-30 09:58:32.784,AUTO,77.59,100,7759.0,-0.119,0,normal
TRD-100573,2026-09-30 09:58:36.719,AUTO,77.58,320,24825.6,-0.065,0,normal
TRD-100574,2026-09-30 09:58:39.823,TECH,188.9,195,36835.5,-0.238,0,normal
TRD-100575,2026-09-30 09:58:46.839,AUTO,77.55,463,35905.65,-0.194,0,normal
TRD-100576,2026-09-30 09:58:52.644,PHARMA,129.45,162,20970.9,0.622,0,normal
TRD-100577,2026-09-30 09:58:53.352,TECH,188.95,157,29665.15,0.372,0,normal
TRD-100578,2026-09-30 09:58:54.066,TECH,188.87,106,20020.22,-0.555,0,normal
TRD-100579,2026-09-30 09:59:01.624,TECH,188.82,117,22091.94,-0.342,0,normal
TRD-100580,2026-09-30 09:59:04.485,PHARMA,129.41,296,38305.36,-0.24,0,normal
TRD-100581,2026-09-30 09:59:12.562,ENERGY,92.52,158,14618.16,0.006,0,normal
TRD-100582,2026-09-30 09:59:18.224,TECH,188.85,137,25872.45,0.182,0,normal
TRD-100583,2026-09-30 09:59:18.345,BANK,37.34,624,23300.16,-0.205,0,normal
TRD-100584,2026-09-30 09:59:21.521,TECH,188.8,178,33606.4,-0.303,0,normal
TRD-100585,2026-09-30 09:59:24.644,ENERGY,92.49,139,12856.11,-0.22,0,normal
TRD-100586,2026-09-30 09:59:27.333,TECH,188.76,191,36053.16,-0.267,0,normal
TRD-100587,2026-09-30 09:59:28.656,BANK,37.32,142,5299.44,-0.121,0,normal
TRD-100588,2026-09-30 09:59:29.157,AUTO,77.55,330,25591.5,-0.037,0,normal
TRD-100589,2026-09-30 09:59:31.373,TECH,188.7,134,25285.8,-0.383,0,normal
TRD-100590,2026-09-30 09:59:35.201,AUTO,77.49,267,20689.83,-0.348,0,normal
TRD-100591,2026-09-30 09:59:41.462,AUTO,77.51,195,15114.45,0.086,0,normal
TRD-100592,2026-09-30 09:59:43.997,BANK,37.31,537,20035.47,-0.084,0,normal
TRD-100593,2026-09-30 09:59:56.138,AUTO,77.51,71,5503.21,0.021,0,normal
TRD-100594,2026-09-30 09:59:57.191,AUTO,77.56,601,46613.56,0.314,0,normal
TRD-100595,2026-09-30 09:59:58.572,TECH,188.73,76,14343.48,0.155,0,normal
TRD-100596,2026-09-30 10:00:00.704,TECH,188.68,119,22452.92,-0.285,0,normal
TRD-100597,2026-09-30 10:00:01.078,TECH,188.81,319,60230.39,0.842,0,normal
TRD-100598,2026-09-30 10:00:01.137,PHARMA,129.44,144,18639.36,0.191,0,normal
TRD-100599,2026-09-30 10:00:01.319,AUTO,77.53,468,36284.04,-0.211,0,normal
TRD-100600,2026-09-30 10:00:01.329,TECH,188.81,2081,392913.61,-3.142,1,multivariate_break
TRD-100601,2026-09-30 10:00:03.163,ENERGY,92.58,224,20737.92,0.579,0,normal
TRD-100602,2026-09-30 10:00:06.188,BANK,37.3,333,12420.9,-0.06,0,normal
TRD-100603,2026-09-30 10:00:13.116,BANK,37.28,938,34968.64,-0.097,0,normal
TRD-100604,2026-09-30 10:00:16.994,PHARMA,129.41,129,16693.89,-0.236,0,normal
TRD-100605,2026-09-30 10:00:18.470,ENERGY,92.53,305,28221.65,-0.285,0,normal
TRD-100606,2026-09-30 10:00:18.990,BANK,37.29,323,12044.67,0.076,0,normal
TRD-100607,2026-09-30 10:00:21.842,AUTO,77.53,111,8605.83,0.002,0,normal
TRD-100608,2026-09-30 10:00:22.368,ENERGY,92.57,257,23790.49,0.231,0,normal
TRD-100609,2026-09-30 10:00:25.056,TECH,188.83,230,43430.9,0.104,0,normal
TRD-100610,2026-09-30 10:00:33.114,ENERGY,92.6,168,15556.8,0.198,0,normal
TRD-100611,2026-09-30 10:00:35.866,AUTO,77.51,377,29221.27,-0.078,0,normal
TRD-100612,2026-09-30 10:00:35.879,TECH,188.8,60,11328.0,-0.186,0,normal
TRD-100613,2026-09-30 10:00:37.130,BANK,37.35,514,19197.9,0.359,0,normal
TRD-100614,2026-09-30 10:00:37.748,ENERGY,92.58,120,11109.6,-0.129,0,normal
TRD-100615,2026-09-30 10:00:38.736,PHARMA,129.49,360,46616.4,0.57,0,normal
TRD-100616,2026-09-30 10:00:39.865,BANK,37.32,395,14741.4,-0.166,0,normal
TRD-100617,2026-09-30 10:00:41.525,AUTO,77.48,183,14178.84,-0.218,0,normal
TRD-100618,2026-09-30 10:00:47.182,ENERGY,92.64,161,14915.04,0.405,0,normal
TRD-100619,2026-09-30 10:00:47.878,AUTO,77.51,115,8913.65,0.166,0,normal
TRD-100620,2026-09-30 10:00:54.440,PHARMA,129.52,342,44295.84,0.149,0,normal
TRD-100621,2026-09-30 10:00:55.158,PHARMA,133.39,90,12005.1,3.874,1,price_shock
TRD-100622,2026-09-30 10:00:58.114,AUTO,77.52,397,30775.44,0.088,0,normal
TRD-100623,2026-09-30 10:00:58.413,PHARMA,133.35,355,47339.25,-0.265,0,normal
TRD-100624,2026-09-30 10:01:05.332,TECH,188.7,229,43212.3,-0.669,0,normal
TRD-100625,2026-09-30 10:01:13.483,TECH,188.63,260,49043.8,-0.431,0,normal
TRD-100626,2026-09-30 10:01:14.474,PHARMA,133.42,97,12941.74,0.473,0,normal
TRD-100627,2026-09-30 10:01:14.687,ENERGY,92.66,234,21682.44,0.159,0,normal
TRD-100628,2026-09-30 10:01:16.212,TECH,188.69,98,18491.62,0.377,0,normal
TRD-100629,2026-09-30 10:01:16.370,TECH,188.72,106,20004.32,0.205,0,normal
TRD-100630,2026-09-30 10:01:17.469,TECH,188.83,144,27191.52,0.722,0,normal
TRD-100631,2026-09-30 10:01:25.591,ENERGY,92.74,131,12148.94,0.534,0,normal
TRD-100632,2026-09-30 10:01:26.075,BANK,37.34,322,12023.48,0.131,0,normal
TRD-100633,2026-09-30 10:01:26.400,TECH,188.88,65,12277.2,0.381,0,normal
TRD-100634,2026-09-30 10:01:33.511,TECH,188.92,271,51197.32,0.219,0,normal
TRD-100635,2026-09-30 10:01:36.481,AUTO,77.45,195,15102.75,-0.455,0,normal
TRD-100636,2026-09-30 10:01:38.890,BANK,37.33,351,13102.83,-0.098,0,normal
TRD-100637,2026-09-30 10:01:40.773,AUTO,77.41,153,11843.73,-0.241,0,normal
TRD-100638,2026-09-30 10:01:43.561,TECH,188.97,201,37982.97,0.369,0,normal
TRD-100639,2026-09-30 10:01:45.864,BANK,37.31,380,14177.8,-0.126,0,normal
TRD-100640,2026-09-30 10:01:46.489,BANK,37.34,712,26586.08,0.235,0,normal
TRD-100641,2026-09-30 10:01:48.853,BANK,37.35,251,9374.85,0.026,0,normal
TRD-100642,2026-09-30 10:01:49.410,BANK,37.35,276,10308.6,0.048,0,normal
TRD-100643,2026-09-30 10:01:50.141,TECH,188.92,187,35328.04,-0.378,0,normal
TRD-100644,2026-09-30 10:01:52.373,BANK,37.32,1043,38924.76,-0.222,0,normal
TRD-100645,2026-09-30 10:01:53.161,TECH,188.76,82,15478.32,-1.03,0,normal
TRD-100646,2026-09-30 10:01:57.359,TECH,188.75,274,51717.5,-0.052,0,normal
TRD-100647,2026-09-30 10:02:02.817,ENERGY,92.73,135,12518.55,-0.082,0,normal
TRD-100648,2026-09-30 10:02:05.172,TECH,188.71,159,30004.89,-0.324,0,normal
TRD-100649,2026-09-30 10:02:07.716,BANK,37.3,246,9175.8,-0.145,0,normal
TRD-100650,2026-09-30 10:02:12.188,AUTO,77.44,355,27491.2,0.2,0,normal
TRD-100651,2026-09-30 10:02:16.041,BANK,37.32,173,6456.36,0.168,0,normal
TRD-100652,2026-09-30 10:02:17.488,AUTO,77.39,136,10525.04,-0.332,0,normal
TRD-100653,2026-09-30 10:02:20.201,PHARMA,137.61,118,16237.98,4.187,1,price_shock
TRD-100654,2026-09-30 10:02:27.419,PHARMA,137.62,119,16376.78,0.067,0,normal
TRD-100655,2026-09-30 10:02:28.229,TECH,188.67,160,30187.2,-0.238,0,normal
TRD-100656,2026-09-30 10:02:31.069,AUTO,77.36,495,38293.2,-0.254,0,normal
TRD-100657,2026-09-30 10:02:33.059,ENERGY,92.63,160,14820.8,-0.693,0,normal
TRD-100658,2026-09-30 10:02:33.916,BANK,37.33,337,12580.21,0.056,0,normal
TRD-100659,2026-09-30 10:02:34.483,AUTO,77.39,134,10370.26,0.226,0,normal
TRD-100660,2026-09-30 10:02:35.171,BANK,37.33,194,7242.02,-0.008,0,normal
TRD-100661,2026-09-30 10:02:48.099,ENERGY,92.66,168,15566.88,0.238,0,normal
TRD-100662,2026-09-30 10:02:48.587,BANK,37.36,334,12478.24,0.168,0,normal
TRD-100663,2026-09-30 10:02:48.875,ENERGY,92.7,131,12143.7,0.225,0,normal
TRD-100664,2026-09-30 10:02:50.584,AUTO,77.35,248,19182.8,-0.245,0,normal
TRD-100665,2026-09-30 10:02:58.829,TECH,188.58,197,37150.26,-0.625,0,normal
TRD-100666,2026-09-30 10:03:01.707,TECH,188.62,301,56774.62,0.267,0,normal
TRD-100667,2026-09-30 10:03:03.528,TECH,188.63,83,15656.29,0.099,0,normal
TRD-100668,2026-09-30 10:03:04.133,BANK,37.37,481,17974.97,0.061,0,normal
TRD-100669,2026-09-30 10:03:05.202,PHARMA,137.54,253,34797.62,-0.549,0,normal
TRD-100670,2026-09-30 10:03:08.211,AUTO,77.35,191,14773.85,-0.01,0,normal
TRD-100671,2026-09-30 10:03:10.319,TECH,188.65,99,18676.35,0.127,0,normal
TRD-100672,2026-09-30 10:03:11.421,PHARMA,137.55,78,10728.9,0.052,0,normal
TRD-100673,2026-09-30 10:03:17.130,TECH,188.64,218,41123.52,-0.059,0,normal
TRD-100674,2026-09-30 10:03:17.182,PHARMA,137.58,113,15546.54,0.245,0,normal
TRD-100675,2026-09-30 10:03:18.418,TECH,188.59,128,24139.52,-0.317,0,normal
TRD-100676,2026-09-30 10:03:18.430,TECH,188.62,320,60358.4,0.152,0,normal
TRD-100677,2026-09-30 10:03:18.558,BANK,37.37,453,16928.61,-0.004,0,normal
TRD-100678,2026-09-30 10:03:20.899,PHARMA,137.58,135,18573.3,0.008,0,normal
TRD-100679,2026-09-30 10:03:24.403,BANK,37.41,693,25925.13,0.318,0,normal
TRD-100680,2026-09-30 10:03:27.586,BANK,37.41,579,21660.39,-0.024,0,normal
TRD-100681,2026-09-30 10:03:30.303,ENERGY,92.71,261,24197.31,0.063,0,normal
TRD-100682,2026-09-30 10:03:33.152,BANK,37.41,448,16759.68,-0.016,0,normal
TRD-100683,2026-09-30 10:03:35.116,TECH,188.66,68,12828.88,0.294,0,normal
TRD-100684,2026-09-30 10:03:35.492,TECH,188.68,189,35660.52,0.138,0,normal
TRD-100685,2026-09-30 10:03:35.577,AUTO,77.37,199,15396.63,0.115,0,normal
TRD-100686,2026-09-30 10:03:43.105,AUTO,77.37,120,9284.4,-0.001,0,normal
TRD-100687,2026-09-30 10:03:46.902,AUTO,77.34,170,13147.8,-0.176,0,normal
TRD-100688,2026-09-30 10:03:48.933,TECH,188.72,258,48689.76,0.286,0,normal
TRD-100689,2026-09-30 10:03:53.934,BANK,37.42,327,12236.34,0.062,0,normal
TRD-100690,2026-09-30 10:03:55.028,PHARMA,137.61,109,14999.49,0.205,0,normal
TRD-100691,2026-09-30 10:03:55.490,AUTO,77.33,127,9820.91,-0.082,0,normal
TRD-100692,2026-09-30 10:03:56.202,TECH,188.77,78,14724.06,0.298,0,normal
TRD-100693,2026-09-30 10:03:57.970,BANK,37.43,99,3705.57,0.103,0,normal
TRD-100694,2026-09-30 10:04:05.553,TECH,188.74,411,77572.14,-0.217,0,normal
TRD-100695,2026-09-30 10:04:06.248,BANK,37.43,365,13661.95,-0.003,0,normal
TRD-100696,2026-09-30 10:04:10.840,AUTO,77.36,193,14930.48,0.173,0,normal
TRD-100697,2026-09-30 10:04:14.244,ENERGY,92.74,111,10294.14,0.198,0,normal
TRD-100698,2026-09-30 10:04:16.076,TECH,188.73,213,40199.49,-0.035,0,normal
TRD-100699,2026-09-30 10:04:22.345,ENERGY,92.78,90,8350.2,0.264,0,normal
TRD-100700,2026-09-30 10:04:22.528,PHARMA,137.49,10234,1407072.66,0.033,1,volume_spike
TRD-100701,2026-09-30 10:04:28.207,PHARMA,137.63,132,18167.16,0.097,0,normal
TRD-100702,2026-09-30 10:04:28.489,TECH,188.77,116,21897.32,0.266,0,normal
TRD-100703,2026-09-30 10:04:30.724,AUTO,77.38,343,26541.34,0.141,0,normal
TRD-100704,2026-09-30 10:04:32.733,TECH,188.76,217,40960.92,-0.085,0,normal
TRD-100705,2026-09-30 10:04:33.250,AUTO,77.35,282,21812.7,-0.209,0,normal
TRD-100706,2026-09-30 10:04:33.350,PHARMA,137.6,158,21740.8,-0.196,0,normal
TRD-100707,2026-09-30 10:04:35.639,PHARMA,137.59,7592,1044583.28,0.13,1,volume_spike
TRD-100708,2026-09-30 10:04:37.294,ENERGY,92.77,169,15678.13,-0.011,0,normal
TRD-100709,2026-09-30 10:04:42.827,BANK,37.41,176,6584.16,-0.15,0,normal
TRD-100710,2026-09-30 10:04:45.511,TECH,188.76,174,32844.24,-0.019,0,normal
TRD-100711,2026-09-30 10:04:47.798,PHARMA,137.6,184,25318.4,0.019,0,normal
TRD-100712,2026-09-30 10:04:49.374,BANK,37.41,255,9539.55,0.028,0,normal
TRD-100713,2026-09-30 10:04:50.553,TECH,188.68,197,37169.96,-0.517,0,normal
TRD-100714,2026-09-30 10:04:52.217,AUTO,77.44,421,32602.24,0.606,0,normal
TRD-100715,2026-09-30 10:04:53.671,BANK,37.43,956,35783.08,0.091,0,normal
TRD-100716,2026-09-30 10:04:57.862,PHARMA,137.58,242,33294.36,-0.153,0,normal
TRD-100717,2026-09-30 10:04:59.001,ENERGY,92.8,138,12806.4,0.164,0,normal
TRD-100718,2026-09-30 10:05:00.372,TECH,188.76,167,31522.92,0.512,0,normal
TRD-100719,2026-09-30 10:05:03.118,TECH,188.78,316,59654.48,0.153,0,normal
TRD-100720,2026-09-30 10:05:12.780,BANK,37.44,325,12168.0,0.09,0,normal
TRD-100721,2026-09-30 10:05:15.804,TECH,188.84,316,59673.44,0.386,0,normal
TRD-100722,2026-09-30 10:05:22.868,PHARMA,137.61,394,54218.34,0.182,0,normal
TRD-100723,2026-09-30 10:05:27.889,PHARMA,137.63,250,34407.5,0.15,0,normal
TRD-100724,2026-09-30 10:05:34.222,TECH,188.91,83,15679.53,0.507,0,normal
TRD-100725,2026-09-30 10:05:36.108,BANK,37.43,276,10330.68,-0.102,0,normal
TRD-100726,2026-09-30 10:05:37.022,AUTO,77.41,144,11147.04,-0.192,0,normal
TRD-100727,2026-09-30 10:05:37.665,BANK,37.42,796,29786.32,-0.008,0,normal
TRD-100728,2026-09-30 10:05:38.560,TECH,188.91,102,19268.82,-0.001,0,normal
TRD-100729,2026-09-30 10:05:39.274,ENERGY,92.75,292,27083.0,-0.302,0,normal
TRD-100730,2026-09-30 10:05:40.791,BANK,37.42,413,15454.46,-0.033,0,normal
TRD-100731,2026-09-30 10:05:43.020,BANK,37.4,291,10883.4,-0.104,0,normal
TRD-100732,2026-09-30 10:05:54.367,TECH,188.89,184,34755.76,-0.131,0,normal
TRD-100733,2026-09-30 10:06:01.236,TECH,188.87,168,31730.16,-0.13,0,normal
TRD-100734,2026-09-30 10:06:03.318,BANK,37.4,215,8041.0,-0.043,0,normal
TRD-100735,2026-09-30 10:06:07.436,ENERGY,92.72,629,58320.88,-0.225,0,normal
TRD-100736,2026-09-30 10:06:15.980,TECH,188.82,222,41918.04,-0.383,0,normal
TRD-100737,2026-09-30 10:06:16.607,TECH,188.85,207,39091.95,0.225,0,normal
TRD-100738,2026-09-30 10:06:18.604,BANK,37.37,171,6390.27,-0.193,0,normal
TRD-100739,2026-09-30 10:06:28.370,AUTO,77.47,187,14486.89,0.381,0,normal
TRD-100740,2026-09-30 10:06:29.290,AUTO,77.49,293,22704.57,0.179,0,normal
TRD-100741,2026-09-30 10:06:31.989,TECH,188.86,170,32106.2,0.087,0,normal
TRD-100742,2026-09-30 10:06:34.370,PHARMA,137.63,180,24773.4,-0.001,0,normal
TRD-100743,2026-09-30 10:06:36.260,AUTO,77.47,159,12317.73,-0.134,0,normal
TRD-100744,2026-09-30 10:06:37.276,TECH,188.87,234,44195.58,0.081,0,normal
TRD-100745,2026-09-30 10:06:39.177,ENERGY,95.95,5,479.75,3.235,1,liquidity_vacuum
TRD-100746,2026-09-30 10:06:49.402,ENERGY,92.75,232,21518.0,0.195,0,normal
TRD-100747,2026-09-30 10:06:49.965,AUTO,77.49,290,22472.1,0.142,0,normal
TRD-100748,2026-09-30 10:06:52.618,TECH,188.9,373,70459.7,0.191,0,normal
TRD-100749,2026-09-30 10:06:56.890,TECH,188.86,181,34183.66,-0.297,0,normal
TRD-100750,2026-09-30 10:06:59.471,ENERGY,92.77,206,19110.62,0.151,0,normal
TRD-100751,2026-09-30 10:07:01.079,TECH,188.79,234,44176.86,-0.458,0,normal
TRD-100752,2026-09-30 10:07:02.187,AUTO,77.52,373,28914.96,0.192,0,normal
TRD-100753,2026-09-30 10:07:11.445,ENERGY,92.82,109,10117.38,0.325,0,normal
TRD-100754,2026-09-30 10:07:12.343,BANK,37.37,166,6203.42,0.028,0,normal
TRD-100755,2026-09-30 10:07:15.526,BANK,37.39,275,10282.25,0.146,0,normal
TRD-100756,2026-09-30 10:07:19.720,BANK,37.38,765,28595.7,-0.123,0,normal
TRD-100757,2026-09-30 10:07:38.906,PHARMA,137.67,204,28084.68,0.264,0,normal
TRD-100758,2026-09-30 10:07:41.489,ENERGY,92.81,55,5104.55,-0.103,0,normal
TRD-100759,2026-09-30 10:07:42.228,TECH,188.84,120,22660.8,0.338,0,normal
TRD-100760,2026-09-30 10:07:42.652,PHARMA,137.66,420,57817.2,-0.076,0,normal
TRD-100761,2026-09-30 10:07:45.558,TECH,188.83,132,24925.56,-0.055,0,normal
TRD-100762,2026-09-30 10:07:48.996,BANK,37.38,673,25156.74,0.014,0,normal
TRD-100763,2026-09-30 10:07:53.929,TECH,188.87,298,56283.26,0.227,0,normal
TRD-100764,2026-09-30 10:07:58.385,BANK,37.36,355,13262.8,-0.105,0,normal
TRD-100765,2026-09-30 10:07:58.615,AUTO,77.54,190,14732.6,0.091,0,normal
TRD-100766,2026-09-30 10:08:04.074,TECH,188.89,569,107478.41,0.166,0,normal
TRD-100767,2026-09-30 10:08:05.527,AUTO,77.49,148,11468.52,-0.337,0,normal
TRD-100768,2026-09-30 10:08:09.319,TECH,188.94,287,54225.78,0.301,0,normal
TRD-100769,2026-09-30 10:08:13.379,AUTO,77.45,325,25171.25,-0.254,0,normal
TRD-100770,2026-09-30 10:08:14.242,TECH,188.93,386,72926.98,-0.014,0,normal
TRD-100771,2026-09-30 10:08:15.132,TECH,188.99,132,24946.68,0.389,0,normal
TRD-100772,2026-09-30 10:08:22.458,PHARMA,137.66,261,35929.26,0.017,0,normal
TRD-100773,2026-09-30 10:08:23.126,TECH,188.96,254,47995.84,-0.212,0,normal
TRD-100774,2026-09-30 10:08:25.996,TECH,188.97,75,14172.75,0.031,0,normal
TRD-100775,2026-09-30 10:08:40.019,BANK,37.36,182,6799.52,-0.019,0,normal
TRD-100776,2026-09-30 10:08:40.767,PHARMA,137.7,177,24372.9,0.282,0,normal
TRD-100777,2026-09-30 10:08:42.161,TECH,188.98,92,17386.16,0.096,0,normal
TRD-100778,2026-09-30 10:08:46.928,BANK,37.38,487,18204.06,0.133,0,normal
TRD-100779,2026-09-30 10:08:48.175,ENERGY,86.92,146,12690.32,-5.89,1,price_shock
TRD-100780,2026-09-30 10:08:48.211,AUTO,77.44,157,12158.08,-0.066,0,normal
TRD-100781,2026-09-30 10:08:50.165,TECH,188.93,157,29662.01,-0.315,0,normal
TRD-100782,2026-09-30 10:09:03.626,TECH,188.99,434,82021.66,0.394,0,normal
TRD-100783,2026-09-30 10:09:05.746,AUTO,77.41,263,20358.83,-0.157,0,normal
TRD-100784,2026-09-30 10:09:14.507,TECH,188.95,256,48371.2,-0.273,0,normal
TRD-100785,2026-09-30 10:09:14.916,BANK,37.38,444,16596.72,0.011,0,normal
TRD-100786,2026-09-30 10:09:18.205,ENERGY,91.19,2,182.38,4.266,1,liquidity_vacuum
TRD-100787,2026-09-30 10:09:22.887,TECH,188.93,610,115247.3,-0.129,0,normal
TRD-100788,2026-09-30 10:09:24.471,PHARMA,137.74,323,44490.02,0.259,0,normal
TRD-100789,2026-09-30 10:09:26.270,AUTO,77.35,623,48189.05,-0.446,0,normal
TRD-100790,2026-09-30 10:09:27.275,BANK,37.4,88,3291.2,0.131,0,normal
TRD-100791,2026-09-30 10:09:32.125,TECH,188.93,278,52522.54,-0.006,0,normal
TRD-100792,2026-09-30 10:09:33.247,ENERGY,86.99,178,15484.22,0.451,0,normal
TRD-100793,2026-09-30 10:09:34.434,BANK,37.4,1278,47797.2,-0.004,0,normal
TRD-100794,2026-09-30 10:09:41.709,BANK,37.37,338,12631.06,-0.168,0,normal
TRD-100795,2026-09-30 10:09:42.206,ENERGY,87.01,95,8265.95,0.181,0,normal
TRD-100796,2026-09-30 10:09:43.226,TECH,188.98,160,30236.8,0.302,0,normal
TRD-100797,2026-09-30 10:09:43.963,TECH,188.92,251,47418.92,-0.384,0,normal
TRD-100798,2026-09-30 10:09:44.281,BANK,37.42,687,25707.54,0.281,0,normal
TRD-100799,2026-09-30 10:09:44.298,AUTO,77.31,346,26749.26,-0.269,0,normal
TRD-100800,2026-09-30 10:09:54.573,BANK,37.41,454,16984.14,-0.051,0,normal
TRD-100801,2026-09-30 10:09:58.727,TECH,188.89,337,63655.93,-0.181,0,normal
TRD-100802,2026-09-30 10:09:58.873,BANK,37.42,145,5425.9,0.09,0,normal
TRD-100803,2026-09-30 10:10:00.090,AUTO,77.34,202,15622.68,0.21,0,normal
TRD-100804,2026-09-30 10:10:06.516,BANK,37.43,200,7486.0,0.042,0,normal
TRD-100805,2026-09-30 10:10:13.098,BANK,37.43,496,18565.28,-0.019,0,normal
TRD-100806,2026-09-30 10:10:16.401,BANK,37.43,1136,42520.48,0.046,0,normal
TRD-100807,2026-09-30 10:10:20.358,BANK,37.45,278,10411.1,0.081,0,normal
TRD-100808,2026-09-30 10:10:21.316,TECH,188.91,87,16435.17,0.139,0,normal
TRD-100809,2026-09-30 10:10:32.649,TECH,188.91,214,40426.74,-0.008,0,normal
TRD-100810,2026-09-30 10:10:36.140,AUTO,77.32,141,10902.12,-0.1,0,normal
TRD-100811,2026-09-30 10:10:36.165,AUTO,77.37,253,19574.61,0.292,0,normal
TRD-100812,2026-09-30 10:10:38.860,TECH,188.84,305,57596.2,-0.457,0,normal
TRD-100813,2026-09-30 10:10:40.926,AUTO,77.34,254,19644.36,-0.19,0,normal
TRD-100814,2026-09-30 10:10:44.235,AUTO,77.34,185,14307.9,0.0,0,normal
TRD-100815,2026-09-30 10:10:46.887,AUTO,77.36,212,16400.32,0.142,0,normal
TRD-100816,2026-09-30 10:10:49.054,TECH,188.88,173,32676.24,0.25,0,normal
TRD-100817,2026-09-30 10:10:55.366,TECH,188.9,725,136952.5,0.129,0,normal
TRD-100818,2026-09-30 10:11:05.084,TECH,188.84,234,44188.56,-0.36,0,normal
TRD-100819,2026-09-30 10:11:05.539,PHARMA,137.79,280,38581.2,0.319,0,normal
TRD-100820,2026-09-30 10:11:06.201,TECH,188.85,317,59865.45,0.036,0,normal
TRD-100821,2026-09-30 10:11:06.392,ENERGY,87.05,127,11055.35,0.228,0,normal
TRD-100822,2026-09-30 10:11:08.084,AUTO,77.36,162,12532.32,-0.023,0,normal
TRD-100823,2026-09-30 10:11:08.312,TECH,188.78,76,14347.28,-0.448,0,normal
TRD-100824,2026-09-30 10:11:12.218,BANK,37.47,1014,37994.58,0.164,0,normal
TRD-100825,2026-09-30 10:11:12.553,TECH,188.73,136,25667.28,-0.372,0,normal
TRD-100826,2026-09-30 10:11:15.638,AUTO,77.39,419,32426.41,0.205,0,normal
TRD-100827,2026-09-30 10:11:15.837,AUTO,77.39,194,15013.66,0.042,0,normal
TRD-100828,2026-09-30 10:11:17.459,BANK,37.47,339,12702.33,-0.01,0,normal
TRD-100829,2026-09-30 10:11:18.195,BANK,37.5,641,24037.5,0.185,0,normal
TRD-100830,2026-09-30 10:11:23.442,PHARMA,137.76,491,67640.16,-0.169,0,normal
TRD-100831,2026-09-30 10:11:24.152,PHARMA,137.72,332,45723.04,-0.289,0,normal
TRD-100832,2026-09-30 10:11:25.403,PHARMA,137.77,283,38988.91,0.348,0,normal
TRD-100833,2026-09-30 10:11:34.276,PHARMA,137.86,111,15302.46,0.56,0,normal
TRD-100834,2026-09-30 10:11:34.399,ENERGY,87.02,190,16533.8,-0.209,0,normal
TRD-100835,2026-09-30 10:11:34.992,ENERGY,87.01,290,25232.9,-0.063,0,normal
TRD-100836,2026-09-30 10:11:37.056,TECH,188.75,78,14722.5,0.123,0,normal
TRD-100837,2026-09-30 10:11:39.136,PHARMA,137.92,6901,951785.92,-0.097,1,volume_spike
TRD-100838,2026-09-30 10:11:39.611,BANK,37.48,1029,38566.92,-0.102,0,normal
TRD-100839,2026-09-30 10:11:40.920,TECH,188.68,89,16792.52,-0.428,0,normal
TRD-100840,2026-09-30 10:11:43.346,PHARMA,137.85,347,47833.95,-0.055,0,normal
TRD-100841,2026-09-30 10:11:44.481,TECH,188.66,221,41693.86,-0.144,0,normal
TRD-100842,2026-09-30 10:11:47.825,TECH,188.71,151,28495.21,0.306,0,normal
TRD-100843,2026-09-30 10:11:54.342,TECH,188.7,100,18870.0,-0.006,0,normal
TRD-100844,2026-09-30 10:12:04.659,TECH,188.62,598,112794.76,-0.538,0,normal
TRD-100845,2026-09-30 10:12:07.802,BANK,37.47,298,11166.06,-0.05,0,normal
TRD-100846,2026-09-30 10:12:08.242,TECH,188.7,274,51703.8,0.534,0,normal
TRD-100847,2026-09-30 10:12:16.568,BANK,37.49,602,22568.98,0.14,0,normal
TRD-100848,2026-09-30 10:12:23.171,PHARMA,137.86,341,47010.26,0.098,0,normal
TRD-100849,2026-09-30 10:12:30.918,TECH,188.65,100,18865.0,-0.329,0,normal
TRD-100850,2026-09-30 10:12:36.782,AUTO,77.39,204,15787.56,-0.047,0,normal
TRD-100851,2026-09-30 10:12:38.928,ENERGY,86.99,73,6350.27,-0.108,0,normal
TRD-100852,2026-09-30 10:12:41.887,TECH,188.67,378,71317.26,0.103,0,normal
TRD-100853,2026-09-30 10:12:47.827,PHARMA,137.89,159,21924.51,0.198,0,normal
TRD-100854,2026-09-30 10:12:50.796,PHARMA,137.92,171,23584.32,0.196,0,normal
TRD-100855,2026-09-30 10:12:54.414,BANK,37.49,325,12184.25,-0.053,0,normal
TRD-100856,2026-09-30 10:12:55.215,AUTO,77.41,331,25622.71,0.184,0,normal
TRD-100857,2026-09-30 10:13:04.105,TECH,188.6,159,29987.4,-0.448,0,normal
TRD-100858,2026-09-30 10:13:05.094,AUTO,77.39,128,9905.92,-0.152,0,normal
TRD-100859,2026-09-30 10:13:06.710,ENERGY,86.98,195,16961.1,-0.106,0,normal
TRD-100860,2026-09-30 10:13:08.124,BANK,37.46,474,17756.04,-0.183,0,normal
TRD-100861,2026-09-30 10:13:08.782,AUTO,77.35,115,8895.25,-0.257,0,normal
TRD-100862,2026-09-30 10:13:10.861,TECH,188.63,573,108084.99,0.17,0,normal
TRD-100863,2026-09-30 10:13:17.153,BANK,37.42,355,13284.1,-0.239,0,normal
TRD-100864,2026-09-30 10:13:17.355,TECH,188.59,257,48467.63,-0.27,0,normal
TRD-100865,2026-09-30 10:13:22.021,AUTO,77.36,66,5105.76,0.034,0,normal
TRD-100866,2026-09-30 10:13:29.385,PHARMA,137.92,117,16136.64,0.0,0,normal
TRD-100867,2026-09-30 10:13:31.276,ENERGY,86.92,282,24511.44,-0.399,0,normal
TRD-100868,2026-09-30 10:13:38.919,BANK,37.44,418,15649.92,0.084,0,normal
TRD-100869,2026-09-30 10:13:41.710,TECH,188.58,135,25458.3,-0.074,0,normal
TRD-100870,2026-09-30 10:13:50.090,TECH,188.53,120,22623.6,-0.301,0,normal
TRD-100871,2026-09-30 10:13:52.573,TECH,188.51,142,26768.42,-0.125,0,normal
TRD-100872,2026-09-30 10:13:54.381,TECH,188.5,197,37134.5,-0.08,0,normal
TRD-100873,2026-09-30 10:13:54.616,ENERGY,86.86,144,12507.84,-0.383,0,normal
TRD-100874,2026-09-30 10:13:55.055,AUTO,77.37,306,23675.22,0.105,0,normal
TRD-100875,2026-09-30 10:14:00.468,PHARMA,137.91,156,21513.96,-0.073,0,normal
TRD-100876,2026-09-30 10:14:09.610,PHARMA,137.91,159,21927.69,0.002,0,normal
TRD-100877,2026-09-30 10:14:09.770,BANK,37.43,328,12277.04,-0.047,0,normal
TRD-100878,2026-09-30 10:14:09.896,BANK,41.08,210,8626.8,3.653,1,price_shock
TRD-100879,2026-09-30 10:14:11.302,TECH,188.44,141,26570.04,-0.386,0,normal
TRD-100880,2026-09-30 10:14:15.280,TECH,188.43,315,59355.45,-0.06,0,normal
TRD-100881,2026-09-30 10:14:17.247,TECH,188.38,208,39183.04,-0.375,0,normal
TRD-100882,2026-09-30 10:14:19.317,TECH,188.3,209,39354.7,-0.547,0,normal
TRD-100883,2026-09-30 10:14:23.818,AUTO,77.42,214,16567.88,0.312,0,normal
TRD-100884,2026-09-30 10:14:26.801,PHARMA,137.9,104,14341.6,-0.094,0,normal
TRD-100885,2026-09-30 10:14:29.841,TECH,188.31,145,27304.95,0.122,0,normal
TRD-100886,2026-09-30 10:14:39.010,ENERGY,86.97,102,8870.94,0.732,0,normal
TRD-100887,2026-09-30 10:14:44.961,TECH,188.39,208,39185.12,0.497,0,normal
TRD-100888,2026-09-30 10:14:45.591,AUTO,77.45,113,8751.85,0.172,0,normal
TRD-100889,2026-09-30 10:14:47.181,BANK,41.07,1500,61605.0,-0.099,0,normal
TRD-100890,2026-09-30 10:14:49.432,BANK,41.08,423,17376.84,0.073,0,normal
TRD-100891,2026-09-30 10:14:54.420,TECH,188.39,272,51242.08,0.007,0,normal
TRD-100892,2026-09-30 10:15:00.234,AUTO,77.44,415,32137.6,-0.021,0,normal
TRD-100893,2026-09-30 10:15:11.335,ENERGY,86.95,165,14346.75,-0.092,0,normal
TRD-100894,2026-09-30 10:15:16.099,AUTO,77.45,731,56615.95,0.077,0,normal
TRD-100895,2026-09-30 10:15:17.651,BANK,41.08,876,35986.08,0.026,0,normal
TRD-100896,2026-09-30 10:15:20.804,AUTO,77.47,208,16113.76,0.085,0,normal
TRD-100897,2026-09-30 10:15:22.162,AUTO,77.52,299,23178.48,0.335,0,normal
TRD-100898,2026-09-30 10:15:22.788,ENERGY,86.95,86,7477.7,-0.037,0,normal
TRD-100899,2026-09-30 10:15:22.973,TECH,188.27,227,42737.29,-0.818,0,normal
TRD-100900,2026-09-30 10:15:28.043,TECH,188.21,74,13927.54,-0.371,0,normal
TRD-100901,2026-09-30 10:15:31.900,PHARMA,137.91,72,9929.52,0.062,0,normal
TRD-100902,2026-09-30 10:15:35.414,PHARMA,137.91,211,29099.01,-0.003,0,normal
TRD-100903,2026-09-30 10:15:39.307,AUTO,77.51,129,9998.79,-0.029,0,normal
TRD-100904,2026-09-30 10:15:39.368,ENERGY,87.02,205,17839.1,0.475,0,normal
TRD-100905,2026-09-30 10:15:42.571,ENERGY,87.04,164,14274.56,0.137,0,normal
TRD-100906,2026-09-30 10:15:45.011,BANK,41.09,292,11998.28,0.05,0,normal
TRD-100907,2026-09-30 10:15:49.543,BANK,41.09,849,34885.41,0.037,0,normal
TRD-100908,2026-09-30 10:15:50.114,BANK,41.1,709,29139.9,0.042,0,normal
TRD-100909,2026-09-30 10:15:50.700,BANK,41.12,165,6784.8,0.163,0,normal
TRD-100910,2026-09-30 10:15:55.375,PHARMA,137.92,84,11585.28,0.062,0,normal
TRD-100911,2026-09-30 10:16:00.556,ENERGY,87.05,486,42306.3,0.04,0,normal
TRD-100912,2026-09-30 10:16:05.056,AUTO,77.53,286,22173.58,0.126,0,normal
TRD-100913,2026-09-30 10:16:06.315,ENERGY,87.03,194,16883.82,-0.1,0,normal
TRD-100914,2026-09-30 10:16:09.066,BANK,41.12,337,13857.44,-0.016,0,normal
TRD-100915,2026-09-30 10:16:12.961,AUTO,77.55,90,6979.5,0.1,0,normal
TRD-100916,2026-09-30 10:16:16.264,PHARMA,137.89,105,14478.45,-0.155,0,normal
TRD-100917,2026-09-30 10:16:17.792,TECH,188.13,218,41012.34,-0.555,0,normal
TRD-100918,2026-09-30 10:16:20.339,TECH,188.14,347,65284.58,0.089,0,normal
TRD-100919,2026-09-30 10:16:27.891,PHARMA,137.91,174,23996.34,0.134,0,normal
TRD-100920,2026-09-30 10:16:29.524,TECH,188.23,283,53269.09,0.579,0,normal
TRD-100921,2026-09-30 10:16:33.515,BANK,41.08,324,13309.92,-0.295,0,normal
TRD-100922,2026-09-30 10:16:38.505,BANK,41.08,593,24360.44,0.048,0,normal
TRD-100923,2026-09-30 10:16:42.074,TECH,188.21,183,34442.43,-0.124,0,normal
TRD-100924,2026-09-30 10:16:42.383,ENERGY,87.02,65,5656.3,-0.083,0,normal
TRD-100925,2026-09-30 10:16:42.433,ENERGY,86.97,149,12958.53,-0.347,0,normal
TRD-100926,2026-09-30 10:16:44.849,BANK,41.06,201,8253.06,-0.154,0,normal
TRD-100927,2026-09-30 10:16:45.451,TECH,188.24,301,56660.24,0.179,0,normal
TRD-100928,2026-09-30 10:16:46.898,TECH,188.24,49,9223.76,0.045,0,normal
TRD-100929,2026-09-30 10:16:52.849,BANK,41.06,564,23157.84,-0.032,0,normal
TRD-100930,2026-09-30 10:16:52.891,PHARMA,137.98,129,17799.42,0.449,0,normal
TRD-100931,2026-09-30 10:16:56.507,PHARMA,137.97,72,9933.84,-0.032,0,normal
TRD-100932,2026-09-30 10:16:56.848,BANK,41.06,2008,82448.48,-1.957,1,multivariate_break
TRD-100933,2026-09-30 10:16:57.069,BANK,41.06,347,14247.82,0.002,0,normal
TRD-100934,2026-09-30 10:16:58.467,PHARMA,137.93,155,21379.15,-0.269,0,normal
TRD-100935,2026-09-30 10:16:59.274,ENERGY,86.93,422,36684.46,-0.251,0,normal
TRD-100936,2026-09-30 10:17:01.066,PHARMA,137.94,200,27588.0,0.014,0,normal
TRD-100937,2026-09-30 10:17:01.265,AUTO,77.57,87,6748.59,0.14,0,normal
TRD-100938,2026-09-30 10:17:02.879,BANK,41.05,316,12971.8,-0.049,0,normal
TRD-100939,2026-09-30 10:17:10.479,TECH,188.25,83,15624.75,0.068,0,normal
TRD-100940,2026-09-30 10:17:11.985,AUTO,77.52,503,38992.56,-0.31,0,normal
TRD-100941,2026-09-30 10:17:15.037,BANK,41.05,700,28735.0,-0.011,0,normal
TRD-100942,2026-09-30 10:17:18.490,PHARMA,138.02,103,14216.06,0.552,0,normal
TRD-100943,2026-09-30 10:17:20.103,TECH,188.3,225,42367.5,0.331,0,normal
TRD-100944,2026-09-30 10:17:20.407,PHARMA,137.96,534,73670.64,-0.401,0,normal
TRD-100945,2026-09-30 10:17:20.442,AUTO,77.53,202,15661.06,0.031,0,normal
TRD-100946,2026-09-30 10:17:23.132,PHARMA,137.89,128,17649.92,-0.487,0,normal
TRD-100947,2026-09-30 10:17:32.134,TECH,188.24,333,62683.92,-0.401,0,normal
TRD-100948,2026-09-30 10:17:35.694,PHARMA,137.93,338,46620.34,0.325,0,normal
TRD-100949,2026-09-30 10:17:37.371,AUTO,77.58,262,20325.96,0.363,0,normal
TRD-100950,2026-09-30 10:17:46.065,TECH,188.31,256,48207.36,0.454,0,normal
TRD-100951,2026-09-30 10:17:46.449,ENERGY,86.9,297,25809.3,-0.182,0,normal
TRD-100952,2026-09-30 10:17:56.343,PHARMA,137.93,190,26206.7,-0.043,0,normal
TRD-100953,2026-09-30 10:17:58.277,AUTO,77.59,212,16449.08,0.038,0,normal
TRD-100954,2026-09-30 10:18:03.990,TECH,188.17,171,32177.07,-0.974,0,normal
TRD-100955,2026-09-30 10:18:04.840,BANK,41.03,425,17437.75,-0.107,0,normal
TRD-100956,2026-09-30 10:18:05.652,AUTO,77.58,370,28704.6,-0.074,0,normal
TRD-100957,2026-09-30 10:18:08.726,BANK,41.02,354,14521.08,-0.074,0,normal
TRD-100958,2026-09-30 10:18:17.997,PHARMA,137.89,273,37643.97,-0.273,0,normal
TRD-100959,2026-09-30 10:18:28.555,AUTO,77.55,237,18379.35,-0.192,0,normal
TRD-100960,2026-09-30 10:18:29.692,PHARMA,137.96,132,18210.72,0.471,0,normal
TRD-100961,2026-09-30 10:18:30.220,BANK,40.99,555,22749.45,-0.191,0,normal
TRD-100962,2026-09-30 10:18:37.106,TECH,188.05,435,81801.75,-0.79,0,normal
TRD-100963,2026-09-30 10:18:40.807,BANK,41.01,639,26205.39,0.145,0,normal
TRD-100964,2026-09-30 10:18:49.347,TECH,188.0,68,12784.0,-0.336,0,normal
TRD-100965,2026-09-30 10:18:50.878,TECH,187.97,461,86654.17,-0.166,0,normal
TRD-100966,2026-09-30 10:18:56.379,ENERGY,86.91,298,25899.18,0.043,0,normal
TRD-100967,2026-09-30 10:18:57.865,TECH,188.06,275,51716.5,0.615,0,normal
TRD-100968,2026-09-30 10:18:57.875,BANK,41.04,235,9644.4,0.172,0,normal
TRD-100969,2026-09-30 10:19:00.057,PHARMA,138.01,216,29810.16,0.345,0,normal
TRD-100970,2026-09-30 10:19:07.351,TECH,188.07,80,15045.6,0.057,0,normal
TRD-100971,2026-09-30 10:19:08.447,TECH,188.0,296,55648.0,-0.492,0,normal
TRD-100972,2026-09-30 10:19:10.977,ENERGY,86.9,425,36932.5,-0.04,0,normal
TRD-100973,2026-09-30 10:19:11.098,TECH,187.98,190,35716.2,-0.136,0,normal
TRD-100974,2026-09-30 10:19:11.621,TECH,187.92,129,24241.68,-0.355,0,normal
TRD-100975,2026-09-30 10:19:14.594,ENERGY,86.88,290,25195.2,-0.119,0,normal
TRD-100976,2026-09-30 10:19:15.033,BANK,41.04,316,12968.64,0.034,0,normal
TRD-100977,2026-09-30 10:19:19.263,BANK,41.03,936,38404.08,-0.116,0,normal
TRD-100978,2026-09-30 10:19:23.308,AUTO,77.5,118,9145.0,-0.315,0,normal
TRD-100979,2026-09-30 10:19:27.162,AUTO,77.45,326,25248.7,-0.326,0,normal
TRD-100980,2026-09-30 10:19:27.682,TECH,187.86,66,12398.76,-0.409,0,normal
TRD-100981,2026-09-30 10:19:28.824,AUTO,77.43,157,12156.51,-0.145,0,normal
TRD-100982,2026-09-30 10:19:30.499,BANK,41.06,265,10880.9,0.197,0,normal
TRD-100983,2026-09-30 10:19:33.215,TECH,187.91,204,38333.64,0.329,0,normal
TRD-100984,2026-09-30 10:19:34.201,PHARMA,138.0,187,25806.0,-0.053,0,normal
TRD-100985,2026-09-30 10:19:34.385,TECH,187.98,269,50566.62,0.463,0,normal
TRD-100986,2026-09-30 10:19:41.348,PHARMA,138.01,166,22909.66,0.065,0,normal
TRD-100987,2026-09-30 10:19:43.234,BANK,41.07,111,4558.77,0.071,0,normal
TRD-100988,2026-09-30 10:19:45.379,BANK,41.08,556,22840.48,0.099,0,normal
TRD-100989,2026-09-30 10:19:48.495,BANK,41.04,424,17400.96,-0.266,0,normal
TRD-100990,2026-09-30 10:19:52.083,TECH,187.93,197,37022.21,-0.359,0,normal
TRD-100991,2026-09-30 10:19:56.272,TECH,187.93,248,46606.64,0.007,0,normal
TRD-100992,2026-09-30 10:19:57.440,PHARMA,138.02,112,15458.24,0.034,0,normal
TRD-100993,2026-09-30 10:20:02.825,BANK,41.04,611,25075.44,-0.049,0,normal
TRD-100994,2026-09-30 10:20:03.388,TECH,187.91,310,58252.1,-0.122,0,normal
TRD-100995,2026-09-30 10:20:04.426,TECH,188.0,96,18048.0,0.562,0,normal
TRD-100996,2026-09-30 10:20:12.853,TECH,187.96,170,31953.2,-0.228,0,normal
TRD-100997,2026-09-30 10:20:15.554,AUTO,77.41,497,38472.77,-0.1,0,normal
TRD-100998,2026-09-30 10:20:15.785,BANK,41.03,179,7344.37,-0.008,0,normal
TRD-100999,2026-09-30 10:20:16.320,BANK,41.05,1330,54596.5,0.077,0,normal
TRD-101000,2026-09-30 10:20:19.451,BANK,41.04,425,17442.0,-0.033,0,normal
TRD-101001,2026-09-30 10:20:20.123,TECH,187.9,368,69147.2,-0.41,0,normal
TRD-101002,2026-09-30 10:20:20.267,TECH,187.86,99,18598.14,-0.291,0,normal
TRD-101003,2026-09-30 10:20:22.330,AUTO,77.4,113,8746.2,-0.064,0,normal
TRD-101004,2026-09-30 10:20:27.506,BANK,41.05,342,14039.1,0.053,0,normal
TRD-101005,2026-09-30 10:20:30.649,TECH,187.86,247,46401.42,0.037,0,normal
TRD-101006,2026-09-30 10:20:34.488,ENERGY,86.83,58,5036.14,-0.37,0,normal
TRD-101007,2026-09-30 10:20:38.654,PHARMA,138.02,2540,350570.8,-2.079,1,multivariate_break
TRD-101008,2026-09-30 10:20:43.887,BANK,41.04,504,20684.16,-0.035,0,normal
TRD-101009,2026-09-30 10:20:44.018,AUTO,77.43,327,25319.61,0.193,0,normal
TRD-101010,2026-09-30 10:20:49.440,AUTO,77.45,209,16187.05,0.085,0,normal
TRD-101011,2026-09-30 10:20:49.498,AUTO,77.42,443,34297.06,-0.173,0,normal
TRD-101012,2026-09-30 10:20:50.263,AUTO,77.39,140,10834.6,-0.172,0,normal
TRD-101013,2026-09-30 10:20:56.844,AUTO,77.45,249,19285.05,0.397,0,normal
TRD-101014,2026-09-30 10:20:57.264,TECH,187.8,576,108172.8,-0.421,0,normal
TRD-101015,2026-09-30 10:20:58.622,AUTO,77.48,127,9839.96,0.205,0,normal
TRD-101016,2026-09-30 10:20:58.785,ENERGY,86.8,111,9634.8,-0.219,0,normal
TRD-101017,2026-09-30 10:21:02.443,AUTO,77.52,390,30232.8,0.218,0,normal
TRD-101018,2026-09-30 10:21:02.618,AUTO,77.47,92,7127.24,-0.307,0,normal
TRD-101019,2026-09-30 10:21:04.785,TECH,187.82,112,21035.84,0.168,0,normal
TRD-101020,2026-09-30 10:21:05.742,TECH,187.88,153,28745.64,0.39,0,normal
TRD-101021,2026-09-30 10:21:07.268,TECH,187.94,278,52247.32,0.401,0,normal
TRD-101022,2026-09-30 10:21:11.130,TECH,187.93,190,35706.7,-0.099,0,normal
TRD-101023,2026-09-30 10:21:12.138,ENERGY,86.82,123,10678.86,0.131,0,normal
TRD-101024,2026-09-30 10:21:16.845,TECH,187.93,118,22175.74,-0.011,0,normal
TRD-101025,2026-09-30 10:21:18.628,TECH,187.88,278,52230.64,-0.317,0,normal
TRD-101026,2026-09-30 10:21:18.683,BANK,41.01,469,19233.69,-0.204,0,normal
TRD-101027,2026-09-30 10:21:21.473,BANK,41.0,449,18409.0,-0.056,0,normal
TRD-101028,2026-09-30 10:21:22.003,TECH,187.84,66,12397.44,-0.279,0,normal
TRD-101029,2026-09-30 10:21:22.131,AUTO,77.51,163,12634.13,0.247,0,normal
TRD-101030,2026-09-30 10:21:22.453,TECH,187.7,9295,1744671.5,0.069,1,volume_spike
TRD-101031,2026-09-30 10:21:33.003,TECH,187.85,123,23105.55,0.066,0,normal
TRD-101032,2026-09-30 10:21:35.087,PHARMA,138.05,61,8421.05,0.207,0,normal
TRD-101033,2026-09-30 10:21:39.813,PHARMA,135.24,5,676.2,-2.807,1,liquidity_vacuum
TRD-101034,2026-09-30 10:21:41.077,TECH,187.83,260,48835.8,-0.12,0,normal
TRD-101035,2026-09-30 10:21:42.233,AUTO,77.47,634,49115.98,-0.25,0,normal
TRD-101036,2026-09-30 10:21:45.548,TECH,187.89,68,12776.52,0.43,0,normal
TRD-101037,2026-09-30 10:21:52.429,BANK,41.0,304,12464.0,-0.041,0,normal
TRD-101038,2026-09-30 10:21:56.461,PHARMA,138.13,93,12846.09,0.572,0,normal
TRD-101039,2026-09-30 10:21:57.112,BANK,41.0,627,25707.0,0.016,0,normal
TRD-101040,2026-09-30 10:21:58.851,BANK,41.0,430,17630.0,0.023,0,normal
TRD-101041,2026-09-30 10:22:01.942,TECH,187.92,131,24617.52,0.179,0,normal
TRD-101042,2026-09-30 10:22:03.431,ENERGY,86.9,534,46404.6,0.538,0,normal
TRD-101043,2026-09-30 10:22:08.478,AUTO,77.53,155,12017.15,0.373,0,normal
TRD-101044,2026-09-30 10:22:10.408,TECH,187.84,318,59733.12,-0.508,0,normal
TRD-101045,2026-09-30 10:22:11.583,TECH,187.93,105,19732.65,0.608,0,normal
TRD-101046,2026-09-30 10:22:15.956,AUTO,77.57,95,7369.15,0.294,0,normal
TRD-101047,2026-09-30 10:22:20.336,ENERGY,86.9,157,13643.3,-0.011,0,normal
TRD-101048,2026-09-30 10:22:22.031,ENERGY,86.97,282,24525.54,0.513,0,normal
TRD-101049,2026-09-30 10:22:25.303,BANK,40.99,346,14182.54,-0.108,0,normal
TRD-101050,2026-09-30 10:22:25.742,TECH,187.88,147,27618.36,-0.374,0,normal
TRD-101051,2026-09-30 10:22:25.782,PHARMA,138.06,8327,1149625.62,0.027,1,volume_spike
TRD-101052,2026-09-30 10:22:29.084,TECH,187.81,185,34744.85,-0.489,0,normal
TRD-101053,2026-09-30 10:22:38.496,ENERGY,86.93,182,15821.26,-0.298,0,normal
TRD-101054,2026-09-30 10:22:42.891,ENERGY,86.91,146,12688.86,-0.118,0,normal
TRD-101055,2026-09-30 10:22:44.085,TECH,187.86,106,19913.16,0.377,0,normal
TRD-101056,2026-09-30 10:22:47.285,TECH,187.77,199,37366.23,-0.61,0,normal
TRD-101057,2026-09-30 10:22:49.753,ENERGY,86.88,225,19548.0,-0.206,0,normal
TRD-101058,2026-09-30 10:22:51.094,BANK,41.01,312,12795.12,0.136,0,normal
TRD-101059,2026-09-30 10:22:53.662,AUTO,77.58,237,18386.46,0.09,0,normal
TRD-101060,2026-09-30 10:22:54.478,PHARMA,138.15,519,71699.85,0.086,0,normal
TRD-101061,2026-09-30 10:22:56.452,AUTO,77.55,386,29934.3,-0.209,0,normal
TRD-101062,2026-09-30 10:23:03.715,TECH,187.75,81,15207.75,-0.161,0,normal
TRD-101063,2026-09-30 10:23:11.092,TECH,187.68,244,45793.92,-0.43,0,normal
TRD-101064,2026-09-30 10:23:12.690,TECH,187.73,172,32289.56,0.348,0,normal
TRD-101065,2026-09-30 10:23:14.170,BANK,41.04,130,5335.2,0.195,0,normal
TRD-101066,2026-09-30 10:23:16.461,TECH,187.67,128,24021.76,-0.414,0,normal
TRD-101067,2026-09-30 10:23:21.555,AUTO,77.58,426,33049.08,0.212,0,normal
TRD-101068,2026-09-30 10:23:23.123,TECH,187.63,282,52911.66,-0.251,0,normal
TRD-101069,2026-09-30 10:23:28.367,TECH,187.69,70,13138.3,0.387,0,normal
TRD-101070,2026-09-30 10:23:29.274,TECH,187.74,220,41302.8,0.32,0,normal
TRD-101071,2026-09-30 10:23:32.820,TECH,187.66,154,28899.64,-0.53,0,normal
TRD-101072,2026-09-30 10:23:37.990,BANK,41.06,281,11537.86,0.164,0,normal
TRD-101073,2026-09-30 10:23:52.131,TECH,187.68,210,39412.8,0.115,0,normal
TRD-101074,2026-09-30 10:23:54.946,AUTO,77.65,171,13278.15,0.466,0,normal
TRD-101075,2026-09-30 10:23:57.895,AUTO,77.64,282,21894.48,-0.072,0,normal
TRD-101076,2026-09-30 10:23:58.503,TECH,187.7,152,28530.4,0.165,0,normal
TRD-101077,2026-09-30 10:24:08.555,PHARMA,138.15,2353,325066.95,-2.648,1,multivariate_break
TRD-101078,2026-09-30 10:24:17.202,AUTO,77.66,132,10251.12,0.104,0,normal
TRD-101079,2026-09-30 10:24:18.341,BANK,41.05,353,14490.65,-0.06,0,normal
TRD-101080,2026-09-30 10:24:18.545,ENERGY,86.89,365,31714.85,0.098,0,normal
TRD-101081,2026-09-30 10:24:18.966,ENERGY,86.98,256,22266.88,0.586,0,normal
TRD-101082,2026-09-30 10:24:20.932,BANK,41.05,777,31895.85,-0.019,0,normal
TRD-101083,2026-09-30 10:24:23.135,AUTO,77.7,359,27894.3,0.297,0,normal
TRD-101084,2026-09-30 10:24:24.156,ENERGY,90.54,5,452.7,3.558,1,liquidity_vacuum
TRD-101085,2026-09-30 10:24:27.839,AUTO,77.7,214,16627.8,-0.029,0,normal
TRD-101086,2026-09-30 10:24:30.673,BANK,41.05,495,20319.75,0.022,0,normal
TRD-101087,2026-09-30 10:24:35.704,TECH,187.68,245,45981.6,-0.118,0,normal
TRD-101088,2026-09-30 10:24:36.563,TECH,187.72,70,13140.4,0.227,0,normal
TRD-101089,2026-09-30 10:24:37.965,AUTO,77.75,211,16405.25,0.364,0,normal
TRD-101090,2026-09-30 10:24:38.648,TECH,187.69,238,44670.22,-0.205,0,normal
TRD-101091,2026-09-30 10:24:43.593,ENERGY,87.03,371,32288.13,0.314,0,normal
TRD-101092,2026-09-30 10:24:47.676,BANK,41.04,398,16333.92,-0.071,0,normal
TRD-101093,2026-09-30 10:24:48.939,ENERGY,87.09,264,22991.76,0.395,0,normal
TRD-101094,2026-09-30 10:24:52.649,TECH,187.67,689,129304.63,-0.151,0,normal
TRD-101095,2026-09-30 10:24:54.789,ENERGY,87.08,64,5573.12,-0.02,0,normal
TRD-101096,2026-09-30 10:24:56.054,PHARMA,138.11,104,14363.44,-0.242,0,normal
TRD-101097,2026-09-30 10:24:57.626,TECH,187.57,130,24384.1,-0.648,0,normal
TRD-101098,2026-09-30 10:25:04.058,BANK,41.07,491,20165.37,0.162,0,normal
TRD-101099,2026-09-30 10:25:04.630,ENERGY,87.18,354,30861.72,0.613,0,normal
TRD-101100,2026-09-30 10:25:08.375,TECH,187.61,87,16322.07,0.261,0,normal
TRD-101101,2026-09-30 10:25:22.144,ENERGY,87.18,319,27810.42,0.0,0,normal
TRD-101102,2026-09-30 10:25:26.008,AUTO,77.76,439,34136.64,0.028,0,normal
TRD-101103,2026-09-30 10:25:27.044,BANK,41.07,369,15154.83,0.009,0,normal
TRD-101104,2026-09-30 10:25:28.635,PHARMA,138.12,69,9530.28,0.036,0,normal
TRD-101105,2026-09-30 10:25:34.395,ENERGY,87.18,174,15169.32,0.047,0,normal
TRD-101106,2026-09-30 10:25:35.823,TECH,187.63,352,66045.76,0.155,0,normal
TRD-101107,2026-09-30 10:25:36.702,TECH,187.73,153,28722.69,0.693,0,normal
TRD-101108,2026-09-30 10:25:41.183,AUTO,77.78,201,15633.78,0.18,0,normal
TRD-101109,2026-09-30 10:25:41.854,BANK,41.06,351,14412.06,-0.087,0,normal
TRD-101110,2026-09-30 10:25:42.501,PHARMA,131.45,337,44298.65,-6.67,1,price_shock
TRD-101111,2026-09-30 10:25:42.696,TECH,187.65,197,36967.05,-0.562,0,normal
TRD-101112,2026-09-30 10:25:43.297,ENERGY,87.23,223,19452.29,0.28,0,normal
TRD-101113,2026-09-30 10:25:46.005,PHARMA,131.51,257,33798.07,0.367,0,normal
TRD-101114,2026-09-30 10:25:46.226,AUTO,77.83,112,8716.96,0.312,0,normal
TRD-101115,2026-09-30 10:25:47.649,PHARMA,131.43,104,13668.72,-0.484,0,normal
TRD-101116,2026-09-30 10:25:52.786,BANK,41.04,328,13461.12,-0.091,0,normal
TRD-101117,2026-09-30 10:25:57.185,BANK,41.09,318,13066.62,0.315,0,normal
TRD-101118,2026-09-30 10:26:06.510,BANK,41.11,407,16731.77,0.112,0,normal
TRD-101119,2026-09-30 10:26:06.702,PHARMA,131.41,168,22076.88,-0.148,0,normal
TRD-101120,2026-09-30 10:26:11.443,PHARMA,131.37,318,41775.66,-0.28,0,normal
TRD-101121,2026-09-30 10:26:15.216,TECH,187.64,158,29647.12,-0.076,0,normal
TRD-101122,2026-09-30 10:26:16.901,TECH,188.17,5133,965876.61,0.031,1,volume_spike
TRD-101123,2026-09-30 10:26:19.813,AUTO,77.92,132,10285.44,0.613,0,normal
TRD-101124,2026-09-30 10:26:30.540,ENERGY,87.19,152,13252.88,-0.256,0,normal
TRD-101125,2026-09-30 10:26:40.644,AUTO,77.92,319,24856.48,0.005,0,normal
TRD-101126,2026-09-30 10:26:45.062,ENERGY,87.19,488,42548.72,0.029,0,normal
TRD-101127,2026-09-30 10:26:47.710,AUTO,77.95,57,4443.15,0.159,0,normal
TRD-101128,2026-09-30 10:26:56.891,BANK,41.09,857,35214.13,-0.084,0,normal
TRD-101129,2026-09-30 10:26:58.659,TECH,187.67,318,59679.06,0.232,0,normal
TRD-101130,2026-09-30 10:27:05.151,PHARMA,131.34,148,19438.32,-0.218,0,normal
TRD-101131,2026-09-30 10:27:06.608,TECH,187.66,235,44100.1,-0.092,0,normal
TRD-101132,2026-09-30 10:27:10.634,PHARMA,131.35,192,25219.2,0.128,0,normal
TRD-101133,2026-09-30 10:27:10.780,TECH,187.62,200,37524.0,-0.289,0,normal
TRD-101134,2026-09-30 10:27:12.665,TECH,187.67,111,20831.37,0.384,0,normal
TRD-101135,2026-09-30 10:27:17.973,TECH,187.64,160,30022.4,-0.247,0,normal
TRD-101136,2026-09-30 10:27:18.927,ENERGY,87.22,204,17792.88,0.163,0,normal
TRD-101137,2026-09-30 10:27:21.519,TECH,187.73,141,26469.93,0.653,0,normal
TRD-101138,2026-09-30 10:27:23.620,ENERGY,87.25,180,15705.0,0.231,0,normal
TRD-101139,2026-09-30 10:27:26.248,TECH,187.68,371,69629.28,-0.335,0,normal
TRD-101140,2026-09-30 10:27:26.891,TECH,187.73,154,28910.42,0.323,0,normal
TRD-101141,2026-09-30 10:27:30.389,PHARMA,131.39,139,18263.21,0.253,0,normal
TRD-101142,2026-09-30 10:27:30.421,BANK,41.08,369,15158.52,-0.09,0,normal
TRD-101143,2026-09-30 10:27:42.225,TECH,187.8,211,39625.8,0.466,0,normal
TRD-101144,2026-09-30 10:27:51.230,AUTO,77.94,121,9430.74,-0.07,0,normal
TRD-101145,2026-09-30 10:27:55.058,AUTO,77.95,501,39052.95,0.084,0,normal
TRD-101146,2026-09-30 10:27:58.707,ENERGY,87.22,116,10117.52,-0.236,0,normal
TRD-101147,2026-09-30 10:28:01.825,AUTO,77.98,158,12320.84,0.222,0,normal
TRD-101148,2026-09-30 10:28:03.980,ENERGY,87.16,390,33992.4,-0.376,0,normal
TRD-101149,2026-09-30 10:28:12.437,AUTO,78.04,479,37381.16,0.358,0,normal
TRD-101150,2026-09-30 10:28:15.530,AUTO,78.03,259,20209.77,-0.057,0,normal
TRD-101151,2026-09-30 10:28:15.945,BANK,41.05,498,20442.9,-0.195,0,normal
TRD-101152,2026-09-30 10:28:27.876,PHARMA,131.38,62,8145.56,-0.061,0,normal
TRD-101153,2026-09-30 10:28:28.067,PHARMA,131.36,166,21805.76,-0.129,0,normal
TRD-101154,2026-09-30 10:28:31.138,PHARMA,131.36,116,15237.76,0.005,0,normal
TRD-101155,2026-09-30 10:28:33.954,TECH,187.77,252,47318.04,-0.244,0,normal
TRD-101156,2026-09-30 10:28:39.755,AUTO,78.04,243,18963.72,0.049,0,normal
TRD-101157,2026-09-30 10:28:41.051,BANK,41.05,592,24301.6,0.002,0,normal
TRD-101158,2026-09-30 10:28:44.296,AUTO,78.02,126,9830.52,-0.096,0,normal
TRD-101159,2026-09-30 10:28:54.754,TECH,187.82,111,20848.02,0.343,0,normal
TRD-101160,2026-09-30 10:28:59.175,BANK,41.02,163,6686.26,-0.175,0,normal
TRD-101161,2026-09-30 10:28:59.584,TECH,187.93,110,20672.3,0.737,0,normal
TRD-101162,2026-09-30 10:29:03.004,TECH,187.93,229,43035.97,-0.018,0,normal
TRD-101163,2026-09-30 10:29:03.516,PHARMA,131.38,120,15765.6,0.104,0,normal
TRD-101164,2026-09-30 10:29:03.825,AUTO,78.03,426,33240.78,0.076,0,normal
TRD-101165,2026-09-30 10:29:07.324,PHARMA,131.43,217,28520.31,0.352,0,normal
TRD-101166,2026-09-30 10:29:09.192,PHARMA,131.44,435,57176.4,0.058,0,normal
TRD-101167,2026-09-30 10:29:10.784,TECH,187.92,342,64268.64,-0.022,0,normal
TRD-101168,2026-09-30 10:29:14.523,AUTO,78.03,139,10846.17,-0.001,0,normal
TRD-101169,2026-09-30 10:29:16.336,AUTO,78.03,2835,221215.05,-2.113,1,multivariate_break
TRD-101170,2026-09-30 10:29:17.381,TECH,187.87,268,50349.16,-0.35,0,normal
TRD-101171,2026-09-30 10:29:17.936,AUTO,78.05,229,17873.45,0.082,0,normal
TRD-101172,2026-09-30 10:29:19.240,TECH,187.87,104,19538.48,0.005,0,normal
TRD-101173,2026-09-30 10:29:22.140,BANK,40.99,335,13731.65,-0.261,0,normal
TRD-101174,2026-09-30 10:29:26.534,TECH,187.85,220,41327.0,-0.108,0,normal
TRD-101175,2026-09-30 10:29:29.413,TECH,187.88,90,16909.2,0.192,0,normal
TRD-101176,2026-09-30 10:29:36.903,ENERGY,87.12,151,13155.12,-0.246,0,normal
TRD-101177,2026-09-30 10:29:43.581,TECH,187.81,256,48079.36,-0.482,0,normal
TRD-101178,2026-09-30 10:29:48.422,PHARMA,131.46,170,22348.2,0.102,0,normal
TRD-101179,2026-09-30 10:29:49.861,BANK,40.99,159,6517.41,0.037,0,normal
TRD-101180,2026-09-30 10:29:56.370,BANK,40.96,621,25436.16,-0.21,0,normal
TRD-101181,2026-09-30 10:29:58.538,TECH,187.81,159,29861.79,0.028,0,normal
TRD-101182,2026-09-30 10:30:01.164,BANK,40.95,573,23464.35,-0.067,0,normal
TRD-101183,2026-09-30 10:30:01.257,ENERGY,87.09,182,15850.38,-0.219,0,normal
TRD-101184,2026-09-30 10:30:06.994,PHARMA,131.55,179,23547.45,0.647,0,normal
TRD-101185,2026-09-30 10:30:12.087,AUTO,78.08,147,11477.76,0.264,0,normal
TRD-101186,2026-09-30 10:30:14.358,PHARMA,131.62,85,11187.7,0.443,0,normal
TRD-101187,2026-09-30 10:30:15.117,ENERGY,87.07,112,9751.84,-0.141,0,normal
TRD-101188,2026-09-30 10:30:15.787,TECH,187.88,228,42836.64,0.446,0,normal
TRD-101189,2026-09-30 10:30:21.993,AUTO,78.09,107,8355.63,0.038,0,normal
TRD-101190,2026-09-30 10:30:22.989,ENERGY,87.1,150,13065.0,0.218,0,normal
TRD-101191,2026-09-30 10:30:23.288,ENERGY,87.17,242,21095.14,0.442,0,normal
TRD-101192,2026-09-30 10:30:23.318,PHARMA,131.57,369,48549.33,-0.361,0,normal
TRD-101193,2026-09-30 10:30:25.252,TECH,187.84,258,48462.72,-0.258,0,normal
TRD-101194,2026-09-30 10:30:32.621,AUTO,78.06,128,9991.68,-0.169,0,normal
TRD-101195,2026-09-30 10:30:43.206,AUTO,78.05,1101,85933.05,-0.098,0,normal
TRD-101196,2026-09-30 10:30:45.094,BANK,40.94,360,14738.4,-0.045,0,normal
TRD-101197,2026-09-30 10:30:46.925,PHARMA,131.55,165,21705.75,-0.142,0,normal
TRD-101198,2026-09-30 10:30:50.271,AUTO,78.04,213,16622.52,-0.08,0,normal
TRD-101199,2026-09-30 10:30:50.836,PHARMA,131.55,144,18943.2,0.008,0,normal
TRD-101200,2026-09-30 10:30:53.970,PHARMA,131.51,100,13151.0,-0.22,0,normal
TRD-101201,2026-09-30 10:30:55.115,TECH,187.86,220,41329.2,0.133,0,normal
TRD-101202,2026-09-30 10:30:55.233,ENERGY,87.21,152,13255.92,0.268,0,normal
TRD-101203,2026-09-30 10:30:57.817,BANK,40.93,130,5320.9,-0.069,0,normal
TRD-101204,2026-09-30 10:30:58.874,TECH,187.87,244,45840.28,0.052,0,normal
TRD-101205,2026-09-30 10:31:00.626,ENERGY,87.25,393,34289.25,0.292,0,normal
TRD-101206,2026-09-30 10:31:01.555,TECH,187.94,190,35708.6,0.462,0,normal
TRD-101207,2026-09-30 10:31:02.783,TECH,187.94,243,45669.42,-0.032,0,normal
TRD-101208,2026-09-30 10:31:04.739,TECH,196.24,231,45331.44,8.307,1,price_shock
TRD-101209,2026-09-30 10:31:08.194,AUTO,78.11,219,17106.09,0.463,0,normal
TRD-101210,2026-09-30 10:31:09.417,TECH,196.19,112,21973.28,-0.345,0,normal
TRD-101211,2026-09-30 10:31:11.521,AUTO,78.09,213,16633.17,-0.11,0,normal
TRD-101212,2026-09-30 10:31:18.570,TECH,196.18,122,23933.96,-0.088,0,normal
TRD-101213,2026-09-30 10:31:20.193,TECH,196.06,170,33330.2,-0.79,0,normal
TRD-101214,2026-09-30 10:31:22.495,AUTO,78.06,350,27321.0,-0.191,0,normal
TRD-101215,2026-09-30 10:31:36.142,TECH,196.07,135,26469.45,0.118,0,normal
TRD-101216,2026-09-30 10:31:49.373,TECH,196.11,304,59617.44,0.238,0,normal
TRD-101217,2026-09-30 10:31:51.359,BANK,40.95,123,5036.85,0.085,0,normal
TRD-101218,2026-09-30 10:31:54.440,ENERGY,87.23,183,15963.09,-0.151,0,normal
TRD-101219,2026-09-30 10:31:58.451,BANK,40.94,372,15229.68,-0.03,0,normal
TRD-101220,2026-09-30 10:32:09.840,TECH,196.15,170,33345.5,0.257,0,normal
TRD-101221,2026-09-30 10:32:12.118,TECH,196.09,98,19216.82,-0.359,0,normal
TRD-101222,2026-09-30 10:32:13.345,TECH,196.0,257,50372.0,-0.619,0,normal
TRD-101223,2026-09-30 10:32:16.192,BANK,40.92,756,30935.52,-0.105,0,normal
TRD-101224,2026-09-30 10:32:18.137,TECH,196.02,136,26658.72,0.102,0,normal
TRD-101225,2026-09-30 10:32:21.186,TECH,196.01,120,23521.2,-0.043,0,normal
TRD-101226,2026-09-30 10:32:24.583,TECH,196.02,220,43124.4,0.035,0,normal
TRD-101227,2026-09-30 10:32:25.676,TECH,196.03,91,17838.73,0.092,0,normal
TRD-101228,2026-09-30 10:32:29.279,BANK,40.93,803,32866.79,0.03,0,normal
TRD-101229,2026-09-30 10:32:32.550,BANK,40.93,444,18172.92,-0.012,0,normal
TRD-101230,2026-09-30 10:32:34.825,BANK,40.95,476,19492.2,0.126,0,normal
TRD-101231,2026-09-30 10:32:39.902,AUTO,78.03,491,38312.73,-0.187,0,normal
TRD-101232,2026-09-30 10:32:39.944,BANK,40.96,200,8192.0,0.073,0,normal
TRD-101233,2026-09-30 10:32:40.692,TECH,195.98,128,25085.44,-0.338,0,normal
TRD-101234,2026-09-30 10:32:41.781,TECH,195.96,58,11365.68,-0.108,0,normal
TRD-101235,2026-09-30 10:32:42.908,TECH,195.96,159,31157.64,-0.035,0,normal
TRD-101236,2026-09-30 10:32:44.130,TECH,195.95,106,20770.7,-0.083,0,normal
TRD-101237,2026-09-30 10:32:47.035,TECH,195.93,211,41341.23,-0.078,0,normal
TRD-101238,2026-09-30 10:32:52.520,TECH,196.05,274,53717.7,0.745,0,normal
TRD-101239,2026-09-30 10:32:52.578,PHARMA,131.57,70,9209.9,0.403,0,normal
TRD-101240,2026-09-30 10:32:55.889,PHARMA,131.53,148,19466.44,-0.289,0,normal
TRD-101241,2026-09-30 10:32:55.996,BANK,40.94,538,22025.72,-0.098,0,normal
TRD-101242,2026-09-30 10:32:57.875,TECH,196.04,321,62928.84,-0.056,0,normal
TRD-101243,2026-09-30 10:32:58.113,TECH,195.99,115,22538.85,-0.307,0,normal
TRD-101244,2026-09-30 10:33:02.111,TECH,200.51,259,51932.09,4.522,1,price_shock
TRD-101245,2026-09-30 10:33:03.111,TECH,200.52,244,48926.88,0.045,0,normal
TRD-101246,2026-09-30 10:33:03.652,PHARMA,131.58,127,16710.66,0.347,0,normal
TRD-101247,2026-09-30 10:33:08.998,ENERGY,87.21,232,20232.72,-0.138,0,normal
TRD-101248,2026-09-30 10:33:15.090,TECH,200.54,457,91646.78,0.15,0,normal
TRD-101249,2026-09-30 10:33:16.261,BANK,40.93,270,11051.1,-0.079,0,normal
TRD-101250,2026-09-30 10:33:22.462,TECH,200.54,2508,502954.32,2.156,1,multivariate_break
TRD-101251,2026-09-30 10:33:22.758,AUTO,78.07,217,16941.19,0.204,0,normal
TRD-101252,2026-09-30 10:33:25.236,TECH,200.49,169,33882.81,-0.317,0,normal
TRD-101253,2026-09-30 10:33:26.263,BANK,40.96,360,14745.6,0.21,0,normal
TRD-101254,2026-09-30 10:33:27.174,TECH,200.52,90,18046.8,0.204,0,normal
TRD-101255,2026-09-30 10:33:29.309,BANK,40.98,337,13810.26,0.151,0,normal
TRD-101256,2026-09-30 10:33:31.922,BANK,41.01,703,28830.03,0.156,0,normal
TRD-101257,2026-09-30 10:33:32.665,ENERGY,87.19,221,19268.99,-0.144,0,normal
TRD-101258,2026-09-30 10:33:34.647,BANK,41.03,410,16822.3,0.137,0,normal
TRD-101259,2026-09-30 10:33:35.026,AUTO,78.04,195,15217.8,-0.138,0,normal
TRD-101260,2026-09-30 10:33:42.494,BANK,41.05,556,22823.8,0.117,0,normal
TRD-101261,2026-09-30 10:33:42.782,BANK,41.04,261,10711.44,-0.038,0,normal
TRD-101262,2026-09-30 10:33:46.458,TECH,200.37,103,20638.11,-1.047,0,normal
TRD-101263,2026-09-30 10:33:48.619,BANK,41.05,349,14326.45,0.039,0,normal
TRD-101264,2026-09-30 10:33:48.797,TECH,200.29,251,50272.79,-0.48,0,normal
TRD-101265,2026-09-30 10:33:49.549,BANK,41.05,164,6732.2,0.032,0,normal
TRD-101266,2026-09-30 10:33:51.257,TECH,200.28,108,21630.24,-0.114,0,normal
TRD-101267,2026-09-30 10:33:59.087,BANK,41.08,266,10927.28,0.199,0,normal
TRD-101268,2026-09-30 10:34:03.819,AUTO,78.04,208,16232.32,-0.044,0,normal
TRD-101269,2026-09-30 10:34:03.928,ENERGY,87.22,169,14740.18,0.2,0,normal
TRD-101270,2026-09-30 10:34:04.312,BANK,41.09,374,15367.66,0.03,0,normal
TRD-101271,2026-09-30 10:34:07.089,AUTO,78.08,75,5856.0,0.303,0,normal
TRD-101272,2026-09-30 10:34:10.845,AUTO,78.05,254,19824.7,-0.22,0,normal
TRD-101273,2026-09-30 10:34:14.128,AUTO,78.02,257,20051.14,-0.177,0,normal
TRD-101274,2026-09-30 10:34:14.702,ENERGY,87.21,631,55029.51,-0.057,0,normal
TRD-101275,2026-09-30 10:34:16.666,BANK,41.06,342,14042.52,-0.166,0,normal
TRD-101276,2026-09-30 10:34:27.657,BANK,41.04,517,21217.68,-0.11,0,normal
TRD-101277,2026-09-30 10:34:32.694,TECH,195.71,158,30922.18,-4.567,1,price_shock
TRD-101278,2026-09-30 10:34:38.507,TECH,195.75,403,78887.25,0.276,0,normal
TRD-101279,2026-09-30 10:34:38.544,AUTO,78.02,2159,168445.18,2.635,1,multivariate_break
TRD-101280,2026-09-30 10:34:39.124,BANK,41.08,133,5463.64,0.23,0,normal
TRD-101281,2026-09-30 10:34:43.344,BANK,41.06,457,18764.42,-0.131,0,normal
TRD-101282,2026-09-30 10:34:48.728,AUTO,77.97,63,4912.11,-0.355,0,normal
TRD-101283,2026-09-30 10:34:49.767,BANK,41.06,373,15315.38,0.012,0,normal
TRD-101284,2026-09-30 10:34:50.374,AUTO,77.97,557,43429.29,-0.019,0,normal
TRD-101285,2026-09-30 10:34:51.030,TECH,195.71,86,16831.06,-0.244,0,normal
TRD-101286,2026-09-30 10:34:56.183,ENERGY,87.16,393,34253.88,-0.348,0,normal
TRD-101287,2026-09-30 10:34:57.001,TECH,195.7,125,24462.5,-0.093,0,normal
TRD-101288,2026-09-30 10:35:02.823,TECH,195.64,210,41084.4,-0.376,0,normal
TRD-101289,2026-09-30 10:35:04.256,ENERGY,87.18,142,12379.56,0.162,0,normal
TRD-101290,2026-09-30 10:35:04.528,TECH,195.6,353,69046.8,-0.324,0,normal
TRD-101291,2026-09-30 10:35:06.634,AUTO,77.97,161,12553.17,-0.001,0,normal
TRD-101292,2026-09-30 10:35:06.702,TECH,195.54,175,34219.5,-0.403,0,normal
TRD-101293,2026-09-30 10:35:08.594,BANK,41.06,291,11948.46,-0.029,0,normal
TRD-101294,2026-09-30 10:35:08.780,AUTO,77.97,275,21441.75,-0.009,0,normal
TRD-101295,2026-09-30 10:35:15.318,AUTO,77.96,1267,98775.32,-0.027,0,normal
TRD-101296,2026-09-30 10:35:16.154,TECH,195.63,84,16432.92,0.612,0,normal
TRD-101297,2026-09-30 10:35:19.092,BANK,41.03,149,6113.47,-0.172,0,normal
TRD-101298,2026-09-30 10:35:19.291,AUTO,77.95,125,9743.75,-0.064,0,normal
TRD-101299,2026-09-30 10:35:21.057,BANK,41.01,428,17552.28,-0.111,0,normal
TRD-101300,2026-09-30 10:35:22.289,TECH,195.65,253,49499.45,0.135,0,normal
TRD-101301,2026-09-30 10:35:26.861,TECH,195.59,181,35401.79,-0.394,0,normal
TRD-101302,2026-09-30 10:35:31.532,AUTO,77.9,269,20955.1,-0.349,0,normal
TRD-101303,2026-09-30 10:35:31.669,ENERGY,87.2,302,26334.4,0.153,0,normal
TRD-101304,2026-09-30 10:35:33.963,ENERGY,87.2,277,24154.4,-0.004,0,normal
TRD-101305,2026-09-30 10:35:35.965,AUTO,77.9,452,35210.8,-0.017,0,normal
TRD-101306,2026-09-30 10:35:36.735,BANK,41.03,239,9806.17,0.128,0,normal
TRD-101307,2026-09-30 10:35:37.718,AUTO,77.83,105,8172.15,-0.442,0,normal
TRD-101308,2026-09-30 10:35:41.508,TECH,195.59,160,31294.4,0.004,0,normal
TRD-101309,2026-09-30 10:35:48.736,BANK,41.04,763,31313.52,0.025,0,normal
TRD-101310,2026-09-30 10:35:50.154,PHARMA,131.62,75,9871.5,0.271,0,normal
TRD-101311,2026-09-30 10:35:51.288,BANK,40.91,8914,364671.74,0.026,1,volume_spike
TRD-101312,2026-09-30 10:35:51.307,AUTO,77.82,213,16575.66,-0.064,0,normal
TRD-101313,2026-09-30 10:35:53.080,PHARMA,131.68,115,15143.2,0.351,0,normal
TRD-101314,2026-09-30 10:35:58.388,BANK,40.99,261,10698.39,-0.285,0,normal
TRD-101315,2026-09-30 10:36:06.130,BANK,40.99,328,13444.72,-0.004,0,normal
TRD-101316,2026-09-30 10:36:11.645,PHARMA,131.64,203,26722.92,-0.23,0,normal
TRD-101317,2026-09-30 10:36:12.334,AUTO,77.83,312,24282.96,0.065,0,normal
TRD-101318,2026-09-30 10:36:15.215,TECH,195.57,271,52999.47,-0.141,0,normal
TRD-101319,2026-09-30 10:36:15.357,BANK,41.02,367,15054.34,0.142,0,normal
TRD-101320,2026-09-30 10:36:28.822,PHARMA,131.65,61,8030.65,0.031,0,normal
TRD-101321,2026-09-30 10:36:30.264,BANK,41.01,1338,54871.38,-0.057,0,normal
TRD-101322,2026-09-30 10:36:34.575,PHARMA,131.61,96,12634.56,-0.225,0,normal
TRD-101323,2026-09-30 10:36:35.977,PHARMA,131.62,108,14214.96,0.051,0,normal
TRD-101324,2026-09-30 10:36:37.040,AUTO,77.89,226,17603.14,0.389,0,normal
TRD-101325,2026-09-30 10:36:38.769,TECH,195.53,164,32066.92,-0.252,0,normal
TRD-101326,2026-09-30 10:36:39.911,AUTO,77.9,241,18773.9,0.088,0,normal
TRD-101327,2026-09-30 10:36:43.411,ENERGY,87.23,207,18056.61,0.186,0,normal
TRD-101328,2026-09-30 10:36:57.269,BANK,41.04,718,29466.72,0.246,0,normal
TRD-101329,2026-09-30 10:36:57.295,BANK,41.04,438,17975.52,-0.046,0,normal
TRD-101330,2026-09-30 10:36:57.637,AUTO,77.92,255,19869.6,0.1,0,normal
TRD-101331,2026-09-30 10:37:00.809,PHARMA,131.71,172,22654.12,0.625,0,normal
TRD-101332,2026-09-30 10:37:12.284,BANK,41.05,336,13792.8,0.108,0,normal
TRD-101333,2026-09-30 10:37:13.840,PHARMA,131.73,46,6059.58,0.084,0,normal
TRD-101334,2026-09-30 10:37:17.058,ENERGY,87.24,202,17622.48,0.036,0,normal
TRD-101335,2026-09-30 10:37:22.521,BANK,41.07,505,20740.35,0.11,0,normal
TRD-101336,2026-09-30 10:37:32.923,BANK,41.07,654,26859.78,0.018,0,normal
TRD-101337,2026-09-30 10:37:35.087,BANK,41.07,215,8830.05,-0.029,0,normal
TRD-101338,2026-09-30 10:37:36.942,ENERGY,87.23,230,20062.9,-0.038,0,normal
TRD-101339,2026-09-30 10:37:39.807,BANK,41.08,219,8996.52,0.056,0,normal
TRD-101340,2026-09-30 10:37:40.473,PHARMA,131.78,373,49153.94,0.358,0,normal
TRD-101341,2026-09-30 10:37:46.021,AUTO,77.93,174,13559.82,0.047,0,normal
TRD-101342,2026-09-30 10:37:49.148,AUTO,77.95,258,20111.1,0.144,0,normal
TRD-101343,2026-09-30 10:37:50.750,ENERGY,87.23,218,19016.14,0.007,0,normal
TRD-101344,2026-09-30 10:37:51.071,TECH,195.61,160,31297.6,0.511,0,normal
TRD-101345,2026-09-30 10:37:54.158,TECH,195.61,473,92523.53,0.003,0,normal
TRD-101346,2026-09-30 10:38:00.174,BANK,41.08,264,10845.12,0.036,0,normal
TRD-101347,2026-09-30 10:38:01.176,BANK,41.1,173,7110.3,0.1,0,normal
TRD-101348,2026-09-30 10:38:03.264,AUTO,77.99,105,8188.95,0.276,0,normal
TRD-101349,2026-09-30 10:38:06.744,TECH,195.57,263,51434.91,-0.223,0,normal
TRD-101350,2026-09-30 10:38:09.882,TECH,195.61,305,59661.05,0.247,0,normal
TRD-101351,2026-09-30 10:38:09.968,TECH,195.57,331,64733.67,-0.242,0,normal
TRD-101352,2026-09-30 10:38:10.009,AUTO,77.99,122,9514.78,0.004,0,normal
TRD-101353,2026-09-30 10:38:11.223,TECH,195.54,163,31873.02,-0.245,0,normal
TRD-101354,2026-09-30 10:38:12.225,BANK,41.07,110,4517.7,-0.178,0,normal
TRD-101355,2026-09-30 10:38:17.881,TECH,195.61,122,23864.42,0.453,0,normal
TRD-101356,2026-09-30 10:38:20.189,BANK,41.05,762,31280.1,-0.103,0,normal
TRD-101357,2026-09-30 10:38:22.088,BANK,41.07,366,15031.62,0.073,0,normal
TRD-101358,2026-09-30 10:38:23.687,TECH,195.61,144,28167.84,0.032,0,normal
TRD-101359,2026-09-30 10:38:26.504,PHARMA,131.78,187,24642.86,-0.003,0,normal
TRD-101360,2026-09-30 10:38:31.736,BANK,41.08,1062,43626.96,0.093,0,normal
TRD-101361,2026-09-30 10:38:35.832,AUTO,78.0,298,23244.0,0.073,0,normal
TRD-101362,2026-09-30 10:38:47.455,BANK,41.12,253,10403.36,0.258,0,normal
TRD-101363,2026-09-30 10:38:48.038,BANK,41.11,344,14141.84,-0.041,0,normal
TRD-101364,2026-09-30 10:38:50.755,TECH,195.68,175,34244.0,0.463,0,normal
TRD-101365,2026-09-30 10:38:59.388,TECH,195.57,213,41656.41,-0.746,0,normal
TRD-101366,2026-09-30 10:39:02.045,TECH,195.58,144,28163.52,0.073,0,normal
TRD-101367,2026-09-30 10:39:03.724,BANK,41.12,151,6209.12,0.047,0,normal
TRD-101368,2026-09-30 10:39:04.389,ENERGY,87.27,5197,453542.19,0.005,1,volume_spike
TRD-101369,2026-09-30 10:39:05.305,BANK,41.11,411,16896.21,-0.032,0,normal
TRD-101370,2026-09-30 10:39:05.392,ENERGY,87.27,211,18413.97,0.26,0,normal
TRD-101371,2026-09-30 10:39:11.833,TECH,195.51,11256,2200660.56,0.007,1,volume_spike
TRD-101372,2026-09-30 10:39:12.085,AUTO,78.01,128,9985.28,0.036,0,normal
TRD-101373,2026-09-30 10:39:26.041,AUTO,77.99,252,19653.48,-0.115,0,normal
TRD-101374,2026-09-30 10:39:32.957,AUTO,77.99,81,6317.19,0.012,0,normal
TRD-101375,2026-09-30 10:39:37.363,ENERGY,87.24,243,21199.32,-0.167,0,normal
TRD-101376,2026-09-30 10:39:37.945,AUTO,78.0,339,26442.0,0.09,0,normal
TRD-101377,2026-09-30 10:39:49.340,ENERGY,87.21,114,9941.94,-0.246,0,normal
TRD-101378,2026-09-30 10:39:50.821,PHARMA,131.76,145,19105.2,-0.156,0,normal
TRD-101379,2026-09-30 10:39:52.435,AUTO,78.01,183,14275.83,0.052,0,normal
TRD-101380,2026-09-30 10:39:54.526,AUTO,78.02,272,21221.44,0.059,0,normal
TRD-101381,2026-09-30 10:39:54.581,TECH,195.65,131,25630.15,0.46,0,normal
TRD-101382,2026-09-30 10:39:56.930,BANK,41.13,437,17973.81,0.076,0,normal
TRD-101383,2026-09-30 10:39:57.133,BANK,41.11,168,6906.48,-0.112,0,normal
TRD-101384,2026-09-30 10:40:03.838,BANK,41.09,228,9368.52,-0.138,0,normal
TRD-101385,2026-09-30 10:40:04.584,AUTO,78.01,309,24105.09,-0.06,0,normal
TRD-101386,2026-09-30 10:40:15.712,TECH,195.67,264,51656.88,0.174,0,normal
TRD-101387,2026-09-30 10:40:25.463,PHARMA,131.75,142,18708.5,-0.063,0,normal
TRD-101388,2026-09-30 10:40:27.386,AUTO,78.0,814,63492.0,-0.083,0,normal
TRD-101389,2026-09-30 10:40:30.372,AUTO,78.0,105,8190.0,-0.017,0,normal
TRD-101390,2026-09-30 10:40:32.870,AUTO,78.05,150,11707.5,0.367,0,normal
TRD-101391,2026-09-30 10:40:34.860,BANK,41.07,196,8049.72,-0.149,0,normal
TRD-101392,2026-09-30 10:40:38.894,BANK,41.06,603,24759.18,-0.05,0,normal
TRD-101393,2026-09-30 10:40:39.688,TECH,195.66,108,21131.28,-0.112,0,normal
TRD-101394,2026-09-30 10:40:40.853,ENERGY,87.23,78,6803.94,0.155,0,normal
TRD-101395,2026-09-30 10:40:45.589,BANK,41.05,228,9359.4,-0.041,0,normal
TRD-101396,2026-09-30 10:40:45.657,ENERGY,87.2,232,20230.4,-0.231,0,normal
TRD-101397,2026-09-30 10:40:49.386,TECH,195.72,237,46385.64,0.391,0,normal
TRD-101398,2026-09-30 10:40:49.766,BANK,41.03,422,17314.66,-0.142,0,normal
TRD-101399,2026-09-30 10:40:53.268,TECH,203.83,208,42396.64,8.11,1,price_shock
TRD-101400,2026-09-30 10:40:53.625,ENERGY,87.23,268,23377.64,0.211,0,normal
TRD-101401,2026-09-30 10:40:54.318,TECH,203.87,239,48724.93,0.279,0,normal
TRD-101402,2026-09-30 10:40:54.533,TECH,203.94,117,23860.98,0.453,0,normal
TRD-101403,2026-09-30 10:40:54.704,TECH,203.84,473,96416.32,-0.648,0,normal
TRD-101404,2026-09-30 10:40:55.993,TECH,203.8,106,21602.8,-0.274,0,normal
TRD-101405,2026-09-30 10:40:57.118,TECH,203.73,260,52969.8,-0.461,0,normal
TRD-101406,2026-09-30 10:41:01.559,TECH,203.73,302,61526.46,-0.027,0,normal
TRD-101407,2026-09-30 10:41:13.428,BANK,41.04,401,16457.04,0.055,0,normal
TRD-101408,2026-09-30 10:41:17.833,TECH,203.84,103,20995.52,0.753,0,normal
TRD-101409,2026-09-30 10:41:18.404,TECH,203.77,160,32603.2,-0.504,0,normal
TRD-101410,2026-09-30 10:41:20.396,AUTO,78.02,132,10298.64,-0.198,0,normal
TRD-101411,2026-09-30 10:41:31.665,PHARMA,131.78,70,9224.6,0.194,0,normal
TRD-101412,2026-09-30 10:41:32.547,TECH,203.88,136,27727.68,0.792,0,normal
TRD-101413,2026-09-30 10:41:35.763,ENERGY,87.25,147,12825.75,0.162,0,normal
TRD-101414,2026-09-30 10:41:41.221,TECH,203.85,493,100498.05,-0.251,0,normal
TRD-101415,2026-09-30 10:41:46.647,TECH,203.8,265,54007.0,-0.327,0,normal
TRD-101416,2026-09-30 10:41:47.970,TECH,203.87,89,18144.43,0.48,0,normal
TRD-101417,2026-09-30 10:41:50.861,TECH,203.74,103,20985.22,-0.89,0,normal
TRD-101418,2026-09-30 10:41:51.418,TECH,203.73,127,25873.71,-0.035,0,normal
TRD-101419,2026-09-30 10:41:52.652,ENERGY,87.28,253,22081.84,0.179,0,normal
TRD-101420,2026-09-30 10:41:56.341,TECH,203.73,204,41560.92,-0.027,0,normal
TRD-101421,2026-09-30 10:41:56.744,PHARMA,131.77,64,8433.28,-0.053,0,normal
TRD-101422,2026-09-30 10:41:57.791,BANK,41.06,277,11373.62,0.121,0,normal
TRD-101423,2026-09-30 10:42:00.399,ENERGY,87.25,191,16664.75,-0.22,0,normal
TRD-101424,2026-09-30 10:42:05.218,PHARMA,131.84,206,27159.04,0.509,0,normal
TRD-101425,2026-09-30 10:42:05.594,BANK,41.07,364,14949.48,0.081,0,normal
TRD-101426,2026-09-30 10:42:12.110,TECH,203.69,139,28312.91,-0.276,0,normal
TRD-101427,2026-09-30 10:42:13.576,ENERGY,87.25,70,6107.5,0.033,0,normal
TRD-101428,2026-09-30 10:42:15.326,BANK,41.08,844,34671.52,0.065,0,normal
TRD-101429,2026-09-30 10:42:15.478,TECH,203.68,69,14053.92,-0.022,0,normal
TRD-101430,2026-09-30 10:42:16.726,BANK,41.1,249,10233.9,0.108,0,normal
TRD-101431,2026-09-30 10:42:21.297,BANK,41.08,470,19307.6,-0.13,0,normal
TRD-101432,2026-09-30 10:42:24.132,BANK,41.08,117,4806.36,0.034,0,normal
TRD-101433,2026-09-30 10:42:26.153,ENERGY,87.23,393,34281.39,-0.167,0,normal
TRD-101434,2026-09-30 10:42:27.180,AUTO,78.03,299,23330.97,0.032,0,normal
TRD-101435,2026-09-30 10:42:34.773,TECH,203.65,213,43377.45,-0.24,0,normal
TRD-101436,2026-09-30 10:42:35.580,PHARMA,131.74,193,25425.82,-0.67,0,normal
TRD-101437,2026-09-30 10:42:42.223,TECH,203.69,158,32183.02,0.279,0,normal
TRD-101438,2026-09-30 10:42:42.655,TECH,203.73,175,35652.75,0.267,0,normal
TRD-101439,2026-09-30 10:42:44.533,BANK,41.11,139,5714.29,0.22,0,normal
TRD-101440,2026-09-30 10:42:45.668,BANK,41.13,388,15958.44,0.087,0,normal
TRD-101441,2026-09-30 10:42:45.739,TECH,203.7,91,18536.7,-0.194,0,normal
TRD-101442,2026-09-30 10:42:46.208,ENERGY,87.25,165,14396.25,0.144,0,normal
TRD-101443,2026-09-30 10:42:47.374,TECH,203.7,260,52962.0,0.033,0,normal
TRD-101444,2026-09-30 10:42:50.477,AUTO,78.03,2253,175801.59,-2.033,1,multivariate_break
TRD-101445,2026-09-30 10:42:53.630,TECH,203.76,151,30767.76,0.37,0,normal
TRD-101446,2026-09-30 10:42:56.823,ENERGY,80.32,121,9718.72,-6.933,1,price_shock
TRD-101447,2026-09-30 10:42:58.707,ENERGY,80.34,375,30127.5,0.156,0,normal
TRD-101448,2026-09-30 10:43:03.914,BANK,41.1,780,32058.0,-0.155,0,normal
TRD-101449,2026-09-30 10:43:05.439,AUTO,77.97,461,35944.17,-0.378,0,normal
TRD-101450,2026-09-30 10:43:12.704,TECH,203.84,64,13045.76,0.522,0,normal
TRD-101451,2026-09-30 10:43:17.336,BANK,41.12,226,9293.12,0.105,0,normal
TRD-101452,2026-09-30 10:43:19.778,BANK,41.12,250,10280.0,-0.022,0,normal
TRD-101453,2026-09-30 10:43:22.035,PHARMA,131.71,298,39249.58,-0.22,0,normal
TRD-101454,2026-09-30 10:43:24.633,PHARMA,131.63,96,12636.48,-0.547,0,normal
TRD-101455,2026-09-30 10:43:26.279,BANK,41.12,438,18010.56,0.057,0,normal
TRD-101456,2026-09-30 10:43:30.896,BANK,41.1,309,12699.9,-0.136,0,normal
TRD-101457,2026-09-30 10:43:31.850,TECH,203.81,199,40558.19,-0.198,0,normal
TRD-101458,2026-09-30 10:43:44.417,ENERGY,80.29,220,17663.8,-0.35,0,normal
TRD-101459,2026-09-30 10:43:45.845,BANK,41.1,171,7028.1,-0.03,0,normal
TRD-101460,2026-09-30 10:43:47.181,ENERGY,80.25,186,14926.5,-0.293,0,normal
TRD-101461,2026-09-30 10:44:03.082,ENERGY,80.27,130,10435.1,0.148,0,normal
TRD-101462,2026-09-30 10:44:04.473,BANK,41.12,321,13199.52,0.14,0,normal
TRD-101463,2026-09-30 10:44:04.505,AUTO,78.02,265,20675.3,0.344,0,normal
TRD-101464,2026-09-30 10:44:08.519,AUTO,78.05,365,28488.25,0.16,0,normal
TRD-101465,2026-09-30 10:44:09.013,AUTO,78.06,397,30989.82,0.097,0,normal
TRD-101466,2026-09-30 10:44:14.933,BANK,41.15,307,12633.05,0.217,0,normal
TRD-101467,2026-09-30 10:44:15.675,PHARMA,131.59,79,10395.61,-0.245,0,normal
TRD-101468,2026-09-30 10:44:20.270,PHARMA,131.54,189,24861.06,-0.35,0,normal
TRD-101469,2026-09-30 10:44:22.092,AUTO,78.04,317,24738.68,-0.159,0,normal
TRD-101470,2026-09-30 10:44:27.682,PHARMA,131.58,165,21710.7,0.278,0,normal
TRD-101471,2026-09-30 10:44:30.854,BANK,41.15,235,9670.25,-0.005,0,normal
TRD-101472,2026-09-30 10:44:31.871,TECH,203.84,216,44029.44,0.241,0,normal
TRD-101473,2026-09-30 10:44:35.065,BANK,41.16,449,18480.84,0.069,0,normal
TRD-101474,2026-09-30 10:44:35.890,AUTO,78.11,238,18590.18,0.469,0,normal
TRD-101475,2026-09-30 10:44:40.856,AUTO,78.13,157,12266.41,0.151,0,normal
TRD-101476,2026-09-30 10:44:41.598,PHARMA,131.66,133,17510.78,0.522,0,normal
TRD-101477,2026-09-30 10:44:43.274,ENERGY,80.29,601,48254.29,0.145,0,normal
TRD-101478,2026-09-30 10:44:49.695,PHARMA,131.63,153,20139.39,-0.196,0,normal
TRD-101479,2026-09-30 10:44:53.176,ENERGY,80.32,255,20481.6,0.223,0,normal
TRD-101480,2026-09-30 10:44:53.346,TECH,203.86,146,29763.56,0.117,0,normal
TRD-101481,2026-09-30 10:44:58.835,ENERGY,80.3,249,19994.7,-0.177,0,normal
TRD-101482,2026-09-30 10:44:59.563,AUTO,78.12,370,28904.4,-0.036,0,normal
TRD-101483,2026-09-30 10:45:00.189,BANK,41.15,329,13538.35,-0.098,0,normal
TRD-101484,2026-09-30 10:45:04.339,PHARMA,131.69,211,27786.59,0.422,0,normal
TRD-101485,2026-09-30 10:45:08.627,TECH,203.92,374,76266.08,0.417,0,normal
TRD-101486,2026-09-30 10:45:12.446,PHARMA,131.63,350,46070.5,-0.444,0,normal
TRD-101487,2026-09-30 10:45:24.138,TECH,203.86,349,71147.14,-0.408,0,normal
TRD-101488,2026-09-30 10:45:26.387,BANK,41.16,404,16628.64,0.071,0,normal
TRD-101489,2026-09-30 10:45:26.665,ENERGY,80.22,118,9465.96,-0.543,0,normal
TRD-101490,2026-09-30 10:45:30.797,TECH,203.82,154,31388.28,-0.298,0,normal
TRD-101491,2026-09-30 10:45:34.665,PHARMA,131.58,179,23552.82,-0.288,0,normal
TRD-101492,2026-09-30 10:45:36.395,BANK,41.19,1318,54288.42,0.202,0,normal
TRD-101493,2026-09-30 10:45:42.613,TECH,203.76,204,41567.04,-0.373,0,normal
TRD-101494,2026-09-30 10:45:54.166,TECH,203.84,81,16511.04,0.516,0,normal
TRD-101495,2026-09-30 10:45:54.197,TECH,203.8,69,14062.2,-0.267,0,normal
TRD-101496,2026-09-30 10:45:59.267,TECH,203.75,181,36878.75,-0.302,0,normal
TRD-101497,2026-09-30 10:46:01.660,TECH,203.67,193,39308.31,-0.576,0,normal
TRD-101498,2026-09-30 10:46:02.023,TECH,203.71,165,33612.15,0.283,0,normal
TRD-101499,2026-09-30 10:46:02.419,ENERGY,80.23,223,17891.29,0.06,0,normal
TRD-101500,2026-09-30 10:46:06.896,PHARMA,131.61,343,45142.23,0.16,0,normal
TRD-101501,2026-09-30 10:46:08.630,BANK,41.2,207,8528.4,0.067,0,normal
TRD-101502,2026-09-30 10:46:08.685,PHARMA,131.68,138,18171.84,0.494,0,normal
TRD-101503,2026-09-30 10:46:13.717,BANK,41.2,2823,116307.6,2.506,1,multivariate_break
TRD-101504,2026-09-30 10:46:19.675,BANK,41.21,427,17596.67,0.065,0,normal
TRD-101505,2026-09-30 10:46:21.204,PHARMA,131.7,141,18569.7,0.092,0,normal
TRD-101506,2026-09-30 10:46:21.512,BANK,45.79,2,91.58,4.586,1,liquidity_vacuum
TRD-101507,2026-09-30 10:46:22.494,BANK,41.22,1186,48886.92,0.088,0,normal
TRD-101508,2026-09-30 10:46:25.936,AUTO,78.1,175,13667.5,-0.164,0,normal
TRD-101509,2026-09-30 10:46:25.998,TECH,203.76,168,34231.68,0.306,0,normal
TRD-101510,2026-09-30 10:46:28.686,TECH,203.78,263,53594.14,0.128,0,normal
TRD-101511,2026-09-30 10:46:31.882,BANK,41.24,563,23218.12,0.099,0,normal
TRD-101512,2026-09-30 10:46:32.149,TECH,203.83,387,78882.21,0.39,0,normal
TRD-101513,2026-09-30 10:46:33.286,PHARMA,131.69,195,25679.55,-0.027,0,normal
TRD-101514,2026-09-30 10:46:36.209,AUTO,78.15,155,12113.25,0.36,0,normal
TRD-101515,2026-09-30 10:46:37.795,AUTO,78.19,188,14699.72,0.256,0,normal
TRD-101516,2026-09-30 10:46:41.693,ENERGY,80.21,221,17726.41,-0.083,0,normal
TRD-101517,2026-09-30 10:46:42.503,ENERGY,80.22,197,15803.34,0.03,0,normal
TRD-101518,2026-09-30 10:46:48.061,AUTO,78.15,226,17661.9,-0.264,0,normal
TRD-101519,2026-09-30 10:46:52.281,AUTO,78.12,200,15624.0,-0.209,0,normal
TRD-101520,2026-09-30 10:46:54.081,BANK,41.25,232,9570.0,0.062,0,normal
TRD-101521,2026-09-30 10:46:55.478,PHARMA,131.79,120,15814.8,0.623,0,normal
TRD-101522,2026-09-30 10:47:00.809,BANK,41.28,262,10815.36,0.245,0,normal
TRD-101523,2026-09-30 10:47:02.808,BANK,41.29,268,11065.72,0.06,0,normal
TRD-101524,2026-09-30 10:47:05.953,BANK,41.28,184,7595.52,-0.062,0,normal
TRD-101525,2026-09-30 10:47:15.484,TECH,203.94,205,41807.7,0.723,0,normal
TRD-101526,2026-09-30 10:47:17.795,ENERGY,80.2,152,12190.4,-0.15,0,normal
TRD-101527,2026-09-30 10:47:27.979,TECH,203.89,144,29360.16,-0.326,0,normal
TRD-101528,2026-09-30 10:47:28.283,AUTO,78.1,194,15151.4,-0.158,0,normal
TRD-101529,2026-09-30 10:47:29.946,BANK,41.29,196,8092.84,0.078,0,normal
TRD-101530,2026-09-30 10:47:34.956,BANK,41.29,207,8547.03,-0.048,0,normal
TRD-101531,2026-09-30 10:47:36.416,TECH,203.88,169,34455.72,-0.069,0,normal
TRD-101532,2026-09-30 10:47:38.786,TECH,203.87,285,58102.95,-0.113,0,normal
TRD-101533,2026-09-30 10:47:40.271,PHARMA,131.73,139,18310.47,-0.371,0,normal
TRD-101534,2026-09-30 10:47:41.637,ENERGY,80.16,387,31021.92,-0.203,0,normal
TRD-101535,2026-09-30 10:47:41.740,TECH,203.85,83,16919.55,-0.087,0,normal
TRD-101536,2026-09-30 10:47:42.925,PHARMA,131.76,215,28328.4,0.223,0,normal
TRD-101537,2026-09-30 10:47:49.293,TECH,203.9,225,45877.5,0.284,0,normal
TRD-101538,2026-09-30 10:47:49.975,BANK,41.32,260,10743.2,0.201,0,normal
TRD-101539,2026-09-30 10:47:52.271,AUTO,78.1,231,18041.1,-0.003,0,normal
TRD-101540,2026-09-30 10:47:52.366,TECH,203.81,164,33424.84,-0.553,0,normal
TRD-101541,2026-09-30 10:48:03.515,AUTO,78.09,231,18038.79,-0.017,0,normal
TRD-101542,2026-09-30 10:48:06.599,TECH,203.89,187,38127.43,0.544,0,normal
TRD-101543,2026-09-30 10:48:11.103,TECH,203.9,122,24875.8,0.026,0,normal
TRD-101544,2026-09-30 10:48:12.278,AUTO,78.12,136,10624.32,0.163,0,normal
TRD-101545,2026-09-30 10:48:13.213,PHARMA,131.76,85,11199.6,0.01,0,normal
TRD-101546,2026-09-30 10:48:21.325,TECH,203.96,147,29982.12,0.425,0,normal
TRD-101547,2026-09-30 10:48:21.848,AUTO,78.09,239,18663.51,-0.216,0,normal
TRD-101548,2026-09-30 10:48:27.500,BANK,41.33,354,14630.82,0.111,0,normal
TRD-101549,2026-09-30 10:48:30.703,TECH,204.01,570,116285.7,0.291,0,normal
TRD-101550,2026-09-30 10:48:31.912,ENERGY,80.08,257,20580.56,-0.535,0,normal
TRD-101551,2026-09-30 10:48:32.739,TECH,204.01,112,22849.12,0.025,0,normal
TRD-101552,2026-09-30 10:48:35.764,PHARMA,131.84,169,22280.96,0.479,0,normal
TRD-101553,2026-09-30 10:48:38.079,TECH,203.91,131,26712.21,-0.673,0,normal
TRD-101554,2026-09-30 10:48:42.001,TECH,203.99,139,28354.61,0.513,0,normal
TRD-101555,2026-09-30 10:48:43.370,BANK,41.36,520,21507.2,0.149,0,normal
TRD-101556,2026-09-30 10:48:47.166,BANK,41.35,640,26464.0,-0.071,0,normal
TRD-101557,2026-09-30 10:48:52.747,TECH,203.95,128,26105.6,-0.231,0,normal
TRD-101558,2026-09-30 10:48:53.678,ENERGY,80.07,248,19857.36,-0.069,0,normal
TRD-101559,2026-09-30 10:48:58.045,TECH,204.01,88,17952.88,0.383,0,normal
TRD-101560,2026-09-30 10:49:01.603,BANK,41.38,419,17338.22,0.196,0,normal
TRD-101561,2026-09-30 10:49:15.420,BANK,41.38,270,11172.6,0.036,0,normal
TRD-101562,2026-09-30 10:49:21.262,AUTO,78.07,397,30993.79,-0.108,0,normal
TRD-101563,2026-09-30 10:49:22.159,PHARMA,131.88,112,14770.56,0.269,0,normal
TRD-101564,2026-09-30 10:49:22.716,AUTO,78.02,174,13575.48,-0.32,0,normal
TRD-101565,2026-09-30 10:49:28.135,TECH,203.98,58,11830.84,-0.175,0,normal
TRD-101566,2026-09-30 10:49:33.473,AUTO,78.04,239,18651.56,0.094,0,normal
TRD-101567,2026-09-30 10:49:34.433,TECH,203.97,56,11422.32,-0.083,0,normal
TRD-101568,2026-09-30 10:49:35.106,AUTO,78.06,218,17017.08,0.175,0,normal
TRD-101569,2026-09-30 10:49:35.651,AUTO,78.09,375,29283.75,0.165,0,normal
TRD-101570,2026-09-30 10:49:39.265,TECH,203.98,125,25497.5,0.041,0,normal
TRD-101571,2026-09-30 10:49:39.601,AUTO,78.08,119,9291.52,-0.016,0,normal
TRD-101572,2026-09-30 10:49:41.003,TECH,203.98,468,95462.64,0.047,0,normal
TRD-101573,2026-09-30 10:49:44.091,TECH,203.93,183,37319.19,-0.329,0,normal
TRD-101574,2026-09-30 10:49:49.514,AUTO,78.08,223,17411.84,-0.044,0,normal
TRD-101575,2026-09-30 10:49:52.376,TECH,203.9,296,60354.4,-0.257,0,normal
TRD-101576,2026-09-30 10:49:54.221,BANK,41.39,308,12748.12,0.062,0,normal
TRD-101577,2026-09-30 10:49:56.514,BANK,41.38,400,16552.0,-0.062,0,normal
TRD-101578,2026-09-30 10:49:56.632,TECH,203.85,98,19977.3,-0.303,0,normal
TRD-101579,2026-09-30 10:50:00.267,AUTO,78.02,398,31051.96,-0.392,0,normal
TRD-101580,2026-09-30 10:50:01.379,AUTO,78.02,408,31832.16,0.041,0,normal
TRD-101581,2026-09-30 10:50:04.790,AUTO,78.0,98,7644.0,-0.194,0,normal
TRD-101582,2026-09-30 10:50:13.081,TECH,203.86,323,65846.78,0.097,0,normal
TRD-101583,2026-09-30 10:50:15.588,TECH,203.85,380,77463.0,-0.087,0,normal
TRD-101584,2026-09-30 10:50:16.684,ENERGY,80.06,148,11848.88,-0.12,0,normal
TRD-101585,2026-09-30 10:50:17.638,ENERGY,80.09,457,36601.13,0.212,0,normal
TRD-101586,2026-09-30 10:50:17.763,PHARMA,131.89,140,18464.6,0.103,0,normal
TRD-101587,2026-09-30 10:50:19.932,PHARMA,131.86,148,19515.28,-0.245,0,normal
TRD-101588,2026-09-30 10:50:20.123,ENERGY,80.13,143,11458.59,0.275,0,normal
TRD-101589,2026-09-30 10:50:26.299,TECH,199.5,1,199.5,-4.349,1,liquidity_vacuum
TRD-101590,2026-09-30 10:50:28.209,TECH,203.92,74,15090.08,0.462,0,normal
TRD-101591,2026-09-30 10:50:30.257,BANK,41.37,770,31854.9,-0.046,0,normal
TRD-101592,2026-09-30 10:50:39.538,TECH,203.88,229,46688.52,-0.253,0,normal
TRD-101593,2026-09-30 10:50:40.801,BANK,41.35,304,12570.4,-0.161,0,normal
TRD-101594,2026-09-30 10:50:43.626,BANK,41.35,182,7525.7,0.025,0,normal
TRD-101595,2026-09-30 10:50:45.573,AUTO,77.98,154,12008.92,-0.111,0,normal
TRD-101596,2026-09-30 10:50:55.768,AUTO,77.98,35,2729.3,-0.013,0,normal
TRD-101597,2026-09-30 10:50:56.457,TECH,203.91,351,71572.41,0.163,0,normal
TRD-101598,2026-09-30 10:51:03.077,TECH,203.97,138,28147.86,0.41,0,normal
TRD-101599,2026-09-30 10:51:04.538,AUTO,77.97,138,10759.86,-0.055,0,normal
TRD-101600,2026-09-30 10:51:12.624,TECH,204.03,186,37949.58,0.428,0,normal
TRD-101601,2026-09-30 10:51:14.580,BANK,41.37,323,13362.51,0.105,0,normal
TRD-101602,2026-09-30 10:51:19.146,AUTO,77.92,281,21895.52,-0.324,0,normal
TRD-101603,2026-09-30 10:51:26.643,AUTO,77.86,470,36594.2,-0.376,0,normal
TRD-101604,2026-09-30 10:51:27.855,PHARMA,131.87,211,27824.57,0.093,0,normal
TRD-101605,2026-09-30 10:51:31.989,BANK,41.34,320,13228.8,-0.161,0,normal
TRD-101606,2026-09-30 10:51:32.878,TECH,204.02,413,84260.26,-0.089,0,normal
TRD-101607,2026-09-30 10:51:34.939,PHARMA,131.87,83,10945.21,0.008,0,normal
TRD-101608,2026-09-30 10:51:37.762,AUTO,77.89,225,17525.25,0.2,0,normal
TRD-101609,2026-09-30 10:51:38.752,PHARMA,131.89,103,13584.67,0.109,0,normal
TRD-101610,2026-09-30 10:51:38.774,BANK,41.33,814,33642.62,-0.075,0,normal
TRD-101611,2026-09-30 10:51:46.752,AUTO,77.9,509,39651.1,0.055,0,normal
TRD-101612,2026-09-30 10:51:51.790,BANK,41.33,224,9257.92,-0.021,0,normal
TRD-101613,2026-09-30 10:51:56.508,AUTO,77.93,209,16287.37,0.185,0,normal
TRD-101614,2026-09-30 10:51:56.755,PHARMA,131.87,298,39297.26,-0.123,0,normal
TRD-101615,2026-09-30 10:52:00.462,AUTO,77.89,163,12696.07,-0.277,0,normal
TRD-101616,2026-09-30 10:52:01.454,BANK,41.33,261,10787.13,-0.025,0,normal
TRD-101617,2026-09-30 10:52:02.706,BANK,41.32,397,16404.04,-0.011,0,normal
TRD-101618,2026-09-30 10:52:05.862,PHARMA,131.84,116,15293.44,-0.186,0,normal
TRD-101619,2026-09-30 10:52:06.366,BANK,41.32,372,15371.04,-0.036,0,normal
TRD-101620,2026-09-30 10:52:09.495,TECH,204.02,2366,482711.32,-2.798,1,multivariate_break
TRD-101621,2026-09-30 10:52:10.496,BANK,41.34,210,8681.4,0.123,0,normal
TRD-101622,2026-09-30 10:52:10.535,ENERGY,73.64,277,20398.28,-6.491,1,price_shock
TRD-101623,2026-09-30 10:52:11.856,BANK,41.33,1034,42735.22,-0.049,0,normal
TRD-101624,2026-09-30 10:52:12.558,BANK,41.27,1118,46139.86,-0.39,0,normal
TRD-101625,2026-09-30 10:52:16.695,BANK,41.3,557,23004.1,0.204,0,normal
TRD-101626,2026-09-30 10:52:20.347,PHARMA,131.87,311,41011.57,0.174,0,normal
TRD-101627,2026-09-30 10:52:22.824,TECH,203.97,149,30391.53,-0.342,0,normal
TRD-101628,2026-09-30 10:52:27.491,PHARMA,131.9,248,32711.2,0.232,0,normal
TRD-101629,2026-09-30 10:52:27.883,AUTO,77.85,222,17282.7,-0.239,0,normal
TRD-101630,2026-09-30 10:52:29.257,BANK,41.31,241,9955.71,0.05,0,normal
TRD-101631,2026-09-30 10:52:32.280,TECH,204.02,330,67326.6,0.369,0,normal
TRD-101632,2026-09-30 10:52:34.116,BANK,41.3,225,9292.5,-0.049,0,normal
TRD-101633,2026-09-30 10:52:34.853,BANK,41.29,422,17424.38,-0.079,0,normal
TRD-101634,2026-09-30 10:52:36.076,ENERGY,73.61,274,20169.14,-0.173,0,normal
TRD-101635,2026-09-30 10:52:40.660,AUTO,77.89,342,26638.38,0.237,0,normal
TRD-101636,2026-09-30 10:52:41.849,TECH,204.0,129,26316.0,-0.163,0,normal
TRD-101637,2026-09-30 10:52:42.700,BANK,41.3,550,22715.0,0.08,0,normal
TRD-101638,2026-09-30 10:52:48.735,PHARMA,131.86,272,35865.92,-0.3,0,normal
TRD-101639,2026-09-30 10:52:51.266,BANK,41.29,371,15318.59,-0.112,0,normal
TRD-101640,2026-09-30 10:52:55.878,AUTO,77.92,99,7714.08,0.219,0,normal
TRD-101641,2026-09-30 10:53:00.692,ENERGY,73.64,206,15169.84,0.202,0,normal
TRD-101642,2026-09-30 10:53:03.361,TECH,203.92,446,90948.32,-0.531,0,normal
TRD-101643,2026-09-30 10:53:06.650,ENERGY,73.64,785,57807.4,-0.032,0,normal
TRD-101644,2026-09-30 10:53:16.165,PHARMA,131.8,117,15420.6,-0.36,0,normal
TRD-101645,2026-09-30 10:53:16.776,AUTO,77.89,674,52497.86,-0.2,0,normal
TRD-101646,2026-09-30 10:53:16.902,BANK,41.28,298,12301.44,-0.026,0,normal
TRD-101647,2026-09-30 10:53:27.475,PHARMA,131.82,181,23859.42,0.116,0,normal
TRD-101648,2026-09-30 10:53:37.111,TECH,203.97,310,63230.7,0.307,0,normal
TRD-101649,2026-09-30 10:53:40.816,TECH,204.08,286,58366.88,0.739,0,normal
TRD-101650,2026-09-30 10:53:43.883,BANK,41.29,428,17672.12,0.045,0,normal
TRD-101651,2026-09-30 10:53:48.955,ENERGY,73.64,434,31959.76,-0.014,0,normal
TRD-101652,2026-09-30 10:53:49.604,BANK,41.29,708,29233.32,-0.005,0,normal
TRD-101653,2026-09-30 10:53:55.723,TECH,204.02,182,37131.64,-0.404,0,normal
TRD-101654,2026-09-30 10:53:56.705,AUTO,77.85,139,10821.15,-0.243,0,normal
TRD-101655,2026-09-30 10:53:57.295,PHARMA,131.85,230,30325.5,0.192,0,normal
TRD-101656,2026-09-30 10:53:59.407,AUTO,77.87,311,24217.57,0.097,0,normal
TRD-101657,2026-09-30 10:54:01.832,AUTO,77.86,306,23825.16,-0.027,0,normal
TRD-101658,2026-09-30 10:54:06.798,BANK,41.29,197,8134.13,0.013,0,normal
TRD-101659,2026-09-30 10:54:08.331,AUTO,77.86,254,19776.44,-0.017,0,normal
TRD-101660,2026-09-30 10:54:10.212,PHARMA,131.9,147,19389.3,0.326,0,normal
TRD-101661,2026-09-30 10:54:15.135,TECH,204.04,180,36727.2,0.186,0,normal
TRD-101662,2026-09-30 10:54:15.293,PHARMA,131.94,225,29686.5,0.285,0,normal
TRD-101663,2026-09-30 10:54:22.186,TECH,204.08,402,82040.16,0.273,0,normal
TRD-101664,2026-09-30 10:54:31.711,TECH,204.05,228,46523.4,-0.243,0,normal
TRD-101665,2026-09-30 10:54:33.454,BANK,41.3,112,4625.6,0.087,0,normal
TRD-101666,2026-09-30 10:54:48.398,AUTO,77.87,655,51004.85,0.033,0,normal
TRD-101667,2026-09-30 10:54:51.557,BANK,41.32,298,12313.36,0.123,0,normal
TRD-101668,2026-09-30 10:54:53.417,BANK,41.34,217,8970.78,0.105,0,normal
TRD-101669,2026-09-30 10:54:54.175,BANK,41.33,575,23764.75,-0.054,0,normal
TRD-101670,2026-09-30 10:54:56.070,AUTO,77.86,168,13080.48,-0.025,0,normal
TRD-101671,2026-09-30 10:54:58.658,BANK,41.35,321,13273.35,0.155,0,normal
TRD-101672,2026-09-30 10:54:58.685,AUTO,77.87,174,13549.38,0.042,0,normal
TRD-101673,2026-09-30 10:55:06.056,BANK,41.35,316,13066.6,-0.015,0,normal
TRD-101674,2026-09-30 10:55:07.140,BANK,41.36,386,15964.96,0.08,0,normal
TRD-101675,2026-09-30 10:55:17.809,BANK,41.36,600,24816.0,-0.014,0,normal
TRD-101676,2026-09-30 10:55:17.905,TECH,204.04,270,55090.8,-0.07,0,normal
TRD-101677,2026-09-30 10:55:17.945,BANK,41.38,175,7241.5,0.143,0,normal
TRD-101678,2026-09-30 10:55:19.257,PHARMA,131.96,111,14647.56,0.144,0,normal
TRD-101679,2026-09-30 10:55:25.984,TECH,203.94,232,47314.08,-0.628,0,normal
TRD-101680,2026-09-30 10:55:26.210,TECH,203.94,3000,611820.0,2.113,1,multivariate_break
TRD-101681,2026-09-30 10:55:29.607,TECH,204.04,305,62232.2,0.619,0,normal
TRD-101682,2026-09-30 10:55:33.711,TECH,204.01,77,15708.77,-0.143,0,normal
TRD-101683,2026-09-30 10:55:37.561,BANK,41.39,418,17301.02,0.029,0,normal
TRD-101684,2026-09-30 10:55:39.457,AUTO,77.91,125,9738.75,0.253,0,normal
TRD-101685,2026-09-30 10:55:50.605,ENERGY,73.69,256,18864.64,0.339,0,normal
TRD-101686,2026-09-30 10:55:52.286,ENERGY,73.62,290,21349.8,-0.446,0,normal
TRD-101687,2026-09-30 10:55:58.436,ENERGY,73.65,138,10163.7,0.158,0,normal
TRD-101688,2026-09-30 10:55:59.009,ENERGY,73.64,412,30339.68,-0.028,0,normal
TRD-101689,2026-09-30 10:55:59.377,TECH,204.03,141,28768.23,0.093,0,normal
TRD-101690,2026-09-30 10:55:59.410,PHARMA,131.92,198,26120.16,-0.262,0,normal
TRD-101691,2026-09-30 10:55:59.799,PHARMA,131.92,181,23877.52,-0.009,0,normal
TRD-101692,2026-09-30 10:56:02.319,AUTO,77.93,352,27431.36,0.146,0,normal
TRD-101693,2026-09-30 10:56:03.234,PHARMA,131.93,94,12401.42,0.056,0,normal
TRD-101694,2026-09-30 10:56:06.008,AUTO,69.18,392,27118.56,-8.745,1,price_shock
TRD-101695,2026-09-30 10:56:07.955,BANK,41.38,684,28303.92,-0.032,0,normal
TRD-101696,2026-09-30 10:56:16.300,BANK,41.39,255,10554.45,0.088,0,normal
TRD-101697,2026-09-30 10:56:16.985,PHARMA,131.95,304,40112.8,0.125,0,normal
TRD-101698,2026-09-30 10:56:29.640,PHARMA,131.94,151,19922.94,-0.047,0,normal
TRD-101699,2026-09-30 10:56:34.148,BANK,41.39,286,11837.54,-0.025,0,normal
TRD-101700,2026-09-30 10:56:36.575,TECH,204.01,158,32233.58,-0.113,0,normal
TRD-101701,2026-09-30 10:56:37.322,PHARMA,131.92,62,8179.04,-0.122,0,normal
TRD-101702,2026-09-30 10:56:43.254,PHARMA,131.97,372,49092.84,0.287,0,normal
TRD-101703,2026-09-30 10:56:50.620,AUTO,69.2,258,17853.6,0.162,0,normal
TRD-101704,2026-09-30 10:57:12.142,BANK,41.4,287,11881.8,0.074,0,normal
TRD-101705,2026-09-30 10:57:12.299,AUTO,69.22,204,14120.88,0.113,0,normal
TRD-101706,2026-09-30 10:57:17.332,TECH,204.02,311,63450.22,0.058,0,normal
TRD-101707,2026-09-30 10:57:27.901,AUTO,69.23,282,19522.86,0.068,0,normal
TRD-101708,2026-09-30 10:57:28.467,AUTO,69.23,119,8238.37,-0.03,0,normal
TRD-101709,2026-09-30 10:57:29.054,BANK,41.39,448,18542.72,-0.065,0,normal
TRD-101710,2026-09-30 10:57:30.561,PHARMA,131.94,59,7784.46,-0.193,0,normal
TRD-101711,2026-09-30 10:57:31.909,TECH,203.99,191,38962.09,-0.227,0,normal
TRD-101712,2026-09-30 10:57:35.752,TECH,203.95,248,50579.6,-0.263,0,normal
TRD-101713,2026-09-30 10:57:36.005,TECH,203.93,175,35687.75,-0.137,0,normal
TRD-101714,2026-09-30 10:57:36.983,BANK,41.38,405,16758.9,-0.066,0,normal
TRD-101715,2026-09-30 10:57:48.767,PHARMA,132.01,81,10692.81,0.49,0,normal
TRD-101716,2026-09-30 10:57:49.846,BANK,41.39,541,22391.99,0.061,0,normal
TRD-101717,2026-09-30 10:57:52.416,BANK,41.39,358,14817.62,0.01,0,normal
TRD-101718,2026-09-30 10:57:53.921,TECH,203.91,63,12846.33,-0.125,0,normal
TRD-101719,2026-09-30 10:58:00.551,BANK,41.36,434,17950.24,-0.222,0,normal
TRD-101720,2026-09-30 10:58:03.475,AUTO,69.26,611,42317.86,0.199,0,normal
TRD-101721,2026-09-30 10:58:09.078,TECH,203.79,148,30160.92,-0.768,0,normal
TRD-101722,2026-09-30 10:58:10.250,BANK,41.36,549,22706.64,-0.005,0,normal
TRD-101723,2026-09-30 10:58:11.332,TECH,203.86,157,32006.02,0.449,0,normal
TRD-101724,2026-09-30 10:58:14.774,ENERGY,73.58,210,15451.8,-0.415,0,normal
TRD-101725,2026-09-30 10:58:20.001,BANK,41.38,611,25283.18,0.164,0,normal
TRD-101726,2026-09-30 10:58:20.606,BANK,41.4,263,10888.2,0.133,0,normal
TRD-101727,2026-09-30 10:58:23.759,BANK,41.4,383,15856.2,-0.002,0,normal
TRD-101728,2026-09-30 10:58:26.151,TECH,203.84,191,38933.44,-0.098,0,normal
TRD-101729,2026-09-30 10:58:26.479,TECH,203.91,116,23653.56,0.454,0,normal
TRD-101730,2026-09-30 10:58:31.297,BANK,41.4,291,12047.4,0.01,0,normal
TRD-101731,2026-09-30 10:58:36.001,BANK,41.4,550,22770.0,-0.0,0,normal
TRD-101732,2026-09-30 10:58:37.908,AUTO,69.28,145,10045.6,0.14,0,normal
TRD-101733,2026-09-30 10:58:38.109,ENERGY,73.65,147,10826.55,0.476,0,normal
TRD-101734,2026-09-30 10:58:43.069,TECH,203.95,167,34059.65,0.22,0,normal
TRD-101735,2026-09-30 10:58:44.292,BANK,41.42,862,35704.04,0.073,0,normal
TRD-101736,2026-09-30 10:58:49.343,BANK,41.42,499,20668.58,0.037,0,normal
TRD-101737,2026-09-30 10:58:53.682,TECH,203.94,293,59754.42,-0.055,0,normal
TRD-101738,2026-09-30 10:58:57.066,ENERGY,73.69,166,12232.54,0.264,0,normal
TRD-101739,2026-09-30 10:58:57.548,AUTO,69.29,132,9146.28,0.077,0,normal
TRD-101740,2026-09-30 10:59:00.707,TECH,203.88,151,30785.88,-0.418,0,normal
TRD-101741,2026-09-30 10:59:02.951,TECH,203.88,80,16310.4,0.065,0,normal
TRD-101742,2026-09-30 10:59:05.840,BANK,41.39,351,14527.89,-0.198,0,normal
TRD-101743,2026-09-30 10:59:10.241,AUTO,69.26,467,32344.42,-0.191,0,normal
TRD-101744,2026-09-30 10:59:10.895,PHARMA,132.07,264,34866.48,0.378,0,normal
TRD-101745,2026-09-30 10:59:11.036,TECH,203.88,192,39144.96,-0.048,0,normal
TRD-101746,2026-09-30 10:59:13.877,BANK,41.41,720,29815.2,0.148,0,normal
TRD-101747,2026-09-30 10:59:15.685,ENERGY,73.68,109,8031.12,-0.053,0,normal
TRD-101748,2026-09-30 10:59:24.482,TECH,203.87,176,35881.12,-0.05,0,normal
TRD-101749,2026-09-30 10:59:27.159,PHARMA,132.12,168,22196.16,0.332,0,normal
TRD-101750,2026-09-30 10:59:32.596,TECH,203.83,113,23032.79,-0.262,0,normal
TRD-101751,2026-09-30 10:59:35.361,BANK,41.41,690,28572.9,-0.056,0,normal
TRD-101752,2026-09-30 10:59:37.945,TECH,203.81,423,86211.63,-0.116,0,normal
TRD-101753,2026-09-30 10:59:40.937,ENERGY,73.65,249,18338.85,-0.202,0,normal
TRD-101754,2026-09-30 10:59:41.853,TECH,203.86,302,61565.72,0.287,0,normal
TRD-101755,2026-09-30 10:59:42.206,BANK,41.4,157,6499.8,-0.052,0,normal
TRD-101756,2026-09-30 10:59:51.749,TECH,203.89,193,39350.77,0.239,0,normal
TRD-101757,2026-09-30 10:59:57.673,BANK,41.38,494,20441.72,-0.126,0,normal
TRD-101758,2026-09-30 10:59:59.189,AUTO,69.26,330,22855.8,0.019,0,normal
TRD-101759,2026-09-30 11:00:04.915,PHARMA,132.07,83,10961.81,-0.346,0,normal
TRD-101760,2026-09-30 11:00:07.150,BANK,41.39,913,37789.07,0.067,0,normal
TRD-101761,2026-09-30 11:00:07.291,PHARMA,132.02,119,15710.38,-0.281,0,normal
TRD-101762,2026-09-30 11:00:14.306,BANK,41.37,353,14603.61,-0.136,0,normal
TRD-101763,2026-09-30 11:00:16.520,TECH,204.08,13815,2819365.2,-0.156,1,volume_spike
TRD-101764,2026-09-30 11:00:21.117,TECH,203.98,232,47323.36,0.57,0,normal
TRD-101765,2026-09-30 11:00:27.562,TECH,203.99,122,24886.78,0.094,0,normal
TRD-101766,2026-09-30 11:00:29.225,BANK,41.37,1137,47037.69,0.025,0,normal
TRD-101767,2026-09-30 11:00:30.638,TECH,201.08,5,1005.4,-2.917,1,liquidity_vacuum
TRD-101768,2026-09-30 11:00:33.777,BANK,41.36,111,4590.96,-0.05,0,normal
TRD-101769,2026-09-30 11:00:34.057,BANK,41.37,386,15968.82,0.065,0,normal
TRD-101770,2026-09-30 11:00:35.577,TECH,204.08,183,37346.64,0.555,0,normal
TRD-101771,2026-09-30 11:00:37.793,TECH,204.03,209,42642.27,-0.282,0,normal
TRD-101772,2026-09-30 11:00:40.640,PHARMA,132.05,245,32352.25,0.186,0,normal
TRD-101773,2026-09-30 11:00:45.843,TECH,204.01,214,43658.14,-0.135,0,normal
TRD-101774,2026-09-30 11:00:48.890,TECH,203.93,240,48943.2,-0.558,0,normal
TRD-101775,2026-09-30 11:00:49.372,AUTO,69.24,251,17379.24,-0.175,0,normal
TRD-101776,2026-09-30 11:00:49.903,AUTO,69.19,390,26984.1,-0.339,0,normal
TRD-101777,2026-09-30 11:00:51.251,BANK,41.36,167,6907.12,-0.11,0,normal
TRD-101778,2026-09-30 11:00:52.643,TECH,203.93,194,39562.42,0.013,0,normal
TRD-101779,2026-09-30 11:00:56.588,BANK,41.37,101,4178.37,0.091,0,normal
TRD-101780,2026-09-30 11:00:59.988,BANK,41.36,106,4384.16,-0.067,0,normal
TRD-101781,2026-09-30 11:01:05.476,TECH,203.94,88,17946.72,0.08,0,normal
TRD-101782,2026-09-30 11:01:06.421,ENERGY,73.66,382,28138.12,0.086,0,normal
TRD-101783,2026-09-30 11:01:06.819,PHARMA,132.06,156,20601.36,0.093,0,normal
TRD-101784,2026-09-30 11:01:08.356,TECH,203.98,88,17950.24,0.239,0,normal
TRD-101785,2026-09-30 11:01:08.862,BANK,41.34,590,24390.6,-0.176,0,normal
TRD-101786,2026-09-30 11:01:09.534,AUTO,69.2,612,42350.4,0.12,0,normal
TRD-101787,2026-09-30 11:01:11.220,TECH,203.95,110,22434.5,-0.21,0,normal
TRD-101788,2026-09-30 11:01:16.951,PHARMA,132.14,177,23388.78,0.509,0,normal
TRD-101789,2026-09-30 11:01:20.358,TECH,203.9,101,20593.9,-0.318,0,normal
TRD-101790,2026-09-30 11:01:23.206,TECH,203.88,137,27931.56,-0.123,0,normal
TRD-101791,2026-09-30 11:01:25.559,AUTO,69.27,82,5680.14,0.432,0,normal
TRD-101792,2026-09-30 11:01:30.624,TECH,203.91,254,51793.14,0.207,0,normal
TRD-101793,2026-09-30 11:01:33.253,TECH,203.88,163,33232.44,-0.227,0,normal
TRD-101794,2026-09-30 11:01:38.377,ENERGY,73.68,231,17020.08,0.113,0,normal
TRD-101795,2026-09-30 11:01:39.732,TECH,203.81,162,33017.22,-0.466,0,normal
TRD-101796,2026-09-30 11:01:47.968,BANK,41.32,356,14709.92,-0.08,0,normal
TRD-101797,2026-09-30 11:01:52.242,AUTO,69.31,241,16703.71,0.254,0,normal
TRD-101798,2026-09-30 11:01:54.971,TECH,203.82,367,74801.94,0.107,0,normal
TRD-101799,2026-09-30 11:02:03.580,TECH,203.89,309,63002.01,0.414,0,normal
TRD-101800,2026-09-30 11:02:13.512,PHARMA,132.07,189,24961.23,-0.482,0,normal
TRD-101801,2026-09-30 11:02:16.668,AUTO,69.32,74,5129.68,0.095,0,normal
TRD-101802,2026-09-30 11:02:17.215,TECH,203.97,143,29167.71,0.528,0,normal
TRD-101803,2026-09-30 11:02:19.259,PHARMA,132.07,184,24300.88,-0.011,0,normal
TRD-101804,2026-09-30 11:02:22.771,PHARMA,132.01,239,31550.39,-0.361,0,normal
TRD-101805,2026-09-30 11:02:24.021,BANK,41.35,155,6409.25,0.157,0,normal
TRD-101806,2026-09-30 11:02:24.239,TECH,203.92,135,27529.2,-0.294,0,normal
TRD-101807,2026-09-30 11:02:31.106,BANK,41.32,345,14255.4,-0.157,0,normal
TRD-101808,2026-09-30 11:02:31.628,ENERGY,73.64,152,11193.28,-0.281,0,normal
TRD-101809,2026-09-30 11:02:35.943,BANK,41.35,453,18731.55,0.201,0,normal
TRD-101810,2026-09-30 11:02:36.998,BANK,41.33,365,15085.45,-0.136,0,normal
TRD-101811,2026-09-30 11:02:37.109,PHARMA,132.02,208,27460.16,0.058,0,normal
TRD-101812,2026-09-30 11:02:38.513,TECH,204.04,254,51826.16,0.771,0,normal
TRD-101813,2026-09-30 11:02:38.532,PHARMA,132.07,206,27206.42,0.349,0,normal
TRD-101814,2026-09-30 11:02:40.718,BANK,41.33,119,4918.27,-0.048,0,normal
TRD-101815,2026-09-30 11:02:52.121,TECH,204.09,146,29797.14,0.332,0,normal
TRD-101816,2026-09-30 11:02:52.631,TECH,204.07,156,31834.92,-0.098,0,normal
TRD-101817,2026-09-30 11:02:53.477,PHARMA,135.1,1,135.1,3.027,1,liquidity_vacuum
TRD-101818,2026-09-30 11:02:55.978,TECH,204.04,130,26525.2,-0.24,0,normal
TRD-101819,2026-09-30 11:02:57.090,PHARMA,132.03,105,13863.15,-0.269,0,normal
TRD-101820,2026-09-30 11:03:06.791,ENERGY,73.58,76,5592.08,-0.425,0,normal
TRD-101821,2026-09-30 11:03:07.385,BANK,41.29,219,9042.51,-0.211,0,normal
TRD-101822,2026-09-30 11:03:07.831,TECH,204.05,89,18160.45,0.1,0,normal
TRD-101823,2026-09-30 11:03:08.976,BANK,41.32,291,12024.12,0.157,0,normal
TRD-101824,2026-09-30 11:03:12.545,PHARMA,132.01,238,31418.38,-0.185,0,normal
TRD-101825,2026-09-30 11:03:14.153,PHARMA,131.96,125,16495.0,-0.299,0,normal
TRD-101826,2026-09-30 11:03:16.814,BANK,41.31,395,16317.45,-0.049,0,normal
TRD-101827,2026-09-30 11:03:21.254,AUTO,69.31,313,21694.03,-0.086,0,normal
TRD-101828,2026-09-30 11:03:24.537,AUTO,69.26,83,5748.58,-0.301,0,normal
TRD-101829,2026-09-30 11:03:25.748,TECH,203.97,372,75876.84,-0.518,0,normal
TRD-101830,2026-09-30 11:03:31.786,ENERGY,73.64,156,11487.84,0.417,0,normal
TRD-101831,2026-09-30 11:03:33.054,PHARMA,131.98,345,45533.1,0.111,0,normal
TRD-101832,2026-09-30 11:03:34.804,TECH,208.54,97,20228.38,4.563,1,price_shock
TRD-101833,2026-09-30 11:03:39.407,ENERGY,73.6,221,16265.6,-0.261,0,normal
TRD-101834,2026-09-30 11:03:39.547,BANK,41.31,238,9831.78,0.028,0,normal
TRD-101835,2026-09-30 11:03:41.733,TECH,208.38,7220,1504503.6,0.013,1,volume_spike
TRD-101836,2026-09-30 11:03:42.999,TECH,208.55,322,67153.1,0.094,0,normal
TRD-101837,2026-09-30 11:03:45.334,PHARMA,132.07,174,22980.18,0.632,0,normal
TRD-101838,2026-09-30 11:03:48.439,AUTO,69.3,213,14760.9,0.242,0,normal
TRD-101839,2026-09-30 11:03:51.690,AUTO,69.32,309,21419.88,0.118,0,normal
TRD-101840,2026-09-30 11:03:52.209,TECH,208.49,245,51080.05,-0.395,0,normal
TRD-101841,2026-09-30 11:03:52.674,AUTO,69.31,147,10188.57,-0.035,0,normal
TRD-101842,2026-09-30 11:03:54.809,ENERGY,73.62,293,21570.66,0.12,0,normal
TRD-101843,2026-09-30 11:04:03.266,PHARMA,132.05,138,18222.9,-0.17,0,normal
TRD-101844,2026-09-30 11:04:04.114,TECH,208.52,263,54840.76,0.159,0,normal
TRD-101845,2026-09-30 11:04:05.117,AUTO,69.28,94,6512.32,-0.229,0,normal
TRD-101846,2026-09-30 11:04:07.583,PHARMA,132.04,156,20598.24,-0.026,0,normal
TRD-101847,2026-09-30 11:04:11.017,ENERGY,73.66,120,8839.2,0.304,0,normal
TRD-101848,2026-09-30 11:04:11.114,AUTO,69.32,244,16914.08,0.303,0,normal
TRD-101849,2026-09-30 11:04:11.962,AUTO,69.35,133,9223.55,0.2,0,normal
TRD-101850,2026-09-30 11:04:13.469,AUTO,60.44,254,15351.76,-8.91,1,price_shock
TRD-101851,2026-09-30 11:04:14.818,ENERGY,73.66,347,25560.02,-0.036,0,normal
TRD-101852,2026-09-30 11:04:17.289,BANK,41.29,105,4335.45,-0.158,0,normal
TRD-101853,2026-09-30 11:04:19.343,PHARMA,132.03,188,24821.64,-0.107,0,normal
TRD-101854,2026-09-30 11:04:20.303,AUTO,60.46,326,19709.96,0.135,0,normal
TRD-101855,2026-09-30 11:04:20.315,BANK,41.32,224,9255.68,0.169,0,normal
TRD-101856,2026-09-30 11:04:21.201,BANK,41.35,477,19723.95,0.204,0,normal
TRD-101857,2026-09-30 11:04:22.264,ENERGY,73.63,156,11486.28,-0.175,0,normal
TRD-101858,2026-09-30 11:04:23.316,TECH,208.41,190,39597.9,-0.75,0,normal
TRD-101859,2026-09-30 11:04:23.853,AUTO,60.46,152,9189.92,0.003,0,normal
TRD-101860,2026-09-30 11:04:24.093,BANK,41.3,636,26266.8,-0.292,0,normal
TRD-101861,2026-09-30 11:04:31.076,TECH,208.43,203,42311.29,0.182,0,normal
TRD-101862,2026-09-30 11:04:32.387,BANK,41.25,273,11261.25,-0.371,0,normal
TRD-101863,2026-09-30 11:04:33.809,TECH,208.33,110,22916.3,-0.719,0,normal
TRD-101864,2026-09-30 11:04:49.114,AUTO,60.44,76,4593.44,-0.124,0,normal
TRD-101865,2026-09-30 11:04:50.229,BANK,35.09,88,3087.92,-6.16,1,price_shock
TRD-101866,2026-09-30 11:04:50.411,AUTO,60.44,385,23269.4,0.007,0,normal
TRD-101867,2026-09-30 11:04:55.482,AUTO,60.43,161,9729.23,-0.093,0,normal
TRD-101868,2026-09-30 11:04:56.557,TECH,208.36,168,35004.48,0.261,0,normal
TRD-101869,2026-09-30 11:04:57.128,BANK,35.08,224,7857.92,-0.074,0,normal
TRD-101870,2026-09-30 11:04:57.485,BANK,35.06,1078,37794.68,-0.119,0,normal
TRD-101871,2026-09-30 11:05:00.586,BANK,35.03,432,15132.96,-0.185,0,normal
TRD-101872,2026-09-30 11:05:09.357,TECH,208.35,124,25835.4,-0.093,0,normal
TRD-101873,2026-09-30 11:05:09.490,ENERGY,73.66,459,33809.94,0.194,0,normal
TRD-101874,2026-09-30 11:05:24.928,ENERGY,73.68,165,12157.2,0.152,0,normal
TRD-101875,2026-09-30 11:05:26.344,BANK,35.01,141,4936.41,-0.189,0,normal
TRD-101876,2026-09-30 11:05:27.034,TECH,208.28,96,19994.88,-0.449,0,normal
TRD-101877,2026-09-30 11:05:41.169,TECH,203.37,2,406.74,-4.912,1,liquidity_vacuum
TRD-101878,2026-09-30 11:05:41.244,ENERGY,73.72,93,6855.96,0.242,0,normal
TRD-101879,2026-09-30 11:05:43.634,AUTO,60.42,179,10815.18,-0.083,0,normal
TRD-101880,2026-09-30 11:05:52.154,AUTO,60.43,135,8158.05,0.076,0,normal
TRD-101881,2026-09-30 11:05:52.830,ENERGY,73.78,68,5017.04,0.438,0,normal
TRD-101882,2026-09-30 11:05:55.410,PHARMA,131.97,192,25338.24,-0.39,0,normal
TRD-101883,2026-09-30 11:05:56.393,BANK,35.01,3080,107830.8,-2.658,1,multivariate_break
TRD-101884,2026-09-30 11:06:04.548,PHARMA,131.92,359,47359.28,-0.345,0,normal
TRD-101885,2026-09-30 11:06:05.807,BANK,34.97,279,9756.63,-0.259,0,normal
TRD-101886,2026-09-30 11:06:10.525,AUTO,60.41,180,10873.8,-0.147,0,normal
TRD-101887,2026-09-30 11:06:11.760,TECH,208.2,142,29564.4,-0.558,0,normal
TRD-101888,2026-09-30 11:06:11.811,TECH,208.38,4591,956672.58,0.07,1,volume_spike
TRD-101889,2026-09-30 11:06:12.285,TECH,208.24,212,44146.88,0.254,0,normal
TRD-101890,2026-09-30 11:06:15.678,AUTO,60.35,118,7121.3,-0.359,0,normal
TRD-101891,2026-09-30 11:06:16.454,ENERGY,73.81,446,32919.26,0.162,0,normal
TRD-101892,2026-09-30 11:06:18.891,TECH,208.24,276,57474.24,0.033,0,normal
TRD-101893,2026-09-30 11:06:18.990,ENERGY,73.79,106,7821.74,-0.157,0,normal
TRD-101894,2026-09-30 11:06:19.303,PHARMA,131.92,111,14643.12,0.005,0,normal
TRD-101895,2026-09-30 11:06:22.215,BANK,34.95,594,20760.3,-0.1,0,normal
TRD-101896,2026-09-30 11:06:25.207,TECH,208.25,272,56644.0,0.044,0,normal
TRD-101897,2026-09-30 11:06:27.763,TECH,208.27,91,18952.57,0.157,0,normal
TRD-101898,2026-09-30 11:06:27.945,BANK,34.96,452,15801.92,0.037,0,normal
TRD-101899,2026-09-30 11:06:30.633,AUTO,60.37,208,12556.96,0.148,0,normal
TRD-101900,2026-09-30 11:06:32.898,BANK,34.95,389,13595.55,-0.052,0,normal
TRD-101901,2026-09-30 11:06:34.580,ENERGY,73.74,95,7005.3,-0.306,0,normal
TRD-101902,2026-09-30 11:06:36.905,TECH,208.26,148,30822.48,-0.11,0,normal
TRD-101903,2026-09-30 11:06:38.811,BANK,34.94,551,19251.94,-0.033,0,normal
TRD-101904,2026-09-30 11:06:49.927,ENERGY,73.75,130,9587.5,0.042,0,normal
TRD-101905,2026-09-30 11:06:52.004,BANK,34.97,305,10665.85,0.181,0,normal
TRD-101906,2026-09-30 11:06:52.176,TECH,208.22,191,39770.02,-0.269,0,normal
TRD-101907,2026-09-30 11:06:54.645,BANK,34.98,209,7310.82,0.089,0,normal
TRD-101908,2026-09-30 11:06:55.831,BANK,34.99,869,30406.31,0.012,0,normal
TRD-101909,2026-09-30 11:06:57.354,TECH,208.25,239,49771.75,0.258,0,normal
TRD-101910,2026-09-30 11:06:59.913,PHARMA,131.98,203,26791.94,0.431,0,normal
TRD-101911,2026-09-30 11:07:01.727,ENERGY,73.74,171,12609.54,-0.069,0,normal
TRD-101912,2026-09-30 11:07:06.059,TECH,208.24,60,12494.4,-0.102,0,normal
TRD-101913,2026-09-30 11:07:06.804,PHARMA,132.05,121,15978.05,0.463,0,normal
TRD-101914,2026-09-30 11:07:13.438,AUTO,60.43,277,16739.11,0.368,0,normal
TRD-101915,2026-09-30 11:07:19.381,PHARMA,132.08,137,18094.96,0.219,0,normal
TRD-101916,2026-09-30 11:07:22.231,BANK,35.0,861,30135.0,0.102,0,normal
TRD-101917,2026-09-30 11:07:22.253,TECH,208.31,121,25205.51,0.475,0,normal
TRD-101918,2026-09-30 11:07:24.013,TECH,208.23,275,57263.25,-0.542,0,normal
TRD-101919,2026-09-30 11:07:27.700,ENERGY,73.76,289,21316.64,0.155,0,normal
TRD-101920,2026-09-30 11:07:28.992,BANK,35.02,250,8755.0,0.105,0,normal
TRD-101921,2026-09-30 11:07:29.365,TECH,208.18,130,27063.4,-0.306,0,normal
TRD-101922,2026-09-30 11:07:35.683,AUTO,60.46,455,27509.3,0.217,0,normal
TRD-101923,2026-09-30 11:07:38.394,BANK,34.97,393,13743.21,-0.31,0,normal
TRD-101924,2026-09-30 11:07:40.948,AUTO,60.45,190,11485.5,-0.064,0,normal
TRD-101925,2026-09-30 11:07:41.300,BANK,34.96,227,7935.92,-0.088,0,normal
TRD-101926,2026-09-30 11:07:50.570,PHARMA,132.02,777,102579.54,-0.432,0,normal
TRD-101927,2026-09-30 11:07:50.897,AUTO,60.46,422,25514.12,0.06,0,normal
TRD-101928,2026-09-30 11:07:52.619,TECH,208.17,63,13114.71,-0.057,0,normal
TRD-101929,2026-09-30 11:07:53.432,AUTO,60.47,91,5502.77,0.043,0,normal
TRD-101930,2026-09-30 11:07:57.360,AUTO,60.5,201,12160.5,0.221,0,normal
TRD-101931,2026-09-30 11:07:57.892,ENERGY,73.78,196,14460.88,0.116,0,normal
TRD-101932,2026-09-30 11:08:11.705,TECH,208.26,368,76639.68,0.582,0,normal
TRD-101933,2026-09-30 11:08:12.097,BANK,34.96,339,11851.44,-0.006,0,normal
TRD-101934,2026-09-30 11:08:16.758,ENERGY,73.79,314,23170.06,0.097,0,normal
TRD-101935,2026-09-30 11:08:20.845,AUTO,60.46,278,16807.88,-0.26,0,normal
TRD-101936,2026-09-30 11:08:22.439,BANK,34.96,986,34470.56,0.043,0,normal
TRD-101937,2026-09-30 11:08:24.099,TECH,208.3,82,17080.6,0.243,0,normal
TRD-101938,2026-09-30 11:08:24.164,PHARMA,132.02,96,12673.92,0.002,0,normal
TRD-101939,2026-09-30 11:08:24.352,BANK,34.98,294,10284.12,0.14,0,normal
TRD-101940,2026-09-30 11:08:27.024,BANK,34.98,263,9199.74,-0.012,0,normal
TRD-101941,2026-09-30 11:08:34.721,AUTO,60.48,116,7015.68,0.114,0,normal
TRD-101942,2026-09-30 11:08:36.395,AUTO,60.5,97,5868.5,0.121,0,normal
TRD-101943,2026-09-30 11:08:36.879,AUTO,60.44,174,10516.56,-0.411,0,normal
TRD-101944,2026-09-30 11:08:40.816,AUTO,60.43,268,16195.24,-0.011,0,normal
TRD-101945,2026-09-30 11:08:42.576,BANK,34.97,337,11784.89,-0.096,0,normal
TRD-101946,2026-09-30 11:08:44.854,AUTO,60.41,181,10934.21,-0.157,0,normal
TRD-101947,2026-09-30 11:08:44.907,BANK,34.97,158,5525.26,0.023,0,normal
TRD-101948,2026-09-30 11:08:46.573,TECH,208.15,153,31846.95,-1.0,0,normal
TRD-101949,2026-09-30 11:09:07.046,TECH,208.11,222,46200.42,-0.251,0,normal
TRD-101950,2026-09-30 11:09:12.762,TECH,208.15,339,70562.85,0.251,0,normal
TRD-101951,2026-09-30 11:09:14.863,BANK,34.97,57,1993.29,-0.032,0,normal
TRD-101952,2026-09-30 11:09:18.591,BANK,34.97,89,3112.33,-0.001,0,normal
TRD-101953,2026-09-30 11:09:19.132,BANK,34.99,609,21308.91,0.133,0,normal
TRD-101954,2026-09-30 11:09:19.292,BANK,34.95,178,6221.1,-0.215,0,normal
TRD-101955,2026-09-30 11:09:34.871,BANK,34.83,10063,350494.29,-0.04,1,volume_spike
TRD-101956,2026-09-30 11:09:42.589,AUTO,60.35,212,12794.2,-0.394,0,normal
TRD-101957,2026-09-30 11:09:50.895,BANK,34.94,130,4542.2,-0.089,0,normal
TRD-101958,2026-09-30 11:09:54.881,BANK,34.92,615,21475.8,-0.143,0,normal
TRD-101959,2026-09-30 11:09:57.241,BANK,34.89,339,11827.71,-0.203,0,normal
TRD-101960,2026-09-30 11:10:01.235,TECH,208.13,251,52240.63,-0.092,0,normal
TRD-101961,2026-09-30 11:10:02.803,BANK,34.88,427,14893.76,-0.045,0,normal
TRD-101962,2026-09-30 11:10:03.569,ENERGY,73.81,89,6569.09,0.127,0,normal
TRD-101963,2026-09-30 11:10:05.544,AUTO,60.36,343,20703.48,0.043,0,normal
TRD-101964,2026-09-30 11:10:08.571,BANK,34.86,419,14606.34,-0.163,0,normal
TRD-101965,2026-09-30 11:10:15.266,AUTO,60.37,106,6399.22,0.048,0,normal
TRD-101966,2026-09-30 11:10:16.048,AUTO,60.36,366,22091.76,-0.023,0,normal
TRD-101967,2026-09-30 11:10:17.365,ENERGY,73.8,170,12546.0,-0.076,0,normal
TRD-101968,2026-09-30 11:10:25.013,BANK,34.89,693,24178.77,0.205,0,normal
TRD-101969,2026-09-30 11:10:28.008,ENERGY,73.83,88,6497.04,0.22,0,normal
TRD-101970,2026-09-30 11:10:28.588,TECH,208.14,453,94287.42,0.017,0,normal
TRD-101971,2026-09-30 11:10:29.779,TECH,208.03,275,57208.25,-0.704,0,normal
TRD-101972,2026-09-30 11:10:34.571,ENERGY,73.81,203,14983.43,-0.122,0,normal
TRD-101973,2026-09-30 11:10:34.926,PHARMA,132.03,124,16371.72,0.06,0,normal
TRD-101974,2026-09-30 11:10:35.834,BANK,34.9,186,6491.4,0.097,0,normal
TRD-101975,2026-09-30 11:10:39.718,TECH,208.01,251,52210.51,-0.147,0,normal
TRD-101976,2026-09-30 11:10:40.322,BANK,34.92,337,11768.04,0.116,0,normal
TRD-101977,2026-09-30 11:10:42.507,AUTO,60.41,119,7188.79,0.318,0,normal
TRD-101978,2026-09-30 11:10:42.918,PHARMA,132.03,75,9902.25,0.039,0,normal
TRD-101979,2026-09-30 11:10:44.230,TECH,208.03,267,55544.01,0.157,0,normal
TRD-101980,2026-09-30 11:10:50.239,ENERGY,73.81,186,13728.66,-0.015,0,normal
TRD-101981,2026-09-30 11:10:51.043,BANK,34.94,463,16177.22,0.146,0,normal
TRD-101982,2026-09-30 11:10:51.727,BANK,34.97,324,11330.28,0.178,0,normal
TRD-101983,2026-09-30 11:10:53.852,TECH,208.06,84,17477.04,0.152,0,normal
TRD-101984,2026-09-30 11:10:55.451,BANK,34.97,451,15771.47,-0.018,0,normal
TRD-101985,2026-09-30 11:10:55.742,ENERGY,73.79,213,15717.27,-0.154,0,normal
TRD-101986,2026-09-30 11:10:58.360,TECH,208.03,148,30788.44,-0.147,0,normal
TRD-101987,2026-09-30 11:11:07.544,BANK,35.0,764,26740.0,0.221,0,normal
TRD-101988,2026-09-30 11:11:08.436,AUTO,60.42,131,7915.02,0.049,0,normal
TRD-101989,2026-09-30 11:11:10.508,BANK,35.01,607,21251.07,0.091,0,normal
TRD-101990,2026-09-30 11:11:13.277,TECH,207.96,53,11021.88,-0.512,0,normal
TRD-101991,2026-09-30 11:11:14.088,ENERGY,73.74,254,18729.96,-0.287,0,normal
TRD-101992,2026-09-30 11:11:16.297,TECH,207.99,177,36814.23,0.227,0,normal
TRD-101993,2026-09-30 11:11:18.238,AUTO,60.44,220,13296.8,0.161,0,normal
TRD-101994,2026-09-30 11:11:19.403,TECH,207.96,299,62180.04,-0.187,0,normal
TRD-101995,2026-09-30 11:11:19.629,TECH,207.95,192,39926.4,-0.118,0,normal
TRD-101996,2026-09-30 11:11:19.978,ENERGY,73.74,180,13273.2,-0.056,0,normal
TRD-101997,2026-09-30 11:11:21.776,BANK,35.03,153,5359.59,0.084,0,normal
TRD-101998,2026-09-30 11:11:25.124,BANK,35.03,244,8547.32,0.053,0,normal
TRD-101999,2026-09-30 11:11:27.692,ENERGY,73.73,255,18801.15,-0.025,0,normal
TRD-102000,2026-09-30 11:11:29.536,BANK,35.02,268,9385.36,-0.06,0,normal
TRD-102001,2026-09-30 11:11:30.712,BANK,35.02,312,10926.24,-0.043,0,normal
TRD-102002,2026-09-30 11:11:43.872,TECH,207.95,109,22666.55,0.006,0,normal
TRD-102003,2026-09-30 11:11:48.535,BANK,35.01,279,9767.79,-0.049,0,normal
TRD-102004,2026-09-30 11:11:51.200,AUTO,60.42,203,12265.26,-0.115,0,normal
TRD-102005,2026-09-30 11:11:55.192,PHARMA,132.1,63,8322.3,0.448,0,normal
TRD-102006,2026-09-30 11:12:03.109,PHARMA,132.15,130,17179.5,0.339,0,normal
TRD-102007,2026-09-30 11:12:03.912,PHARMA,132.14,114,15063.96,-0.1,0,normal
TRD-102008,2026-09-30 11:12:16.978,ENERGY,73.74,285,21015.9,0.074,0,normal
TRD-102009,2026-09-30 11:12:17.219,TECH,208.08,283,58886.64,0.915,0,normal
TRD-102010,2026-09-30 11:12:20.356,TECH,208.07,160,33291.2,-0.096,0,normal
TRD-102011,2026-09-30 11:12:20.536,BANK,34.99,528,18474.72,-0.125,0,normal
TRD-102012,2026-09-30 11:12:22.740,ENERGY,73.74,110,8111.4,-0.044,0,normal
TRD-102013,2026-09-30 11:12:27.074,AUTO,60.43,125,7553.75,0.055,0,normal
TRD-102014,2026-09-30 11:12:36.834,ENERGY,73.75,812,59885.0,0.076,0,normal
TRD-102015,2026-09-30 11:12:39.987,ENERGY,73.73,227,16736.71,-0.13,0,normal
TRD-102016,2026-09-30 11:12:47.104,TECH,207.98,221,45963.58,-0.589,0,normal
TRD-102017,2026-09-30 11:12:59.050,TECH,207.97,259,53864.23,-0.076,0,normal
TRD-102018,2026-09-30 11:13:04.064,TECH,207.99,318,66140.82,0.106,0,normal
TRD-102019,2026-09-30 11:13:12.459,TECH,208.02,167,34739.34,0.256,0,normal
TRD-102020,2026-09-30 11:13:16.701,PHARMA,132.13,137,18101.81,-0.041,0,normal
TRD-102021,2026-09-30 11:13:20.229,TECH,208.11,203,42246.33,0.574,0,normal
TRD-102022,2026-09-30 11:13:22.086,TECH,208.15,341,70979.15,0.266,0,normal
TRD-102023,2026-09-30 11:13:22.106,ENERGY,73.72,279,20567.88,-0.026,0,normal
TRD-102024,2026-09-30 11:13:24.995,BANK,30.59,1,30.59,-4.398,1,liquidity_vacuum
TRD-102025,2026-09-30 11:13:25.735,TECH,208.2,178,37059.6,0.329,0,normal
TRD-102026,2026-09-30 11:13:26.347,PHARMA,132.13,143,18894.59,-0.025,0,normal
TRD-102027,2026-09-30 11:13:27.671,BANK,35.0,228,7980.0,0.065,0,normal
TRD-102028,2026-09-30 11:13:28.631,TECH,208.27,91,18952.57,0.457,0,normal
TRD-102029,2026-09-30 11:13:32.615,BANK,35.01,245,8577.45,0.042,0,normal
TRD-102030,2026-09-30 11:13:34.638,TECH,208.24,172,35817.28,-0.156,0,normal
TRD-102031,2026-09-30 11:13:34.749,TECH,208.24,2082,433555.68,-3.059,1,multivariate_break
TRD-102032,2026-09-30 11:13:35.040,ENERGY,73.73,245,18063.85,0.019,0,normal
TRD-102033,2026-09-30 11:13:37.042,TECH,208.18,95,19777.1,-0.422,0,normal
TRD-102034,2026-09-30 11:13:42.725,BANK,35.01,1059,37075.59,0.043,0,normal
TRD-102035,2026-09-30 11:13:46.772,BANK,35.01,310,10853.1,-0.036,0,normal
TRD-102036,2026-09-30 11:14:02.992,ENERGY,73.74,145,10692.3,0.083,0,normal
TRD-102037,2026-09-30 11:14:08.461,BANK,34.98,447,15636.06,-0.177,0,normal
TRD-102038,2026-09-30 11:14:12.711,PHARMA,132.16,277,36608.32,0.233,0,normal
TRD-102039,2026-09-30 11:14:17.207,TECH,208.13,128,26640.64,-0.347,0,normal
TRD-102040,2026-09-30 11:14:21.668,BANK,34.99,794,27782.06,0.049,0,normal
TRD-102041,2026-09-30 11:14:23.441,BANK,34.98,280,9794.4,-0.064,0,normal
TRD-102042,2026-09-30 11:14:25.918,PHARMA,132.13,454,59987.02,-0.195,0,normal
TRD-102043,2026-09-30 11:14:28.241,AUTO,60.46,331,20012.26,0.165,0,normal
TRD-102044,2026-09-30 11:14:31.136,PHARMA,132.06,114,15054.84,-0.479,0,normal
TRD-102045,2026-09-30 11:14:32.304,AUTO,60.51,93,5627.43,0.35,0,normal
TRD-102046,2026-09-30 11:14:32.689,BANK,34.98,181,6331.38,-0.013,0,normal
TRD-102047,2026-09-30 11:14:34.551,AUTO,60.51,483,29226.33,-0.006,0,normal
TRD-102048,2026-09-30 11:14:35.280,TECH,208.2,143,29772.6,0.481,0,normal
TRD-102049,2026-09-30 11:14:37.920,BANK,34.98,1012,35399.76,0.009,0,normal
TRD-102050,2026-09-30 11:14:42.901,TECH,208.12,192,39959.04,-0.511,0,normal
TRD-102051,2026-09-30 11:14:43.689,TECH,208.09,1500,312135.0,-0.234,0,normal
TRD-102052,2026-09-30 11:14:44.354,AUTO,60.53,366,22153.98,0.173,0,normal
TRD-102053,2026-09-30 11:14:45.215,BANK,35.0,985,34475.0,0.132,0,normal
TRD-102054,2026-09-30 11:14:47.050,BANK,35.01,375,13128.75,0.07,0,normal
TRD-102055,2026-09-30 11:14:49.864,TECH,208.03,103,21427.09,-0.388,0,normal
TRD-102056,2026-09-30 11:14:51.172,AUTO,60.55,387,23432.85,0.095,0,normal
TRD-102057,2026-09-30 11:14:51.360,BANK,35.04,348,12193.92,0.229,0,normal
TRD-102058,2026-09-30 11:14:54.445,AUTO,60.5,362,21901.0,-0.349,0,normal
TRD-102059,2026-09-30 11:14:58.380,BANK,35.04,245,8584.8,-0.026,0,normal
TRD-102060,2026-09-30 11:15:00.291,AUTO,60.56,404,24466.24,0.423,0,normal
TRD-102061,2026-09-30 11:15:04.883,TECH,208.01,200,41602.0,-0.154,0,normal
TRD-102062,2026-09-30 11:15:06.577,TECH,207.94,328,68204.32,-0.431,0,normal
TRD-102063,2026-09-30 11:15:09.342,TECH,207.92,295,61336.4,-0.18,0,normal
TRD-102064,2026-09-30 11:15:11.973,TECH,207.91,159,33057.69,-0.044,0,normal
TRD-102065,2026-09-30 11:15:12.140,TECH,207.87,328,68181.36,-0.248,0,normal
TRD-102066,2026-09-30 11:15:13.804,ENERGY,73.74,97,7152.78,-0.007,0,normal
TRD-102067,2026-09-30 11:15:23.795,AUTO,60.59,551,33385.09,0.222,0,normal
TRD-102068,2026-09-30 11:15:26.157,PHARMA,132.06,67,8848.02,-0.01,0,normal
TRD-102069,2026-09-30 11:15:27.202,PHARMA,132.09,78,10303.02,0.18,0,normal
TRD-102070,2026-09-30 11:15:31.086,TECH,207.87,3171,659155.77,2.659,1,multivariate_break
TRD-102071,2026-09-30 11:15:33.068,TECH,215.05,382,82149.1,7.181,1,price_shock
TRD-102072,2026-09-30 11:15:33.996,AUTO,60.58,435,26352.3,-0.117,0,normal
TRD-102073,2026-09-30 11:15:35.425,TECH,215.12,160,34419.2,0.478,0,normal
TRD-102074,2026-09-30 11:15:36.868,BANK,35.03,196,6865.88,-0.041,0,normal
TRD-102075,2026-09-30 11:15:37.474,TECH,215.07,131,28174.17,-0.339,0,normal
TRD-102076,2026-09-30 11:15:40.059,PHARMA,132.11,184,24308.24,0.176,0,normal
TRD-102077,2026-09-30 11:15:43.652,PHARMA,132.05,158,20863.9,-0.445,0,normal
TRD-102078,2026-09-30 11:15:49.567,TECH,215.11,105,22586.55,0.255,0,normal
TRD-102079,2026-09-30 11:15:50.979,TECH,215.12,132,28395.84,0.046,0,normal
TRD-102080,2026-09-30 11:15:52.912,AUTO,60.54,495,29967.3,-0.229,0,normal
TRD-102081,2026-09-30 11:15:56.216,ENERGY,73.7,209,15403.3,-0.241,0,normal
TRD-102082,2026-09-30 11:15:58.191,ENERGY,73.69,51,3758.19,-0.07,0,normal
TRD-102083,2026-09-30 11:16:03.537,TECH,215.09,262,56353.58,-0.141,0,normal
TRD-102084,2026-09-30 11:16:03.623,ENERGY,73.73,502,37012.46,0.24,0,normal
TRD-102085,2026-09-30 11:16:03.736,TECH,215.06,91,19570.46,-0.255,0,normal
TRD-102086,2026-09-30 11:16:04.767,ENERGY,73.78,136,10034.08,0.329,0,normal
TRD-102087,2026-09-30 11:16:08.196,BANK,35.04,281,9846.24,0.066,0,normal
TRD-102088,2026-09-30 11:16:11.991,AUTO,60.56,396,23981.76,0.102,0,normal
TRD-102089,2026-09-30 11:16:12.180,BANK,35.05,353,12372.65,0.031,0,normal
TRD-102090,2026-09-30 11:16:19.401,ENERGY,73.81,150,11071.5,0.243,0,normal
TRD-102091,2026-09-30 11:16:29.856,ENERGY,73.8,316,23320.8,-0.127,0,normal
TRD-102092,2026-09-30 11:16:34.272,TECH,215.08,376,80870.08,0.178,0,normal
TRD-102093,2026-09-30 11:16:37.725,TECH,215.0,195,41925.0,-0.551,0,normal
TRD-102094,2026-09-30 11:16:39.303,ENERGY,73.84,162,11962.08,0.28,0,normal
TRD-102095,2026-09-30 11:16:42.863,BANK,35.04,606,21234.24,-0.062,0,normal
TRD-102096,2026-09-30 11:16:43.185,BANK,35.03,385,13486.55,-0.079,0,normal
TRD-102097,2026-09-30 11:16:43.793,PHARMA,132.33,11155,1476141.15,-0.241,1,volume_spike
TRD-102098,2026-09-30 11:16:51.321,AUTO,60.56,321,19439.76,0.042,0,normal
TRD-102099,2026-09-30 11:16:52.892,PHARMA,131.97,261,34444.17,-0.489,0,normal
TRD-102100,2026-09-30 11:16:53.275,BANK,35.03,315,11034.45,-0.015,0,normal
TRD-102101,2026-09-30 11:16:55.359,ENERGY,73.8,260,19188.0,-0.246,0,normal
TRD-102102,2026-09-30 11:16:56.581,BANK,35.03,228,7986.84,0.037,0,normal
TRD-102103,2026-09-30 11:16:56.635,AUTO,60.51,195,11799.45,-0.356,0,normal
TRD-102104,2026-09-30 11:17:07.181,BANK,35.04,516,18080.64,0.072,0,normal
TRD-102105,2026-09-30 11:17:08.069,ENERGY,73.78,253,18666.34,-0.153,0,normal
TRD-102106,2026-09-30 11:17:08.097,TECH,215.01,196,42141.96,0.051,0,normal
TRD-102107,2026-09-30 11:17:08.717,AUTO,60.46,447,27025.62,-0.325,0,normal
TRD-102108,2026-09-30 11:17:10.461,TECH,215.04,207,44513.28,0.22,0,normal
TRD-102109,2026-09-30 11:17:17.313,BANK,35.02,210,7354.2,-0.129,0,normal
TRD-102110,2026-09-30 11:17:19.450,TECH,215.06,181,38925.86,0.106,0,normal
TRD-102111,2026-09-30 11:17:20.596,ENERGY,73.79,314,23170.06,0.063,0,normal
TRD-102112,2026-09-30 11:17:21.744,BANK,35.02,397,13902.94,-0.003,0,normal
TRD-102113,2026-09-30 11:17:23.919,PHARMA,131.94,302,39845.88,-0.209,0,normal
TRD-102114,2026-09-30 11:17:28.262,BANK,35.0,294,10290.0,-0.119,0,normal
TRD-102115,2026-09-30 11:17:32.961,BANK,35.01,450,15754.5,0.036,0,normal
TRD-102116,2026-09-30 11:17:36.591,TECH,215.13,77,16565.01,0.473,0,normal
TRD-102117,2026-09-30 11:17:42.367,BANK,35.04,355,12439.2,0.231,0,normal
TRD-102118,2026-09-30 11:17:45.867,BANK,35.05,163,5713.15,0.011,0,normal
TRD-102119,2026-09-30 11:17:56.046,BANK,35.03,179,6270.37,-0.119,0,normal
TRD-102120,2026-09-30 11:17:57.454,BANK,35.03,472,16534.16,0.04,0,normal
TRD-102121,2026-09-30 11:17:57.770,AUTO,60.46,219,13240.74,-0.018,0,normal
TRD-102122,2026-09-30 11:17:58.936,BANK,35.03,678,23750.34,-0.052,0,normal
TRD-102123,2026-09-30 11:17:59.565,AUTO,60.45,243,14689.35,-0.071,0,normal
TRD-102124,2026-09-30 11:18:02.093,AUTO,60.44,188,11362.72,-0.062,0,normal
TRD-102125,2026-09-30 11:18:03.420,TECH,215.14,120,25816.8,0.06,0,normal
TRD-102126,2026-09-30 11:18:10.719,TECH,215.17,146,31414.82,0.207,0,normal
TRD-102127,2026-09-30 11:18:12.673,TECH,215.09,436,93779.24,-0.548,0,normal
TRD-102128,2026-09-30 11:18:14.033,TECH,215.12,172,37000.64,0.242,0,normal
TRD-102129,2026-09-30 11:18:21.754,ENERGY,73.78,228,16821.84,-0.031,0,normal
TRD-102130,2026-09-30 11:18:22.652,BANK,35.02,219,7669.38,-0.042,0,normal
TRD-102131,2026-09-30 11:18:28.561,AUTO,60.42,73,4410.66,-0.116,0,normal
TRD-102132,2026-09-30 11:18:30.282,AUTO,60.41,242,14619.22,-0.083,0,normal
TRD-102133,2026-09-30 11:18:33.822,BANK,35.01,301,10538.01,-0.092,0,normal
TRD-102134,2026-09-30 11:18:39.013,TECH,215.08,131,28175.48,-0.27,0,normal
TRD-102135,2026-09-30 11:18:40.247,AUTO,60.41,3088,186546.08,-2.609,1,multivariate_break
TRD-102136,2026-09-30 11:18:40.327,ENERGY,73.76,183,13498.08,-0.166,0,normal
TRD-102137,2026-09-30 11:18:41.446,TECH,215.08,167,35918.36,-0.029,0,normal
TRD-102138,2026-09-30 11:18:42.981,ENERGY,73.82,190,14025.8,0.403,0,normal
TRD-102139,2026-09-30 11:18:48.793,TECH,215.09,84,18067.56,0.092,0,normal
TRD-102140,2026-09-30 11:18:51.653,TECH,215.16,92,19794.72,0.49,0,normal
TRD-102141,2026-09-30 11:18:55.060,BANK,34.98,528,18469.44,-0.146,0,normal
TRD-102142,2026-09-30 11:19:02.673,ENERGY,73.86,145,10709.7,0.298,0,normal
TRD-102143,2026-09-30 11:19:04.368,TECH,215.14,54,11617.56,-0.198,0,normal
TRD-102144,2026-09-30 11:19:06.546,BANK,34.95,113,3949.35,-0.202,0,normal
TRD-102145,2026-09-30 11:19:10.453,PHARMA,131.97,110,14516.7,0.167,0,normal
TRD-102146,2026-09-30 11:19:11.510,AUTO,57.8,5,289.0,-2.605,1,liquidity_vacuum
TRD-102147,2026-09-30 11:19:12.873,TECH,215.09,47,10109.23,-0.291,0,normal
TRD-102148,2026-09-30 11:19:19.833,ENERGY,73.92,463,34224.96,0.383,0,normal
TRD-102149,2026-09-30 11:19:22.648,TECH,215.07,216,46455.12,-0.118,0,normal
TRD-102150,2026-09-30 11:19:26.059,TECH,215.04,115,24729.6,-0.214,0,normal
TRD-102151,2026-09-30 11:19:27.987,TECH,214.98,259,55679.82,-0.387,0,normal
TRD-102152,2026-09-30 11:19:30.073,AUTO,60.43,222,13415.46,0.165,0,normal
TRD-102153,2026-09-30 11:19:33.867,ENERGY,73.92,227,16779.84,0.019,0,normal
TRD-102154,2026-09-30 11:19:34.538,AUTO,60.48,491,29695.68,0.287,0,normal
TRD-102155,2026-09-30 11:19:35.505,TECH,214.87,287,61667.69,-0.776,0,normal
TRD-102156,2026-09-30 11:19:36.564,BANK,34.93,363,12679.59,-0.13,0,normal
TRD-102157,2026-09-30 11:19:42.058,BANK,34.93,260,9081.8,-0.041,0,normal
TRD-102158,2026-09-30 11:19:46.568,PHARMA,131.92,155,20447.6,-0.314,0,normal
TRD-102159,2026-09-30 11:19:47.596,BANK,34.92,304,10615.68,-0.024,0,normal
TRD-102160,2026-09-30 11:19:49.815,TECH,214.94,155,33315.7,0.47,0,normal
TRD-102161,2026-09-30 11:19:54.705,AUTO,60.44,281,16983.64,-0.254,0,normal
TRD-102162,2026-09-30 11:19:55.401,BANK,34.92,660,23047.2,-0.006,0,normal
TRD-102163,2026-09-30 11:19:56.889,ENERGY,73.88,99,7314.12,-0.281,0,normal
TRD-102164,2026-09-30 11:19:59.608,ENERGY,73.86,295,21788.7,-0.169,0,normal
TRD-102165,2026-09-30 11:20:03.177,PHARMA,131.99,231,30489.69,0.438,0,normal
TRD-102166,2026-09-30 11:20:09.854,PHARMA,131.97,153,20191.41,-0.099,0,normal
TRD-102167,2026-09-30 11:20:10.002,AUTO,60.42,85,5135.7,-0.11,0,normal
TRD-102168,2026-09-30 11:20:10.407,BANK,34.92,232,8101.44,-0.003,0,normal
TRD-102169,2026-09-30 11:20:11.676,BANK,34.94,732,25576.08,0.11,0,normal
TRD-102170,2026-09-30 11:20:14.416,TECH,214.9,117,25143.3,-0.231,0,normal
TRD-102171,2026-09-30 11:20:16.711,TECH,214.96,440,94582.4,0.4,0,normal
TRD-102172,2026-09-30 11:20:28.855,BANK,34.95,302,10554.9,0.07,0,normal
TRD-102173,2026-09-30 11:20:34.068,PHARMA,131.89,157,20706.73,-0.522,0,normal
TRD-102174,2026-09-30 11:20:40.356,ENERGY,73.87,151,11154.37,0.092,0,normal
TRD-102175,2026-09-30 11:20:49.912,ENERGY,73.81,197,14540.57,-0.411,0,normal
TRD-102176,2026-09-30 11:20:52.013,AUTO,60.38,179,10808.02,-0.272,0,normal
TRD-102177,2026-09-30 11:20:52.345,BANK,34.94,392,13696.48,-0.065,0,normal
TRD-102178,2026-09-30 11:20:57.579,BANK,34.93,386,13482.98,-0.066,0,normal
TRD-102179,2026-09-30 11:20:58.268,PHARMA,131.89,133,17541.37,0.018,0,normal
TRD-102180,2026-09-30 11:21:01.388,ENERGY,73.78,909,67066.02,-0.201,0,normal
TRD-102181,2026-09-30 11:21:05.267,TECH,214.86,386,82935.96,-0.712,0,normal
TRD-102182,2026-09-30 11:21:06.025,ENERGY,73.84,123,9082.32,0.416,0,normal
TRD-102183,2026-09-30 11:21:11.226,TECH,214.86,129,27716.94,0.019,0,normal
TRD-102184,2026-09-30 11:21:13.366,ENERGY,73.89,569,42043.41,0.323,0,normal
TRD-102185,2026-09-30 11:21:13.815,AUTO,60.34,101,6094.34,-0.242,0,normal
TRD-102186,2026-09-30 11:21:18.455,TECH,214.82,237,50912.34,-0.281,0,normal
TRD-102187,2026-09-30 11:21:22.563,TECH,214.85,193,41466.05,0.216,0,normal
TRD-102188,2026-09-30 11:21:23.648,AUTO,60.36,401,24204.36,0.134,0,normal
TRD-102189,2026-09-30 11:21:25.557,BANK,34.94,474,16561.56,0.099,0,normal
TRD-102190,2026-09-30 11:21:25.662,TECH,214.79,123,26419.17,-0.4,0,normal
TRD-102191,2026-09-30 11:21:26.744,BANK,34.94,543,18972.42,-0.039,0,normal
TRD-102192,2026-09-30 11:21:27.335,BANK,34.94,655,22885.7,0.006,0,normal
TRD-102193,2026-09-30 11:21:30.218,BANK,34.94,655,22885.7,-0.004,0,normal
TRD-102194,2026-09-30 11:21:35.559,AUTO,60.36,53,3199.08,-0.028,0,normal
TRD-102195,2026-09-30 11:21:37.648,PHARMA,131.9,157,20708.3,0.019,0,normal
TRD-102196,2026-09-30 11:21:38.461,AUTO,60.41,139,8396.99,0.313,0,normal
TRD-102197,2026-09-30 11:21:38.948,TECH,214.8,155,33294.0,0.087,0,normal
TRD-102198,2026-09-30 11:21:44.557,AUTO,60.41,62,3745.42,0.002,0,normal
TRD-102199,2026-09-30 11:21:45.065,PHARMA,131.84,398,52472.32,-0.36,0,normal
TRD-102200,2026-09-30 11:21:52.211,TECH,214.74,43,9233.82,-0.404,0,normal
TRD-102201,2026-09-30 11:21:56.692,BANK,34.94,581,20300.14,0.03,0,normal
TRD-102202,2026-09-30 11:21:59.028,AUTO,60.4,210,12684.0,-0.071,0,normal
TRD-102203,2026-09-30 11:22:00.976,PHARMA,131.88,207,27299.16,0.245,0,normal
TRD-102204,2026-09-30 11:22:01.392,AUTO,60.39,127,7669.53,-0.059,0,normal
TRD-102205,2026-09-30 11:22:01.830,PHARMA,131.92,131,17281.52,0.25,0,normal
TRD-102206,2026-09-30 11:22:05.219,TECH,214.68,86,18462.48,-0.421,0,normal
TRD-102207,2026-09-30 11:22:05.384,TECH,214.67,158,33917.86,-0.065,0,normal
TRD-102208,2026-09-30 11:22:06.602,ENERGY,73.88,164,12116.32,-0.041,0,normal
TRD-102209,2026-09-30 11:22:07.762,TECH,214.72,411,88249.92,0.323,0,normal
TRD-102210,2026-09-30 11:22:10.605,AUTO,60.35,164,9897.4,-0.247,0,normal
TRD-102211,2026-09-30 11:22:17.921,ENERGY,73.87,233,17211.71,-0.082,0,normal
TRD-102212,2026-09-30 11:22:23.517,BANK,34.9,5818,203048.2,-0.03,1,volume_spike
TRD-102213,2026-09-30 11:22:28.687,TECH,214.74,182,39082.68,0.155,0,normal
TRD-102214,2026-09-30 11:22:33.954,AUTO,60.41,254,15344.14,0.407,0,normal
TRD-102215,2026-09-30 11:22:35.433,TECH,214.77,328,70444.56,0.178,0,normal
TRD-102216,2026-09-30 11:22:39.907,TECH,214.83,460,98821.8,0.44,0,normal
TRD-102217,2026-09-30 11:22:41.863,TECH,214.78,4876,1047267.28,-0.147,1,volume_spike
TRD-102218,2026-09-30 11:22:46.117,TECH,214.8,46,9880.8,-0.19,0,normal
TRD-102219,2026-09-30 11:22:46.986,AUTO,60.42,83,5014.86,0.036,0,normal
TRD-102220,2026-09-30 11:22:48.327,BANK,34.96,263,9194.48,0.111,0,normal
TRD-102221,2026-09-30 11:22:52.884,AUTO,60.43,202,12206.86,0.08,0,normal
TRD-102222,2026-09-30 11:22:59.634,ENERGY,73.82,128,9448.96,-0.363,0,normal
TRD-102223,2026-09-30 11:23:00.183,AUTO,60.43,238,14382.34,0.008,0,normal
TRD-102224,2026-09-30 11:23:07.065,PHARMA,131.88,62,8176.56,-0.26,0,normal
TRD-102225,2026-09-30 11:23:17.805,PHARMA,131.87,364,48000.68,-0.079,0,normal
TRD-102226,2026-09-30 11:23:26.518,BANK,35.32,7326,258754.32,-0.255,1,volume_spike
TRD-102227,2026-09-30 11:23:33.997,AUTO,60.43,252,15228.36,-0.021,0,normal
TRD-102228,2026-09-30 11:23:34.761,TECH,214.93,42,9027.06,0.816,0,normal
TRD-102229,2026-09-30 11:23:37.849,TECH,214.97,82,17627.54,0.314,0,normal
TRD-102230,2026-09-30 11:23:40.185,TECH,214.92,587,126158.04,-0.382,0,normal
TRD-102231,2026-09-30 11:23:44.904,BANK,34.94,385,13451.9,-0.156,0,normal
TRD-102232,2026-09-30 11:23:49.691,ENERGY,73.75,250,18437.5,-0.421,0,normal
TRD-102233,2026-09-30 11:23:50.721,PHARMA,131.89,44,5803.16,0.124,0,normal
TRD-102234,2026-09-30 11:23:56.184,TECH,214.97,314,67500.58,0.325,0,normal
TRD-102235,2026-09-30 11:23:57.906,AUTO,60.43,2701,163221.43,-2.579,1,multivariate_break
TRD-102236,2026-09-30 11:23:58.625,AUTO,60.45,231,13963.95,0.178,0,normal
TRD-102237,2026-09-30 11:24:01.764,TECH,214.89,94,20199.66,-0.472,0,normal
TRD-102238,2026-09-30 11:24:08.129,BANK,34.95,279,9751.05,0.088,0,normal
TRD-102239,2026-09-30 11:24:12.035,BANK,34.91,208,7261.28,-0.254,0,normal
TRD-102240,2026-09-30 11:24:19.656,TECH,214.81,777,166907.37,-0.538,0,normal
TRD-102241,2026-09-30 11:24:21.132,AUTO,60.44,203,12269.32,-0.071,0,normal
TRD-102242,2026-09-30 11:24:23.421,BANK,34.91,352,12288.32,-0.03,0,normal
TRD-102243,2026-09-30 11:24:24.470,TECH,214.73,266,57118.18,-0.582,0,normal
TRD-102244,2026-09-30 11:24:27.638,PHARMA,131.83,126,16610.58,-0.373,0,normal
TRD-102245,2026-09-30 11:24:30.049,AUTO,60.49,223,13489.27,0.311,0,normal
TRD-102246,2026-09-30 11:24:37.652,TECH,214.71,231,49598.01,-0.093,0,normal
TRD-102247,2026-09-30 11:24:41.178,TECH,214.65,216,46364.4,-0.424,0,normal
TRD-102248,2026-09-30 11:24:50.104,AUTO,60.46,216,13059.36,-0.199,0,normal
TRD-102249,2026-09-30 11:24:50.498,PHARMA,131.85,469,61837.65,0.146,0,normal
TRD-102250,2026-09-30 11:24:54.093,BANK,34.92,234,8171.28,0.05,0,normal
TRD-102251,2026-09-30 11:24:56.012,ENERGY,73.75,110,8112.5,-0.004,0,normal
TRD-102252,2026-09-30 11:24:58.723,BANK,34.94,251,8769.94,0.139,0,normal
TRD-102253,2026-09-30 11:25:03.952,TECH,214.57,110,23602.7,-0.506,0,normal
TRD-102254,2026-09-30 11:25:09.797,ENERGY,73.74,222,16370.28,-0.081,0,normal
TRD-102255,2026-09-30 11:25:10.054,ENERGY,73.69,337,24833.53,-0.297,0,normal
TRD-102256,2026-09-30 11:25:13.407,TECH,214.56,137,29394.72,-0.112,0,normal
TRD-102257,2026-09-30 11:25:22.283,ENERGY,73.73,192,14156.16,0.208,0,normal
TRD-102258,2026-09-30 11:25:24.809,ENERGY,73.76,153,11285.28,0.195,0,normal
TRD-102259,2026-09-30 11:25:30.536,TECH,214.56,142,30467.52,0.035,0,normal
TRD-102260,2026-09-30 11:25:33.610,BANK,34.96,189,6607.44,0.146,0,normal
TRD-102261,2026-09-30 11:25:34.023,ENERGY,73.71,104,7665.84,-0.292,0,normal
TRD-102262,2026-09-30 11:25:34.768,BANK,34.94,481,16806.14,-0.135,0,normal
TRD-102263,2026-09-30 11:25:38.932,PHARMA,131.9,363,47879.7,0.339,0,normal
TRD-102264,2026-09-30 11:25:39.501,PHARMA,131.92,116,15302.72,0.118,0,normal
TRD-102265,2026-09-30 11:25:40.732,PHARMA,131.88,417,54993.96,-0.26,0,normal
TRD-102266,2026-09-30 11:25:52.648,AUTO,60.48,206,12458.88,0.145,0,normal
TRD-102267,2026-09-30 11:25:54.810,BANK,34.93,473,16521.89,-0.025,0,normal
TRD-102268,2026-09-30 11:25:55.364,ENERGY,73.72,254,18724.88,0.036,0,normal
TRD-102269,2026-09-30 11:25:56.520,AUTO,60.48,130,7862.4,-0.012,0,normal
TRD-102270,2026-09-30 11:25:56.604,PHARMA,131.91,110,14510.1,0.21,0,normal
TRD-102271,2026-09-30 11:25:57.966,AUTO,60.46,131,7920.26,-0.146,0,normal
TRD-102272,2026-09-30 11:26:02.633,BANK,34.92,734,25631.28,-0.091,0,normal
TRD-102273,2026-09-30 11:26:03.154,TECH,214.53,473,101472.69,-0.246,0,normal
TRD-102274,2026-09-30 11:26:05.016,TECH,214.58,161,34547.38,0.364,0,normal
TRD-102275,2026-09-30 11:26:09.909,TECH,214.6,169,36267.4,0.134,0,normal
TRD-102276,2026-09-30 11:26:12.667,TECH,214.59,286,61372.74,-0.095,0,normal
TRD-102277,2026-09-30 11:26:14.421,TECH,214.57,168,36047.76,-0.119,0,normal
TRD-102278,2026-09-30 11:26:14.749,AUTO,60.48,228,13789.44,0.13,0,normal
TRD-102279,2026-09-30 11:26:16.718,TECH,214.55,120,25746.0,-0.143,0,normal
TRD-102280,2026-09-30 11:26:19.575,ENERGY,66.51,202,13435.02,-7.209,1,price_shock
TRD-102281,2026-09-30 11:26:30.178,AUTO,60.47,106,6409.82,-0.035,0,normal
TRD-102282,2026-09-30 11:26:34.871,BANK,34.92,861,30066.12,0.027,0,normal
TRD-102283,2026-09-30 11:26:45.570,BANK,34.93,335,11701.55,0.067,0,normal
TRD-102284,2026-09-30 11:26:45.856,BANK,34.93,207,7230.51,-0.01,0,normal
TRD-102285,2026-09-30 11:26:46.501,AUTO,60.45,61,3687.45,-0.158,0,normal
TRD-102286,2026-09-30 11:26:49.836,TECH,214.57,196,42055.72,0.148,0,normal
TRD-102287,2026-09-30 11:26:55.332,PHARMA,131.92,509,67147.28,0.025,0,normal
TRD-102288,2026-09-30 11:26:57.603,ENERGY,66.52,242,16097.84,0.086,0,normal
TRD-102289,2026-09-30 11:26:58.107,TECH,214.57,242,51925.94,0.026,0,normal
TRD-102290,2026-09-30 11:26:58.347,PHARMA,131.92,377,49733.84,0.028,0,normal
TRD-102291,2026-09-30 11:26:58.644,BANK,34.94,1420,49614.8,0.052,0,normal
TRD-102292,2026-09-30 11:27:01.569,PHARMA,131.97,156,20587.32,0.353,0,normal
TRD-102293,2026-09-30 11:27:20.552,ENERGY,66.48,313,20808.24,-0.308,0,normal
TRD-102294,2026-09-30 11:27:22.547,AUTO,60.44,123,7434.12,-0.061,0,normal
TRD-102295,2026-09-30 11:27:22.611,TECH,214.55,156,33469.8,-0.165,0,normal
TRD-102296,2026-09-30 11:27:24.478,PHARMA,132.01,141,18613.41,0.234,0,normal
TRD-102297,2026-09-30 11:27:27.508,PHARMA,138.24,329,45480.96,6.23,1,price_shock
TRD-102298,2026-09-30 11:27:29.607,TECH,214.5,479,102745.5,-0.291,0,normal
TRD-102299,2026-09-30 11:27:32.242,TECH,214.53,455,97611.15,0.167,0,normal
TRD-102300,2026-09-30 11:27:34.074,AUTO,60.42,204,12325.68,-0.139,0,normal
TRD-102301,2026-09-30 11:27:37.132,TECH,214.57,393,84326.01,0.271,0,normal
TRD-102302,2026-09-30 11:27:38.896,TECH,214.66,340,72984.4,0.581,0,normal
TRD-102303,2026-09-30 11:27:53.274,BANK,34.9,429,14972.1,-0.273,0,normal
TRD-102304,2026-09-30 11:27:54.598,TECH,214.57,94,20169.58,-0.55,0,normal
TRD-102305,2026-09-30 11:27:56.616,AUTO,60.41,381,23016.21,-0.07,0,normal
TRD-102306,2026-09-30 11:27:57.711,AUTO,60.39,304,18358.56,-0.11,0,normal
TRD-102307,2026-09-30 11:28:04.762,PHARMA,138.22,93,12854.46,-0.132,0,normal
TRD-102308,2026-09-30 11:28:04.938,AUTO,60.38,274,16544.12,-0.048,0,normal
TRD-102309,2026-09-30 11:28:08.228,ENERGY,66.45,262,17409.9,-0.201,0,normal
TRD-102310,2026-09-30 11:28:08.583,BANK,34.86,316,11015.76,-0.231,0,normal
TRD-102311,2026-09-30 11:28:11.738,ENERGY,66.45,246,16346.7,0.048,0,normal
TRD-102312,2026-09-30 11:28:13.203,PHARMA,138.21,103,14235.63,-0.081,0,normal
TRD-102313,2026-09-30 11:28:15.071,ENERGY,66.44,142,9434.48,-0.096,0,normal
TRD-102314,2026-09-30 11:28:15.342,AUTO,60.36,417,25170.12,-0.132,0,normal
TRD-102315,2026-09-30 11:28:16.638,AUTO,60.43,185,11179.55,0.447,0,normal
TRD-102316,2026-09-30 11:28:16.776,PHARMA,138.15,81,11190.15,-0.388,0,normal
TRD-102317,2026-09-30 11:28:16.889,TECH,214.65,405,86933.25,0.511,0,normal
TRD-102318,2026-09-30 11:28:18.724,ENERGY,66.38,565,37504.7,-0.429,0,normal
TRD-102319,2026-09-30 11:28:19.221,PHARMA,138.12,99,13673.88,-0.211,0,normal
TRD-102320,2026-09-30 11:28:21.991,TECH,214.49,10185,2184580.65,-0.218,1,volume_spike
TRD-102321,2026-09-30 11:28:27.400,AUTO,60.39,447,26994.33,-0.281,0,normal
TRD-102322,2026-09-30 11:28:32.254,TECH,214.6,212,45495.2,-0.345,0,normal
TRD-102323,2026-09-30 11:28:32.345,TECH,214.64,91,19532.24,0.262,0,normal
TRD-102324,2026-09-30 11:28:35.814,TECH,214.68,167,35851.56,0.293,0,normal
TRD-102325,2026-09-30 11:28:38.250,ENERGY,66.39,177,11751.03,0.118,0,normal
TRD-102326,2026-09-30 11:28:39.268,BANK,34.86,635,22136.1,-0.012,0,normal
TRD-102327,2026-09-30 11:28:40.797,AUTO,60.36,303,18289.08,-0.208,0,normal
TRD-102328,2026-09-30 11:28:45.075,TECH,214.73,173,37148.29,0.306,0,normal
TRD-102329,2026-09-30 11:28:47.962,TECH,214.85,148,31797.8,0.781,0,normal
TRD-102330,2026-09-30 11:28:49.491,AUTO,60.35,154,9293.9,-0.024,0,normal
TRD-102331,2026-09-30 11:28:51.175,AUTO,64.67,292,18883.64,4.311,1,price_shock
TRD-102332,2026-09-30 11:28:51.405,BANK,34.87,177,6171.99,0.015,0,normal
TRD-102333,2026-09-30 11:28:54.733,PHARMA,138.11,85,11739.35,-0.07,0,normal
TRD-102334,2026-09-30 11:28:59.332,ENERGY,66.42,90,5977.8,0.207,0,normal
TRD-102335,2026-09-30 11:29:04.269,BANK,34.87,146,5091.02,0.01,0,normal
TRD-102336,2026-09-30 11:29:09.268,ENERGY,66.43,233,15478.19,0.072,0,normal
TRD-102337,2026-09-30 11:29:11.138,BANK,34.86,495,17255.7,-0.074,0,normal
TRD-102338,2026-09-30 11:29:14.408,ENERGY,66.51,128,8513.28,0.496,0,normal
TRD-102339,2026-09-30 11:29:26.334,AUTO,64.64,271,17517.44,-0.221,0,normal
TRD-102340,2026-09-30 11:29:27.735,TECH,214.86,98,21056.28,0.08,0,normal
TRD-102341,2026-09-30 11:29:30.121,AUTO,64.61,529,34178.69,-0.182,0,normal
TRD-102342,2026-09-30 11:29:30.528,ENERGY,66.52,222,14767.44,0.104,0,normal
TRD-102343,2026-09-30 11:29:31.245,AUTO,64.58,324,20923.92,-0.215,0,normal
TRD-102344,2026-09-30 11:29:38.572,BANK,34.89,475,16572.75,0.214,0,normal
TRD-102345,2026-09-30 11:29:45.853,PHARMA,134.22,104,13958.88,-3.891,1,price_shock
TRD-102346,2026-09-30 11:29:48.864,ENERGY,66.54,116,7718.64,0.082,0,normal
TRD-102347,2026-09-30 11:29:50.585,BANK,34.86,309,10771.74,-0.177,0,normal
TRD-102348,2026-09-30 11:29:59.690,ENERGY,66.56,213,14177.28,0.155,0,normal
TRD-102349,2026-09-30 11:30:01.839,AUTO,64.58,216,13949.28,-0.006,0,normal
TRD-102350,2026-09-30 11:30:02.422,PHARMA,134.19,397,53273.43,-0.2,0,normal
TRD-102351,2026-09-30 11:30:02.968,TECH,214.87,156,33519.72,0.086,0,normal
TRD-102352,2026-09-30 11:30:05.560,TECH,214.82,98,21052.36,-0.355,0,normal
TRD-102353,2026-09-30 11:30:15.439,TECH,214.8,180,38664.0,-0.107,0,normal
TRD-102354,2026-09-30 11:30:18.157,TECH,214.79,228,48972.12,-0.066,0,normal
TRD-102355,2026-09-30 11:30:28.674,BANK,34.91,188,6563.08,0.312,0,normal
TRD-102356,2026-09-30 11:30:39.224,ENERGY,66.57,176,11716.32,0.07,0,normal
TRD-102357,2026-09-30 11:30:39.321,ENERGY,66.55,228,15173.4,-0.111,0,normal
TRD-102358,2026-09-30 11:30:41.424,TECH,214.85,208,44688.8,0.363,0,normal
TRD-102359,2026-09-30 11:30:41.587,AUTO,64.58,218,14078.44,-0.004,0,normal
TRD-102360,2026-09-30 11:30:42.946,AUTO,64.55,296,19106.8,-0.16,0,normal
TRD-102361,2026-09-30 11:30:45.384,TECH,214.93,68,14615.24,0.554,0,normal
TRD-102362,2026-09-30 11:30:46.786,AUTO,64.56,429,27696.24,0.087,0,normal
TRD-102363,2026-09-30 11:30:49.035,TECH,215.39,8805,1896508.95,-0.212,1,volume_spike
TRD-102364,2026-09-30 11:30:49.480,TECH,214.97,448,96306.56,0.288,0,normal
TRD-102365,2026-09-30 11:30:50.422,TECH,215.0,104,22360.0,0.165,0,normal
TRD-102366,2026-09-30 11:30:54.796,TECH,214.99,176,37838.24,-0.024,0,normal
TRD-102367,2026-09-30 11:30:59.505,ENERGY,66.56,208,13844.48,0.016,0,normal
TRD-102368,2026-09-30 11:31:01.218,BANK,34.88,393,13707.84,-0.192,0,normal
TRD-102369,2026-09-30 11:31:02.469,TECH,215.02,240,51604.8,0.17,0,normal
TRD-102370,2026-09-30 11:31:02.678,ENERGY,66.6,188,12520.8,0.277,0,normal
TRD-102371,2026-09-30 11:31:16.986,PHARMA,134.14,109,14621.26,-0.313,0,normal
TRD-102372,2026-09-30 11:31:22.489,BANK,34.89,127,4431.03,0.103,0,normal
TRD-102373,2026-09-30 11:31:24.600,AUTO,64.53,226,14583.78,-0.245,0,normal
TRD-102374,2026-09-30 11:31:29.387,PHARMA,134.17,109,14624.53,0.149,0,normal
TRD-102375,2026-09-30 11:31:32.678,ENERGY,70.03,2,140.06,3.432,1,liquidity_vacuum
TRD-102376,2026-09-30 11:31:34.039,PHARMA,134.15,270,36220.5,-0.075,0,normal
TRD-102377,2026-09-30 11:31:34.296,AUTO,64.54,168,10842.72,0.05,0,normal
TRD-102378,2026-09-30 11:31:36.497,PHARMA,134.15,938,125832.7,-0.036,0,normal
TRD-102379,2026-09-30 11:31:37.614,TECH,215.08,474,101947.92,0.417,0,normal
TRD-102380,2026-09-30 11:31:37.978,AUTO,64.54,172,11100.88,0.009,0,normal
TRD-102381,2026-09-30 11:31:42.298,AUTO,64.52,156,10065.12,-0.123,0,normal
TRD-102382,2026-09-30 11:31:45.239,TECH,215.12,421,90565.52,0.271,0,normal
TRD-102383,2026-09-30 11:31:54.793,ENERGY,66.62,173,11525.26,0.129,0,normal
TRD-102384,2026-09-30 11:31:59.004,ENERGY,66.59,177,11786.43,-0.205,0,normal
TRD-102385,2026-09-30 11:32:00.320,TECH,215.12,200,43024.0,-0.028,0,normal
TRD-102386,2026-09-30 11:32:00.564,BANK,34.9,262,9143.8,0.062,0,normal
TRD-102387,2026-09-30 11:32:02.033,TECH,215.07,68,14624.76,-0.31,0,normal
TRD-102388,2026-09-30 11:32:02.317,BANK,34.91,82,2862.62,0.013,0,normal
TRD-102389,2026-09-30 11:32:12.341,ENERGY,69.2,1,69.2,2.616,1,liquidity_vacuum
TRD-102390,2026-09-30 11:32:20.653,TECH,215.08,150,32262.0,0.042,0,normal
TRD-102391,2026-09-30 11:32:23.547,TECH,215.15,174,37436.1,0.492,0,normal
TRD-102392,2026-09-30 11:32:24.686,AUTO,64.54,324,20910.96,0.128,0,normal
TRD-102393,2026-09-30 11:32:24.746,TECH,215.18,179,38517.22,0.201,0,normal
TRD-102394,2026-09-30 11:32:26.821,BANK,34.91,440,15360.4,0.009,0,normal
TRD-102395,2026-09-30 11:32:31.392,BANK,34.93,467,16312.31,0.127,0,normal
TRD-102396,2026-09-30 11:32:35.792,BANK,34.93,449,15683.57,0.015,0,normal
TRD-102397,2026-09-30 11:32:35.929,TECH,215.2,160,34432.0,0.118,0,normal
TRD-102398,2026-09-30 11:32:37.758,TECH,215.14,197,42382.58,-0.422,0,normal
TRD-102399,2026-09-30 11:32:41.350,TECH,215.08,122,26239.76,-0.357,0,normal
TRD-102400,2026-09-30 11:32:49.091,ENERGY,66.54,97,6454.38,-0.3,0,normal
TRD-102401,2026-09-30 11:32:56.602,BANK,34.93,493,17220.49,0.035,0,normal
TRD-102402,2026-09-30 11:32:57.793,TECH,215.09,134,28822.06,0.027,0,normal
TRD-102403,2026-09-30 11:32:59.511,PHARMA,134.1,103,13812.3,-0.319,0,normal
TRD-102404,2026-09-30 11:33:00.521,ENERGY,66.59,603,40153.77,0.32,0,normal
TRD-102405,2026-09-30 11:33:03.476,TECH,215.06,114,24516.84,-0.194,0,normal
TRD-102406,2026-09-30 11:33:05.679,TECH,215.07,643,138290.01,0.113,0,normal
TRD-102407,2026-09-30 11:33:05.817,BANK,34.94,527,18413.38,0.039,0,normal
TRD-102408,2026-09-30 11:33:06.642,PHARMA,134.08,111,14882.88,-0.119,0,normal
TRD-102409,2026-09-30 11:33:09.091,BANK,34.93,516,18023.88,-0.051,0,normal
TRD-102410,2026-09-30 11:33:12.898,PHARMA,134.17,119,15966.23,0.593,0,normal
TRD-102411,2026-09-30 11:33:16.770,TECH,215.09,148,31833.32,0.087,0,normal
TRD-102412,2026-09-30 11:33:18.052,AUTO,64.55,324,20914.2,0.085,0,normal
TRD-102413,2026-09-30 11:33:20.721,TECH,215.07,183,39357.81,-0.085,0,normal
TRD-102414,2026-09-30 11:33:25.096,BANK,34.93,222,7754.46,-0.017,0,normal
TRD-102415,2026-09-30 11:33:25.369,TECH,215.08,251,53985.08,0.011,0,normal
TRD-102416,2026-09-30 11:33:32.223,PHARMA,134.17,147,19722.99,0.012,0,normal
TRD-102417,2026-09-30 11:33:35.556,TECH,215.13,162,34851.06,0.362,0,normal
TRD-102418,2026-09-30 11:33:35.764,PHARMA,134.19,170,22812.3,0.076,0,normal
TRD-102419,2026-09-30 11:33:35.974,AUTO,64.54,144,9293.76,-0.077,0,normal
TRD-102420,2026-09-30 11:33:36.457,TECH,215.2,214,46052.8,0.469,0,normal
TRD-102421,2026-09-30 11:33:36.550,ENERGY,66.56,437,29086.72,-0.196,0,normal
TRD-102422,2026-09-30 11:33:43.864,TECH,215.24,114,24537.36,0.238,0,normal
TRD-102423,2026-09-30 11:33:50.662,TECH,215.22,81,17432.82,-0.137,0,normal
TRD-102424,2026-09-30 11:33:51.531,TECH,215.19,144,30987.36,-0.17,0,normal
TRD-102425,2026-09-30 11:34:01.281,PHARMA,134.2,136,18251.2,0.096,0,normal
TRD-102426,2026-09-30 11:34:02.126,TECH,215.2,311,66927.2,0.094,0,normal
TRD-102427,2026-09-30 11:34:18.808,ENERGY,66.57,349,23232.93,0.067,0,normal
TRD-102428,2026-09-30 11:34:20.325,PHARMA,134.27,229,30747.83,0.459,0,normal
TRD-102429,2026-09-30 11:34:21.483,BANK,34.93,180,6287.4,0.033,0,normal
TRD-102430,2026-09-30 11:34:24.029,PHARMA,134.24,78,10470.72,-0.177,0,normal
TRD-102431,2026-09-30 11:34:26.951,BANK,34.92,163,5691.96,-0.066,0,normal
TRD-102432,2026-09-30 11:34:29.871,BANK,34.91,229,7994.39,-0.073,0,normal
TRD-102433,2026-09-30 11:34:31.939,TECH,215.16,384,82621.44,-0.313,0,normal
TRD-102434,2026-09-30 11:34:41.467,TECH,215.12,181,38936.72,-0.268,0,normal
TRD-102435,2026-09-30 11:34:48.377,PHARMA,134.27,132,17723.64,0.18,0,normal
TRD-102436,2026-09-30 11:34:49.160,BANK,34.91,492,17175.72,-0.054,0,normal
TRD-102437,2026-09-30 11:34:49.393,TECH,215.1,235,50548.5,-0.141,0,normal
TRD-102438,2026-09-30 11:34:54.990,ENERGY,69.24,1,69.24,2.665,1,liquidity_vacuum
TRD-102439,2026-09-30 11:34:57.390,AUTO,64.54,291,18781.14,0.011,0,normal
TRD-102440,2026-09-30 11:35:01.179,BANK,34.89,219,7640.91,-0.136,0,normal
TRD-102441,2026-09-30 11:35:01.281,TECH,215.08,70,15055.6,-0.134,0,normal
TRD-102442,2026-09-30 11:35:02.505,TECH,215.09,139,29897.51,0.086,0,normal
TRD-102443,2026-09-30 11:35:03.508,PHARMA,134.28,223,29944.44,0.046,0,normal
TRD-102444,2026-09-30 11:35:04.664,TECH,215.06,213,45807.78,-0.176,0,normal
TRD-102445,2026-09-30 11:35:05.165,AUTO,64.56,359,23177.04,0.145,0,normal
TRD-102446,2026-09-30 11:35:06.253,PHARMA,134.31,290,38949.9,0.247,0,normal
TRD-102447,2026-09-30 11:35:07.996,TECH,215.05,252,54192.6,-0.099,0,normal
TRD-102448,2026-09-30 11:35:11.330,TECH,215.02,269,57840.38,-0.183,0,normal
TRD-102449,2026-09-30 11:35:15.194,PHARMA,134.36,317,42592.12,0.302,0,normal
TRD-102450,2026-09-30 11:35:22.999,BANK,34.88,191,6662.08,-0.051,0,normal
TRD-102451,2026-09-30 11:35:27.077,AUTO,64.52,210,13549.2,-0.284,0,normal
TRD-102452,2026-09-30 11:35:27.461,TECH,215.01,165,35476.65,-0.067,0,normal
TRD-102453,2026-09-30 11:35:36.380,AUTO,64.52,146,9419.92,0.036,0,normal
TRD-102454,2026-09-30 11:35:36.652,ENERGY,66.53,165,10977.45,-0.278,0,normal
TRD-102455,2026-09-30 11:35:43.079,TECH,215.02,328,70526.56,0.046,0,normal
TRD-102456,2026-09-30 11:35:53.749,TECH,215.09,165,35489.85,0.466,0,normal
TRD-102457,2026-09-30 11:35:57.181,ENERGY,66.57,196,13047.72,0.286,0,normal
TRD-102458,2026-09-30 11:35:58.839,TECH,215.13,246,52921.98,0.307,0,normal
TRD-102459,2026-09-30 11:36:01.598,AUTO,64.54,619,39950.26,0.13,0,normal
TRD-102460,2026-09-30 11:36:02.948,BANK,34.85,448,15612.8,-0.191,0,normal
TRD-102461,2026-09-30 11:36:06.894,BANK,34.84,285,9929.4,-0.077,0,normal
TRD-102462,2026-09-30 11:36:10.475,BANK,34.83,617,21490.11,-0.042,0,normal
TRD-102463,2026-09-30 11:36:10.611,ENERGY,66.56,101,6722.56,-0.072,0,normal
TRD-102464,2026-09-30 11:36:12.479,TECH,215.15,104,22375.6,0.113,0,normal
TRD-102465,2026-09-30 11:36:14.094,AUTO,64.54,97,6260.38,-0.026,0,normal
TRD-102466,2026-09-30 11:36:29.307,ENERGY,66.54,217,14439.18,-0.114,0,normal
TRD-102467,2026-09-30 11:36:29.409,PHARMA,134.33,582,78180.06,-0.178,0,normal
TRD-102468,2026-09-30 11:36:33.455,BANK,34.82,380,13231.6,-0.101,0,normal
TRD-102469,2026-09-30 11:36:33.576,PHARMA,134.28,205,27527.4,-0.323,0,normal
TRD-102470,2026-09-30 11:36:35.308,AUTO,64.58,442,28544.36,0.289,0,normal
TRD-102471,2026-09-30 11:36:37.416,AUTO,64.6,112,7235.2,0.079,0,normal
TRD-102472,2026-09-30 11:36:47.433,TECH,215.21,580,124821.8,0.369,0,normal
TRD-102473,2026-09-30 11:36:49.289,AUTO,64.61,314,20287.54,0.081,0,normal
TRD-102474,2026-09-30 11:36:49.447,TECH,215.28,175,37674.0,0.476,0,normal
TRD-102475,2026-09-30 11:36:49.941,TECH,215.36,115,24766.4,0.557,0,normal
TRD-102476,2026-09-30 11:36:51.800,PHARMA,134.26,281,37727.06,-0.181,0,normal
TRD-102477,2026-09-30 11:36:51.906,BANK,34.8,340,11832.0,-0.11,0,normal
TRD-102478,2026-09-30 11:36:52.729,TECH,215.37,339,73010.43,0.083,0,normal
TRD-102479,2026-09-30 11:36:54.352,AUTO,64.62,173,11179.26,0.091,0,normal
TRD-102480,2026-09-30 11:36:54.787,ENERGY,66.58,205,13648.9,0.218,0,normal
TRD-102481,2026-09-30 11:37:12.383,ENERGY,66.61,329,21914.69,0.23,0,normal
TRD-102482,2026-09-30 11:37:13.559,TECH,215.36,167,35965.12,-0.088,0,normal
TRD-102483,2026-09-30 11:37:14.341,TECH,215.28,240,51667.2,-0.5,0,normal
TRD-102484,2026-09-30 11:37:19.194,BANK,34.8,362,12597.6,0.004,0,normal
TRD-102485,2026-09-30 11:37:23.358,TECH,215.35,378,81402.3,0.408,0,normal
TRD-102486,2026-09-30 11:37:25.690,TECH,211.32,236,49871.52,-4.022,1,price_shock
TRD-102487,2026-09-30 11:37:25.775,TECH,211.3,105,22186.5,-0.157,0,normal
TRD-102488,2026-09-30 11:37:26.996,TECH,211.24,258,54499.92,-0.374,0,normal
TRD-102489,2026-09-30 11:37:30.199,BANK,34.84,261,9093.24,0.291,0,normal
TRD-102490,2026-09-30 11:37:30.419,AUTO,64.56,329,21240.24,-0.403,0,normal
TRD-102491,2026-09-30 11:37:31.958,PHARMA,134.25,101,13559.25,-0.019,0,normal
TRD-102492,2026-09-30 11:37:32.575,ENERGY,66.62,167,11125.54,0.037,0,normal
TRD-102493,2026-09-30 11:37:43.438,ENERGY,66.6,112,7459.2,-0.129,0,normal
TRD-102494,2026-09-30 11:37:51.413,TECH,211.25,213,44996.25,0.036,0,normal
TRD-102495,2026-09-30 11:37:51.522,TECH,211.25,202,42672.5,0.042,0,normal
TRD-102496,2026-09-30 11:37:52.485,TECH,211.19,137,28933.03,-0.428,0,normal
TRD-102497,2026-09-30 11:37:59.399,PHARMA,134.29,163,21889.27,0.27,0,normal
TRD-102498,2026-09-30 11:37:59.710,BANK,34.87,248,8647.76,0.15,0,normal
TRD-102499,2026-09-30 11:38:00.654,ENERGY,66.59,280,18645.2,-0.074,0,normal
TRD-102500,2026-09-30 11:38:01.169,BANK,34.87,451,15726.37,0.043,0,normal
TRD-102501,2026-09-30 11:38:10.750,BANK,34.86,494,17220.84,-0.079,0,normal
TRD-102502,2026-09-30 11:38:12.787,TECH,211.03,144,30388.32,-1.049,0,normal
TRD-102503,2026-09-30 11:38:14.449,BANK,34.83,467,16265.61,-0.238,0,normal
TRD-102504,2026-09-30 11:38:20.326,TECH,211.0,388,81868.0,-0.182,0,normal
TRD-102505,2026-09-30 11:38:26.117,BANK,34.84,401,13970.84,0.085,0,normal
TRD-102506,2026-09-30 11:38:27.474,AUTO,64.56,256,16527.36,-0.003,0,normal
TRD-102507,2026-09-30 11:38:31.011,PHARMA,134.21,535,71802.35,-0.525,0,normal
TRD-102508,2026-09-30 11:38:45.649,BANK,34.82,511,17793.02,-0.142,0,normal
TRD-102509,2026-09-30 11:38:47.032,TECH,211.06,54,11397.24,0.378,0,normal
TRD-102510,2026-09-30 11:38:48.661,TECH,211.01,166,35027.66,-0.325,0,normal
TRD-102511,2026-09-30 11:39:03.013,TECH,211.02,129,27221.58,0.028,0,normal
TRD-102512,2026-09-30 11:39:03.405,ENERGY,66.57,104,6923.28,-0.128,0,normal
TRD-102513,2026-09-30 11:39:13.519,TECH,211.0,7452,1572372.0,0.014,1,volume_spike
TRD-102514,2026-09-30 11:39:13.641,AUTO,64.57,251,16207.07,0.035,0,normal
TRD-102515,2026-09-30 11:39:18.613,TECH,211.02,526,110996.52,0.014,0,normal
TRD-102516,2026-09-30 11:39:19.834,BANK,34.8,490,17052.0,-0.117,0,normal
TRD-102517,2026-09-30 11:39:28.133,PHARMA,134.16,348,46687.68,-0.366,0,normal
TRD-102518,2026-09-30 11:39:28.816,AUTO,64.58,111,7168.38,0.117,0,normal
TRD-102519,2026-09-30 11:39:32.837,TECH,211.08,116,24485.28,0.429,0,normal
TRD-102520,2026-09-30 11:39:33.270,ENERGY,66.58,81,5392.98,0.066,0,normal
TRD-102521,2026-09-30 11:39:38.784,BANK,34.77,277,9631.29,-0.174,0,normal
TRD-102522,2026-09-30 11:39:39.474,AUTO,64.59,196,12659.64,0.069,0,normal
TRD-102523,2026-09-30 11:39:45.869,BANK,34.77,514,17871.78,-0.047,0,normal
TRD-102524,2026-09-30 11:39:52.244,ENERGY,66.59,159,10587.81,0.071,0,normal
TRD-102525,2026-09-30 11:39:59.216,BANK,34.74,328,11394.72,-0.152,0,normal
TRD-102526,2026-09-30 11:40:03.880,TECH,211.13,471,99442.23,0.323,0,normal
TRD-102527,2026-09-30 11:40:06.904,AUTO,64.57,142,9168.94,-0.169,0,normal
TRD-102528,2026-09-30 11:40:08.678,ENERGY,66.56,382,25425.92,-0.184,0,normal
TRD-102529,2026-09-30 11:40:10.372,AUTO,64.61,134,8657.74,0.263,0,normal
TRD-102530,2026-09-30 11:40:16.665,BANK,34.77,670,23295.9,0.196,0,normal
TRD-102531,2026-09-30 11:40:16.769,BANK,34.8,369,12841.2,0.213,0,normal
TRD-102532,2026-09-30 11:40:18.048,BANK,34.82,444,15460.08,0.112,0,normal
TRD-102533,2026-09-30 11:40:18.946,ENERGY,66.55,68,4525.4,-0.074,0,normal
TRD-102534,2026-09-30 11:40:20.109,TECH,211.22,115,24290.3,0.609,0,normal
TRD-102535,2026-09-30 11:40:21.176,PHARMA,134.16,139,18648.24,-0.031,0,normal
TRD-102536,2026-09-30 11:40:21.307,AUTO,64.59,242,15630.78,-0.13,0,normal
TRD-102537,2026-09-30 11:40:24.987,AUTO,64.63,233,15058.79,0.258,0,normal
TRD-102538,2026-09-30 11:40:25.955,TECH,211.25,130,27462.5,0.198,0,normal
TRD-102539,2026-09-30 11:40:27.564,AUTO,64.65,315,20364.75,0.127,0,normal
TRD-102540,2026-09-30 11:40:34.063,TECH,211.2,110,23232.0,-0.336,0,normal
TRD-102541,2026-09-30 11:40:36.151,PHARMA,134.11,157,21055.27,-0.28,0,normal
TRD-102542,2026-09-30 11:40:36.791,TECH,211.19,283,59766.77,-0.081,0,normal
TRD-102543,2026-09-30 11:40:41.781,AUTO,64.62,160,10339.2,-0.165,0,normal
TRD-102544,2026-09-30 11:40:43.615,TECH,211.22,85,17953.7,0.179,0,normal
TRD-102545,2026-09-30 11:40:43.868,PHARMA,134.08,57,7642.56,-0.248,0,normal
TRD-102546,2026-09-30 11:40:45.529,BANK,34.79,254,8836.66,-0.183,0,normal
TRD-102547,2026-09-30 11:40:47.695,AUTO,64.64,296,19133.44,0.136,0,normal
TRD-102548,2026-09-30 11:40:48.519,BANK,34.81,705,24541.05,0.08,0,normal
TRD-102549,2026-09-30 11:40:53.256,PHARMA,134.08,158,21184.64,0.035,0,normal
TRD-102550,2026-09-30 11:40:53.284,ENERGY,66.68,168,11202.24,0.843,0,normal
TRD-102551,2026-09-30 11:40:58.102,TECH,211.23,171,36120.33,0.078,0,normal
TRD-102552,2026-09-30 11:41:09.967,BANK,34.81,165,5743.65,0.007,0,normal
TRD-102553,2026-09-30 11:41:16.540,TECH,211.36,228,48190.08,0.888,0,normal
TRD-102554,2026-09-30 11:41:22.236,BANK,34.8,432,15033.6,-0.064,0,normal
TRD-102555,2026-09-30 11:41:23.361,PHARMA,134.08,314,42101.12,0.006,0,normal
TRD-102556,2026-09-30 11:41:25.874,BANK,34.79,148,5148.92,-0.038,0,normal
TRD-102557,2026-09-30 11:41:30.633,PHARMA,134.06,120,16087.2,-0.159,0,normal
TRD-102558,2026-09-30 11:41:30.772,TECH,211.4,189,39954.6,0.263,0,normal
TRD-102559,2026-09-30 11:41:33.536,AUTO,64.63,93,6010.59,-0.072,0,normal
TRD-102560,2026-09-30 11:41:33.885,BANK,34.79,248,8627.92,0.002,0,normal
TRD-102561,2026-09-30 11:41:34.202,TECH,211.41,348,73570.68,0.06,0,normal
TRD-102562,2026-09-30 11:41:36.430,ENERGY,66.7,288,19209.6,0.156,0,normal
TRD-102563,2026-09-30 11:41:36.962,TECH,211.38,138,29170.44,-0.193,0,normal
TRD-102564,2026-09-30 11:41:40.195,BANK,34.79,563,19586.77,-0.006,0,normal
TRD-102565,2026-09-30 11:41:49.086,PHARMA,134.01,109,14607.09,-0.32,0,normal
TRD-102566,2026-09-30 11:41:49.171,BANK,34.76,826,28711.76,-0.176,0,normal
TRD-102567,2026-09-30 11:41:51.175,BANK,34.75,214,7436.5,-0.086,0,normal
TRD-102568,2026-09-30 11:41:55.459,AUTO,64.61,195,12598.95,-0.137,0,normal
TRD-102569,2026-09-30 11:41:57.808,TECH,220.43,201,44306.43,9.047,1,price_shock
TRD-102570,2026-09-30 11:42:01.060,TECH,220.52,111,24477.72,0.623,0,normal
TRD-102571,2026-09-30 11:42:02.164,AUTO,64.64,118,7627.52,0.191,0,normal
TRD-102572,2026-09-30 11:42:06.351,AUTO,64.63,182,11762.66,-0.07,0,normal
TRD-102573,2026-09-30 11:42:08.469,AUTO,64.64,232,14996.48,0.057,0,normal
TRD-102574,2026-09-30 11:42:09.339,BANK,34.74,413,14347.62,-0.052,0,normal
TRD-102575,2026-09-30 11:42:13.297,PHARMA,134.07,351,47058.57,0.388,0,normal
TRD-102576,2026-09-30 11:42:18.231,TECH,220.46,504,111111.84,-0.408,0,normal
TRD-102577,2026-09-30 11:42:19.743,TECH,220.52,160,35283.2,0.413,0,normal
TRD-102578,2026-09-30 11:42:23.134,PHARMA,134.19,120,16102.8,0.778,0,normal
TRD-102579,2026-09-30 11:42:28.058,TECH,220.61,189,41695.29,0.584,0,normal
TRD-102580,2026-09-30 11:42:33.074,BANK,34.76,137,4762.12,0.085,0,normal
TRD-102581,2026-09-30 11:42:35.341,PHARMA,134.2,198,26571.6,0.076,0,normal
TRD-102582,2026-09-30 11:42:36.102,TECH,220.65,137,30229.05,0.223,0,normal
TRD-102583,2026-09-30 11:42:41.218,TECH,220.58,557,122863.06,-0.416,0,normal
TRD-102584,2026-09-30 11:42:45.058,BANK,34.77,330,11474.1,0.111,0,normal
TRD-102585,2026-09-30 11:42:45.630,TECH,220.69,9003,1986872.07,0.182,1,volume_spike
TRD-102586,2026-09-30 11:42:50.137,AUTO,64.64,354,22882.56,0.028,0,normal
TRD-102587,2026-09-30 11:42:54.802,ENERGY,66.68,209,13936.12,-0.126,0,normal
TRD-102588,2026-09-30 11:42:58.430,BANK,34.8,413,14372.4,0.165,0,normal
TRD-102589,2026-09-30 11:42:58.510,BANK,34.79,819,28493.01,-0.061,0,normal
TRD-102590,2026-09-30 11:43:00.952,BANK,34.78,584,20311.52,-0.075,0,normal
TRD-102591,2026-09-30 11:43:05.120,TECH,220.72,504,111242.88,0.933,0,normal
TRD-102592,2026-09-30 11:43:05.199,ENERGY,66.74,320,21356.8,0.423,0,normal
TRD-102593,2026-09-30 11:43:06.856,PHARMA,134.2,182,24424.4,0.033,0,normal
TRD-102594,2026-09-30 11:43:12.747,BANK,34.77,191,6641.07,-0.045,0,normal
TRD-102595,2026-09-30 11:43:14.402,AUTO,64.67,468,30265.56,0.165,0,normal
TRD-102596,2026-09-30 11:43:18.526,AUTO,64.72,166,10743.52,0.329,0,normal
TRD-102597,2026-09-30 11:43:19.267,TECH,220.71,152,33547.92,-0.107,0,normal
TRD-102598,2026-09-30 11:43:19.808,PHARMA,134.19,67,8990.73,-0.052,0,normal
TRD-102599,2026-09-30 11:43:20.583,PHARMA,134.14,199,26693.86,-0.381,0,normal
TRD-102600,2026-09-30 11:43:24.424,TECH,220.7,277,61133.9,-0.048,0,normal
TRD-102601,2026-09-30 11:43:24.712,AUTO,64.65,147,9503.55,-0.443,0,normal
TRD-102602,2026-09-30 11:43:25.318,TECH,220.76,306,67552.56,0.397,0,normal
TRD-102603,2026-09-30 11:43:25.902,TECH,220.78,221,48792.38,0.162,0,normal
TRD-102604,2026-09-30 11:43:28.077,PHARMA,134.12,99,13277.88,-0.139,0,normal
TRD-102605,2026-09-30 11:43:32.045,ENERGY,66.73,312,20819.76,-0.095,0,normal
TRD-102606,2026-09-30 11:43:33.282,BANK,34.79,316,10993.64,0.14,0,normal
TRD-102607,2026-09-30 11:43:36.631,BANK,38.35,5,191.75,3.558,1,liquidity_vacuum
TRD-102608,2026-09-30 11:43:37.896,TECH,220.73,140,30902.2,-0.352,0,normal
TRD-102609,2026-09-30 11:43:39.903,BANK,34.78,427,14851.06,-0.046,0,normal
TRD-102610,2026-09-30 11:43:44.554,BANK,34.77,149,5180.73,-0.067,0,normal
TRD-102611,2026-09-30 11:43:45.416,PHARMA,134.14,196,26291.44,0.13,0,normal
TRD-102612,2026-09-30 11:43:46.825,ENERGY,66.74,86,5739.64,0.085,0,normal
TRD-102613,2026-09-30 11:43:50.116,BANK,34.75,324,11259.0,-0.143,0,normal
TRD-102614,2026-09-30 11:43:52.646,TECH,220.73,696,153628.08,-0.014,0,normal
TRD-102615,2026-09-30 11:43:55.248,AUTO,64.65,224,14481.6,0.036,0,normal
TRD-102616,2026-09-30 11:44:08.609,TECH,220.77,170,37530.9,0.287,0,normal
TRD-102617,2026-09-30 11:44:11.743,PHARMA,134.09,158,21186.22,-0.314,0,normal
TRD-102618,2026-09-30 11:44:23.560,ENERGY,66.8,255,17034.0,0.357,0,normal
TRD-102619,2026-09-30 11:44:33.394,BANK,34.73,392,13614.16,-0.145,0,normal
TRD-102620,2026-09-30 11:44:34.959,TECH,220.68,61,13461.48,-0.625,0,normal
TRD-102621,2026-09-30 11:44:37.497,TECH,220.66,110,24272.6,-0.126,0,normal
TRD-102622,2026-09-30 11:44:38.221,TECH,220.65,317,69946.05,-0.089,0,normal
TRD-102623,2026-09-30 11:44:41.001,TECH,220.61,445,98171.45,-0.221,0,normal
TRD-102624,2026-09-30 11:44:44.251,TECH,220.68,68,15006.24,0.432,0,normal
TRD-102625,2026-09-30 11:44:46.562,AUTO,64.66,141,9117.06,0.021,0,normal
TRD-102626,2026-09-30 11:44:47.511,TECH,220.76,353,77928.28,0.541,0,normal
TRD-102627,2026-09-30 11:44:47.672,PHARMA,134.13,43,5767.59,0.277,0,normal
TRD-102628,2026-09-30 11:44:48.614,TECH,220.74,165,36422.1,-0.107,0,normal
TRD-102629,2026-09-30 11:44:49.286,PHARMA,134.08,202,27084.16,-0.313,0,normal
TRD-102630,2026-09-30 11:44:51.862,TECH,220.67,104,22949.68,-0.508,0,normal
TRD-102631,2026-09-30 11:44:53.532,TECH,220.71,173,38182.83,0.303,0,normal
TRD-102632,2026-09-30 11:44:53.663,AUTO,64.7,231,14945.7,0.278,0,normal
TRD-102633,2026-09-30 11:44:54.878,TECH,220.71,82,18098.22,-0.006,0,normal
TRD-102634,2026-09-30 11:44:58.733,AUTO,64.66,213,13772.58,-0.251,0,normal
TRD-102635,2026-09-30 11:45:04.496,PHARMA,134.13,112,15022.56,0.304,0,normal
TRD-102636,2026-09-30 11:45:08.665,PHARMA,134.17,126,16905.42,0.271,0,normal
TRD-102637,2026-09-30 11:45:13.219,AUTO,64.65,272,17584.8,-0.048,0,normal
TRD-102638,2026-09-30 11:45:18.704,PHARMA,134.12,139,18642.68,-0.356,0,normal
TRD-102639,2026-09-30 11:45:18.839,TECH,220.63,77,16988.51,-0.534,0,normal
TRD-102640,2026-09-30 11:45:19.854,TECH,220.61,86,18972.46,-0.166,0,normal
TRD-102641,2026-09-30 11:45:26.282,BANK,34.75,319,11085.25,0.128,0,normal
TRD-102642,2026-09-30 11:45:26.550,AUTO,64.65,176,11378.4,0.003,0,normal
TRD-102643,2026-09-30 11:45:27.833,ENERGY,66.79,140,9350.6,-0.028,0,normal
TRD-102644,2026-09-30 11:45:31.939,BANK,34.75,491,17062.25,-0.004,0,normal
TRD-102645,2026-09-30 11:45:33.173,ENERGY,66.83,135,9022.05,0.252,0,normal
TRD-102646,2026-09-30 11:45:38.735,BANK,34.74,80,2779.2,-0.094,0,normal
TRD-102647,2026-09-30 11:45:39.042,PHARMA,134.14,406,54460.84,0.179,0,normal
TRD-102648,2026-09-30 11:45:41.829,TECH,220.56,82,18085.92,-0.311,0,normal
TRD-102649,2026-09-30 11:45:44.415,BANK,34.73,569,19761.37,-0.023,0,normal
TRD-102650,2026-09-30 11:45:45.436,TECH,220.67,191,42147.97,0.746,0,normal
TRD-102651,2026-09-30 11:45:49.177,TECH,220.72,278,61360.16,0.337,0,normal
TRD-102652,2026-09-30 11:46:02.400,TECH,220.7,136,30015.2,-0.159,0,normal
TRD-102653,2026-09-30 11:46:02.666,ENERGY,66.86,139,9293.54,0.214,0,normal
TRD-102654,2026-09-30 11:46:03.517,AUTO,64.66,509,32911.94,0.061,0,normal
TRD-102655,2026-09-30 11:46:11.504,BANK,34.74,457,15876.18,0.031,0,normal
TRD-102656,2026-09-30 11:46:18.449,BANK,34.76,819,28468.44,0.156,0,normal
TRD-102657,2026-09-30 11:46:20.976,BANK,34.73,232,8057.36,-0.214,0,normal
TRD-102658,2026-09-30 11:46:23.055,PHARMA,134.11,175,23469.25,-0.236,0,normal
TRD-102659,2026-09-30 11:46:28.545,BANK,34.73,324,11252.52,-0.008,0,normal
TRD-102660,2026-09-30 11:46:30.160,BANK,34.74,355,12332.7,0.051,0,normal
TRD-102661,2026-09-30 11:46:32.931,PHARMA,134.11,96,12874.56,0.024,0,normal
TRD-102662,2026-09-30 11:46:34.364,ENERGY,66.89,127,8495.03,0.196,0,normal
TRD-102663,2026-09-30 11:46:42.180,PHARMA,134.06,307,41156.42,-0.352,0,normal
TRD-102664,2026-09-30 11:46:43.748,PHARMA,134.07,225,30165.75,0.098,0,normal
TRD-102665,2026-09-30 11:46:44.670,BANK,34.72,617,21422.24,-0.078,0,normal
TRD-102666,2026-09-30 11:46:45.038,TECH,220.71,180,39727.8,0.051,0,normal
TRD-102667,2026-09-30 11:46:46.609,ENERGY,66.88,510,34108.8,-0.089,0,normal
TRD-102668,2026-09-30 11:46:46.656,TECH,220.72,332,73279.04,0.074,0,normal
TRD-102669,2026-09-30 11:46:49.167,ENERGY,66.94,191,12785.54,0.411,0,normal
TRD-102670,2026-09-30 11:46:51.411,ENERGY,66.93,197,13185.21,-0.028,0,normal
TRD-102671,2026-09-30 11:46:58.533,TECH,220.73,244,53858.12,0.088,0,normal
TRD-102672,2026-09-30 11:47:07.970,ENERGY,66.98,112,7501.76,0.299,0,normal
TRD-102673,2026-09-30 11:47:08.607,AUTO,64.62,116,7495.92,-0.272,0,normal
TRD-102674,2026-09-30 11:47:10.009,BANK,34.73,230,7987.9,0.028,0,normal
TRD-102675,2026-09-30 11:47:22.204,TECH,220.71,359,79234.89,-0.153,0,normal
TRD-102676,2026-09-30 11:47:24.027,BANK,34.73,2405,83525.65,-2.124,1,multivariate_break
TRD-102677,2026-09-30 11:47:24.453,PHARMA,134.01,53,7102.53,-0.419,0,normal
TRD-102678,2026-09-30 11:47:25.573,ENERGY,66.94,101,6760.94,-0.266,0,normal
TRD-102679,2026-09-30 11:47:28.056,TECH,220.76,104,22959.04,0.347,0,normal
TRD-102680,2026-09-30 11:47:29.184,AUTO,64.66,149,9634.34,0.278,0,normal
TRD-102681,2026-09-30 11:47:39.228,ENERGY,66.97,183,12255.51,0.208,0,normal
TRD-102682,2026-09-30 11:47:41.379,BANK,34.72,155,5381.6,-0.085,0,normal
TRD-102683,2026-09-30 11:47:42.607,BANK,34.71,370,12842.7,-0.033,0,normal
TRD-102684,2026-09-30 11:47:46.082,BANK,34.69,574,19912.06,-0.16,0,normal
TRD-102685,2026-09-30 11:47:48.442,AUTO,64.7,149,9640.3,0.254,0,normal
TRD-102686,2026-09-30 11:47:50.060,TECH,220.77,155,34219.35,0.094,0,normal
TRD-102687,2026-09-30 11:47:51.272,ENERGY,67.0,90,6030.0,0.19,0,normal
TRD-102688,2026-09-30 11:47:58.666,TECH,220.73,55,12140.15,-0.311,0,normal
TRD-102689,2026-09-30 11:48:05.110,AUTO,64.63,558,36063.54,-0.516,0,normal
TRD-102690,2026-09-30 11:48:09.949,PHARMA,133.99,130,17418.7,-0.111,0,normal
TRD-102691,2026-09-30 11:48:13.543,AUTO,64.62,141,9111.42,-0.006,0,normal
TRD-102692,2026-09-30 11:48:16.428,BANK,34.69,313,10857.97,0.054,0,normal
TRD-102693,2026-09-30 11:48:18.158,TECH,220.68,117,25819.56,-0.341,0,normal
TRD-102694,2026-09-30 11:48:19.189,TECH,220.75,99,21854.25,0.498,0,normal
TRD-102695,2026-09-30 11:48:20.648,ENERGY,66.98,268,17950.64,-0.129,0,normal
TRD-102696,2026-09-30 11:48:21.648,TECH,220.74,274,60482.76,-0.073,0,normal
TRD-102697,2026-09-30 11:48:22.256,TECH,220.82,256,56529.92,0.512,0,normal
TRD-102698,2026-09-30 11:48:23.065,TECH,220.78,251,55415.78,-0.209,0,normal
TRD-102699,2026-09-30 11:48:24.605,BANK,34.69,430,14916.7,-0.039,0,normal
TRD-102700,2026-09-30 11:48:25.237,TECH,220.77,141,31128.57,-0.128,0,normal
TRD-102701,2026-09-30 11:48:26.885,TECH,220.71,156,34430.76,-0.35,0,normal
TRD-102702,2026-09-30 11:48:26.913,TECH,220.76,340,75058.4,0.305,0,normal
TRD-102703,2026-09-30 11:48:27.357,PHARMA,134.03,161,21578.83,0.26,0,normal
TRD-102704,2026-09-30 11:48:33.644,AUTO,64.68,155,10025.4,0.391,0,normal
TRD-102705,2026-09-30 11:48:34.482,ENERGY,66.96,167,11182.32,-0.144,0,normal
TRD-102706,2026-09-30 11:48:35.998,BANK,34.68,160,5548.8,-0.042,0,normal
TRD-102707,2026-09-30 11:48:37.280,PHARMA,134.11,231,30979.41,0.491,0,normal
TRD-102708,2026-09-30 11:48:38.536,AUTO,60.93,2,121.86,-3.749,1,liquidity_vacuum
TRD-102709,2026-09-30 11:48:39.397,TECH,220.84,882,194780.88,0.52,0,normal
TRD-102710,2026-09-30 11:48:42.741,TECH,220.83,173,38203.59,-0.049,0,normal
TRD-102711,2026-09-30 11:48:49.411,PHARMA,134.14,130,17438.2,0.197,0,normal
TRD-102712,2026-09-30 11:48:49.760,AUTO,64.64,191,12346.24,-0.299,0,normal
TRD-102713,2026-09-30 11:48:51.974,ENERGY,66.95,237,15867.15,-0.051,0,normal
TRD-102714,2026-09-30 11:48:52.663,TECH,220.79,308,68003.32,-0.295,0,normal
TRD-102715,2026-09-30 11:48:54.938,BANK,34.7,290,10063.0,0.125,0,normal
TRD-102716,2026-09-30 11:48:59.870,ENERGY,66.89,282,18862.98,-0.396,0,normal
TRD-102717,2026-09-30 11:49:03.478,PHARMA,134.14,165,22133.1,0.054,0,normal
TRD-102718,2026-09-30 11:49:04.350,AUTO,64.65,285,18425.25,0.092,0,normal
TRD-102719,2026-09-30 11:49:07.322,BANK,34.72,167,5798.24,0.148,0,normal
TRD-102720,2026-09-30 11:49:08.027,AUTO,64.67,270,17460.9,0.106,0,normal
TRD-102721,2026-09-30 11:49:08.429,AUTO,64.65,371,23985.15,-0.113,0,normal
TRD-102722,2026-09-30 11:49:11.131,TECH,220.88,121,26726.48,0.64,0,normal
TRD-102723,2026-09-30 11:49:13.388,TECH,220.83,436,96281.88,-0.331,0,normal
TRD-102724,2026-09-30 11:49:14.486,ENERGY,66.89,176,11772.64,0.021,0,normal
TRD-102725,2026-09-30 11:49:16.635,AUTO,64.65,253,16356.45,0.025,0,normal
TRD-102726,2026-09-30 11:49:18.300,ENERGY,66.9,286,19133.4,0.07,0,normal
TRD-102727,2026-09-30 11:49:32.479,TECH,220.85,245,54108.25,0.133,0,normal
TRD-102728,2026-09-30 11:49:32.783,BANK,34.74,437,15181.38,0.085,0,normal
TRD-102729,2026-09-30 11:49:32.849,PHARMA,134.14,191,25620.74,-0.035,0,normal
TRD-102730,2026-09-30 11:49:40.469,BANK,34.73,272,9446.56,-0.035,0,normal
TRD-102731,2026-09-30 11:49:41.007,PHARMA,134.19,69,9259.11,0.367,0,normal
TRD-102732,2026-09-30 11:49:42.325,AUTO,64.64,295,19068.8,-0.121,0,normal
TRD-102733,2026-09-30 11:49:48.098,TECH,220.74,116,25605.84,-0.728,0,normal
TRD-102734,2026-09-30 11:49:50.736,PHARMA,134.19,320,42940.8,-0.021,0,normal
TRD-102735,2026-09-30 11:49:51.745,PHARMA,134.24,113,15169.12,0.326,0,normal
TRD-102736,2026-09-30 11:49:53.943,TECH,220.73,416,91823.68,-0.085,0,normal
TRD-102737,2026-09-30 11:49:54.574,TECH,220.69,77,16993.13,-0.233,0,normal
TRD-102738,2026-09-30 11:49:56.633,ENERGY,66.91,146,9768.86,0.053,0,normal
TRD-102739,2026-09-30 11:50:05.484,AUTO,64.67,326,21082.42,0.244,0,normal
TRD-102740,2026-09-30 11:50:06.060,TECH,220.73,192,42380.16,0.224,0,normal
TRD-102741,2026-09-30 11:50:10.517,AUTO,64.72,320,20710.4,0.291,0,normal
TRD-102742,2026-09-30 11:50:12.092,BANK,34.74,400,13896.0,0.061,0,normal
TRD-102743,2026-09-30 11:50:16.408,TECH,220.71,227,50101.17,-0.114,0,normal
TRD-102744,2026-09-30 11:50:19.902,BANK,34.74,414,14382.36,0.034,0,normal
TRD-102745,2026-09-30 11:50:25.180,PHARMA,134.24,233,31277.92,-0.023,0,normal
TRD-102746,2026-09-30 11:50:25.401,AUTO,64.67,115,7437.05,-0.321,0,normal
TRD-102747,2026-09-30 11:50:27.191,BANK,34.74,890,30918.6,0.001,0,normal
TRD-102748,2026-09-30 11:50:28.461,ENERGY,66.88,601,40194.88,-0.244,0,normal
TRD-102749,2026-09-30 11:50:29.473,BANK,34.75,720,25020.0,0.024,0,normal
TRD-102750,2026-09-30 11:50:33.987,PHARMA,134.25,421,56519.25,0.123,0,normal
TRD-102751,2026-09-30 11:50:35.103,ENERGY,66.87,127,8492.49,-0.031,0,normal
TRD-102752,2026-09-30 11:50:46.789,TECH,220.71,216,47673.36,0.01,0,normal
TRD-102753,2026-09-30 11:50:49.148,AUTO,64.64,115,7433.6,-0.189,0,normal
TRD-102754,2026-09-30 11:50:52.455,BANK,34.74,992,34462.08,-0.03,0,normal
TRD-102755,2026-09-30 11:50:56.848,BANK,34.77,457,15889.89,0.171,0,normal
TRD-102756,2026-09-30 11:51:00.040,TECH,220.73,403,88954.19,0.117,0,normal
TRD-102757,2026-09-30 11:51:02.986,AUTO,64.61,85,5491.85,-0.181,0,normal
TRD-102758,2026-09-30 11:51:05.378,TECH,220.73,225,49664.25,-0.001,0,normal
TRD-102759,2026-09-30 11:51:07.362,PHARMA,134.19,155,20799.45,-0.426,0,normal
TRD-102760,2026-09-30 11:51:08.927,BANK,34.78,546,18989.88,0.069,0,normal
TRD-102761,2026-09-30 11:51:15.049,AUTO,64.64,147,9502.08,0.182,0,normal
TRD-102762,2026-09-30 11:51:16.309,AUTO,64.64,99,6399.36,0.004,0,normal
TRD-102763,2026-09-30 11:51:17.667,AUTO,64.59,223,14403.57,-0.319,0,normal
TRD-102764,2026-09-30 11:51:20.017,PHARMA,134.21,96,12884.16,0.124,0,normal
TRD-102765,2026-09-30 11:51:22.546,TECH,220.76,163,35983.88,0.184,0,normal
TRD-102766,2026-09-30 11:51:23.899,TECH,220.88,187,41304.56,0.785,0,normal
TRD-102767,2026-09-30 11:51:24.447,BANK,34.77,383,13316.91,-0.046,0,normal
TRD-102768,2026-09-30 11:51:33.798,ENERGY,66.86,270,18052.2,-0.045,0,normal
TRD-102769,2026-09-30 11:51:36.125,BANK,34.76,435,15120.6,-0.071,0,normal
TRD-102770,2026-09-30 11:51:40.175,TECH,220.87,102,22528.74,-0.042,0,normal
TRD-102771,2026-09-30 11:51:43.652,AUTO,64.57,624,40291.68,-0.151,0,normal
TRD-102772,2026-09-30 11:51:48.507,TECH,220.96,37,8175.52,0.597,0,normal
TRD-102773,2026-09-30 11:51:48.932,ENERGY,66.85,222,14840.7,-0.087,0,normal
TRD-102774,2026-09-30 11:52:00.432,TECH,220.92,148,32696.16,-0.249,0,normal
TRD-102775,2026-09-30 11:52:03.914,BANK,34.76,425,14773.0,0.001,0,normal
TRD-102776,2026-09-30 11:52:10.854,ENERGY,66.88,256,17121.28,0.215,0,normal
TRD-102777,2026-09-30 11:52:11.493,TECH,220.95,215,47504.25,0.172,0,normal
TRD-102778,2026-09-30 11:52:16.845,TECH,220.96,173,38226.08,0.07,0,normal
TRD-102779,2026-09-30 11:52:22.113,ENERGY,66.9,78,5218.2,0.126,0,normal
TRD-102780,2026-09-30 11:52:29.584,BANK,34.72,321,11145.12,-0.266,0,normal
TRD-102781,2026-09-30 11:52:36.929,TECH,221.02,262,57907.24,0.384,0,normal
TRD-102782,2026-09-30 11:52:45.061,PHARMA,134.22,132,17717.04,0.091,0,normal
TRD-102783,2026-09-30 11:52:51.101,TECH,221.06,164,36253.84,0.311,0,normal
TRD-102784,2026-09-30 11:52:52.867,BANK,34.71,279,9684.09,-0.055,0,normal
TRD-102785,2026-09-30 11:52:55.199,BANK,34.72,408,14165.76,0.044,0,normal
TRD-102786,2026-09-30 11:52:57.297,ENERGY,66.9,290,19401.0,-0.041,0,normal
TRD-102787,2026-09-30 11:52:59.322,PHARMA,134.23,128,17181.44,0.056,0,normal
TRD-102788,2026-09-30 11:53:00.285,ENERGY,66.93,63,4216.59,0.254,0,normal
TRD-102789,2026-09-30 11:53:01.292,BANK,34.71,231,8018.01,-0.074,0,normal
TRD-102790,2026-09-30 11:53:03.080,TECH,221.11,190,42010.9,0.311,0,normal
TRD-102791,2026-09-30 11:53:14.298,PHARMA,134.2,100,13420.0,-0.228,0,normal
TRD-102792,2026-09-30 11:53:15.768,TECH,221.18,68,15040.24,0.486,0,normal
TRD-102793,2026-09-30 11:53:16.943,AUTO,64.51,296,19094.96,-0.404,0,normal
TRD-102794,2026-09-30 11:53:20.305,AUTO,64.5,388,25026.0,-0.097,0,normal
TRD-102795,2026-09-30 11:53:24.379,TECH,221.14,142,31401.88,-0.262,0,normal
TRD-102796,2026-09-30 11:53:24.549,BANK,34.71,180,6247.8,-0.016,0,normal
TRD-102797,2026-09-30 11:53:25.568,TECH,221.08,201,44437.08,-0.437,0,normal
TRD-102798,2026-09-30 11:53:26.125,TECH,213.55,111,23704.05,-7.529,1,price_shock
TRD-102799,2026-09-30 11:53:26.192,AUTO,64.48,805,51906.4,-0.113,0,normal
TRD-102800,2026-09-30 11:53:29.813,BANK,34.7,450,15615.0,-0.036,0,normal
TRD-102801,2026-09-30 11:53:37.052,BANK,34.72,236,8193.92,0.135,0,normal
TRD-102802,2026-09-30 11:53:38.113,PHARMA,134.21,204,27378.84,0.106,0,normal
TRD-102803,2026-09-30 11:53:38.443,PHARMA,134.26,252,33833.52,0.295,0,normal
TRD-102804,2026-09-30 11:53:39.324,PHARMA,134.27,177,23765.79,0.095,0,normal
TRD-102805,2026-09-30 11:53:41.704,PHARMA,134.26,161,21615.86,-0.059,0,normal
TRD-102806,2026-09-30 11:53:43.516,TECH,213.43,420,89640.6,-0.784,0,normal
TRD-102807,2026-09-30 11:53:47.747,BANK,34.74,316,10977.84,0.091,0,normal
TRD-102808,2026-09-30 11:53:48.168,BANK,34.68,344,11929.92,-0.359,0,normal
TRD-102809,2026-09-30 11:53:52.579,ENERGY,66.9,389,26024.1,-0.25,0,normal
TRD-102810,2026-09-30 11:53:55.014,TECH,213.4,145,30943.0,-0.216,0,normal
TRD-102811,2026-09-30 11:53:55.840,TECH,213.44,86,18355.84,0.271,0,normal
TRD-102812,2026-09-30 11:53:57.786,PHARMA,134.28,179,24036.12,0.138,0,normal
TRD-102813,2026-09-30 11:54:01.170,ENERGY,66.87,478,31963.86,-0.15,0,normal
TRD-102814,2026-09-30 11:54:08.036,BANK,34.68,345,11964.6,-0.028,0,normal
TRD-102815,2026-09-30 11:54:13.630,ENERGY,66.88,432,28892.16,0.02,0,normal
TRD-102816,2026-09-30 11:54:21.713,AUTO,64.48,351,22632.48,0.017,0,normal
TRD-102817,2026-09-30 11:54:23.433,BANK,34.66,191,6620.06,-0.122,0,normal
TRD-102818,2026-09-30 11:54:29.047,ENERGY,66.83,180,12029.4,-0.307,0,normal
TRD-102819,2026-09-30 11:54:29.499,TECH,213.31,63,13438.53,-0.862,0,normal
TRD-102820,2026-09-30 11:54:33.026,AUTO,64.45,208,13405.6,-0.231,0,normal
TRD-102821,2026-09-30 11:54:40.019,BANK,34.67,873,30266.91,0.099,0,normal
TRD-102822,2026-09-30 11:54:40.784,ENERGY,66.87,244,16316.28,0.262,0,normal
TRD-102823,2026-09-30 11:54:42.307,TECH,213.36,266,56753.76,0.293,0,normal
TRD-102824,2026-09-30 11:54:44.042,BANK,34.7,186,6454.2,0.187,0,normal
TRD-102825,2026-09-30 11:54:45.434,TECH,213.38,100,21338.0,0.196,0,normal
TRD-102826,2026-09-30 11:54:47.739,TECH,213.44,230,49091.2,0.399,0,normal
TRD-102827,2026-09-30 11:54:52.333,PHARMA,134.31,124,16654.44,0.187,0,normal
TRD-102828,2026-09-30 11:54:58.343,TECH,213.08,5483,1168317.64,0.137,1,volume_spike
TRD-102829,2026-09-30 11:54:58.699,TECH,213.5,132,28182.0,0.384,0,normal
TRD-102830,2026-09-30 11:55:00.980,TECH,213.5,104,22204.0,0.014,0,normal
TRD-102831,2026-09-30 11:55:05.223,AUTO,64.44,167,10761.48,-0.052,0,normal
TRD-102832,2026-09-30 11:55:05.819,TECH,213.47,105,22414.35,-0.2,0,normal
TRD-102833,2026-09-30 11:55:06.724,TECH,213.4,379,80878.6,-0.491,0,normal
TRD-102834,2026-09-30 11:55:08.708,AUTO,64.47,250,16117.5,0.23,0,normal
TRD-102835,2026-09-30 11:55:08.854,AUTO,64.44,306,19718.64,-0.25,0,normal
TRD-102836,2026-09-30 11:55:11.986,BANK,34.7,118,4094.6,-0.018,0,normal
TRD-102837,2026-09-30 11:55:16.708,AUTO,64.44,323,20814.12,-0.004,0,normal
TRD-102838,2026-09-30 11:55:17.278,TECH,213.35,176,37549.6,-0.347,0,normal
TRD-102839,2026-09-30 11:55:20.176,PHARMA,139.26,363,50551.38,4.947,1,price_shock
TRD-102840,2026-09-30 11:55:20.911,AUTO,64.45,227,14630.15,0.117,0,normal
TRD-102841,2026-09-30 11:55:31.069,PHARMA,139.21,184,25614.64,-0.35,0,normal
TRD-102842,2026-09-30 11:55:33.052,TECH,213.37,397,84707.89,0.176,0,normal
TRD-102843,2026-09-30 11:55:34.091,AUTO,64.51,189,12192.39,0.351,0,normal
TRD-102844,2026-09-30 11:55:35.438,ENERGY,66.83,135,9022.05,-0.252,0,normal
TRD-102845,2026-09-30 11:55:36.463,AUTO,64.5,316,20382.0,-0.048,0,normal
TRD-102846,2026-09-30 11:55:38.603,TECH,213.35,11373,2426429.55,0.102,1,volume_spike
TRD-102847,2026-09-30 11:55:38.915,ENERGY,66.79,105,7012.95,-0.266,0,normal
TRD-102848,2026-09-30 11:55:49.752,BANK,34.7,172,5968.4,-0.002,0,normal
TRD-102849,2026-09-30 11:55:57.936,AUTO,64.56,215,13880.4,0.42,0,normal
TRD-102850,2026-09-30 11:56:04.238,TECH,213.42,210,44818.2,0.317,0,normal
TRD-102851,2026-09-30 11:56:04.428,TECH,213.41,203,43322.23,-0.102,0,normal
TRD-102852,2026-09-30 11:56:04.537,BANK,34.71,134,4651.14,0.102,0,normal
TRD-102853,2026-09-30 11:56:05.935,TECH,213.34,391,83415.94,-0.477,0,normal
TRD-102854,2026-09-30 11:56:08.494,ENERGY,66.75,275,18356.25,-0.308,0,normal
TRD-102855,2026-09-30 11:56:10.903,BANK,34.71,628,21797.88,-0.042,0,normal
TRD-102856,2026-09-30 11:56:11.971,BANK,34.68,712,24692.16,-0.158,0,normal
TRD-102857,2026-09-30 11:56:22.519,TECH,213.26,167,35614.42,-0.521,0,normal
TRD-102858,2026-09-30 11:56:22.719,TECH,213.25,146,31134.5,-0.058,0,normal
TRD-102859,2026-09-30 11:56:25.972,BANK,34.69,456,15818.64,0.011,0,normal
TRD-102860,2026-09-30 11:56:28.641,ENERGY,66.76,379,25302.04,0.114,0,normal
TRD-102861,2026-09-30 11:56:34.216,TECH,213.3,49,10451.7,0.331,0,normal
TRD-102862,2026-09-30 11:56:35.785,ENERGY,66.77,141,9414.57,0.035,0,normal
TRD-102863,2026-09-30 11:56:37.726,AUTO,64.59,125,8073.75,0.191,0,normal
TRD-102864,2026-09-30 11:56:42.856,ENERGY,63.19,2,126.38,-3.583,1,liquidity_vacuum
TRD-102865,2026-09-30 11:56:44.468,TECH,213.32,167,35624.44,0.171,0,normal
TRD-102866,2026-09-30 11:56:44.474,TECH,213.42,99,21128.58,0.612,0,normal
TRD-102867,2026-09-30 11:56:49.242,TECH,213.44,163,34790.72,0.172,0,normal
TRD-102868,2026-09-30 11:56:54.228,TECH,213.48,234,49954.32,0.228,0,normal
TRD-102869,2026-09-30 11:56:57.368,TECH,213.45,211,45037.95,-0.148,0,normal
TRD-102870,2026-09-30 11:56:58.685,TECH,213.39,497,106054.83,-0.43,0,normal
TRD-102871,2026-09-30 11:57:00.499,BANK,34.68,481,16681.08,-0.012,0,normal
TRD-102872,2026-09-30 11:57:01.476,PHARMA,139.17,193,26859.81,-0.228,0,normal
TRD-102873,2026-09-30 11:57:03.061,ENERGY,66.71,212,14142.52,-0.385,0,normal
TRD-102874,2026-09-30 11:57:06.521,TECH,213.5,345,73657.5,0.735,0,normal
TRD-102875,2026-09-30 11:57:08.449,PHARMA,139.16,203,28249.48,-0.102,0,normal
TRD-102876,2026-09-30 11:57:09.242,ENERGY,66.73,98,6539.54,0.104,0,normal
TRD-102877,2026-09-30 11:57:09.954,TECH,213.43,123,26251.89,-0.457,0,normal
TRD-102878,2026-09-30 11:57:10.298,BANK,34.7,935,32444.5,0.084,0,normal
TRD-102879,2026-09-30 11:57:21.437,AUTO,64.61,351,22678.11,0.15,0,normal
TRD-102880,2026-09-30 11:57:32.585,TECH,213.37,88,18776.56,-0.375,0,normal
TRD-102881,2026-09-30 11:57:33.333,BANK,34.72,248,8610.56,0.138,0,normal
TRD-102882,2026-09-30 11:57:41.658,ENERGY,66.69,235,15672.15,-0.225,0,normal
TRD-102883,2026-09-30 11:57:47.568,TECH,213.37,361,77026.57,-0.064,0,normal
TRD-102884,2026-09-30 11:57:49.547,ENERGY,66.67,159,10600.53,-0.186,0,normal
TRD-102885,2026-09-30 11:57:50.800,BANK,34.72,600,20832.0,-0.013,0,normal
TRD-102886,2026-09-30 11:57:57.154,AUTO,64.6,101,6524.6,-0.101,0,normal
TRD-102887,2026-09-30 11:58:04.802,PHARMA,139.16,122,16977.52,0.009,0,normal
TRD-102888,2026-09-30 11:58:05.855,PHARMA,139.12,131,18224.72,-0.252,0,normal
TRD-102889,2026-09-30 11:58:06.185,TECH,213.4,223,47588.2,0.254,0,normal
TRD-102890,2026-09-30 11:58:06.987,AUTO,73.15,82,5998.3,8.555,1,price_shock
TRD-102891,2026-09-30 11:58:10.228,AUTO,73.14,79,5778.06,-0.087,0,normal
TRD-102892,2026-09-30 11:58:11.510,TECH,213.45,83,17716.35,0.299,0,normal
TRD-102893,2026-09-30 11:58:16.577,TECH,213.48,202,43122.96,0.219,0,normal
TRD-102894,2026-09-30 11:58:21.372,TECH,213.51,348,74301.48,0.208,0,normal
TRD-102895,2026-09-30 11:58:21.828,TECH,213.48,262,55931.76,-0.228,0,normal
TRD-102896,2026-09-30 11:58:24.114,TECH,213.48,109,23269.32,0.027,0,normal
TRD-102897,2026-09-30 11:58:26.585,BANK,34.7,270,9369.0,-0.122,0,normal
TRD-102898,2026-09-30 11:58:32.846,ENERGY,66.67,356,23734.52,0.028,0,normal
TRD-102899,2026-09-30 11:58:34.273,TECH,213.57,158,33744.06,0.606,0,normal
TRD-102900,2026-09-30 11:58:35.195,BANK,34.7,297,10305.9,0.015,0,normal
TRD-102901,2026-09-30 11:58:49.826,AUTO,73.11,315,23029.65,-0.209,0,normal
TRD-102902,2026-09-30 11:58:57.387,ENERGY,66.77,84,5608.68,0.683,0,normal
TRD-102903,2026-09-30 11:59:01.689,AUTO,73.08,138,10085.04,-0.197,0,normal
TRD-102904,2026-09-30 11:59:02.063,TECH,213.55,46,9823.3,-0.125,0,normal
TRD-102905,2026-09-30 11:59:07.301,ENERGY,66.74,94,6273.56,-0.192,0,normal
TRD-102906,2026-09-30 11:59:17.147,TECH,213.62,305,65154.1,0.458,0,normal
TRD-102907,2026-09-30 11:59:17.491,PHARMA,139.07,102,14185.14,-0.34,0,normal
TRD-102908,2026-09-30 11:59:18.301,ENERGY,66.76,217,14486.92,0.083,0,normal
TRD-102909,2026-09-30 11:59:23.576,TECH,213.6,198,42292.8,-0.13,0,normal
TRD-102910,2026-09-30 11:59:25.441,BANK,34.71,222,7705.62,0.04,0,normal
TRD-102911,2026-09-30 11:59:26.048,AUTO,73.07,185,13517.95,-0.025,0,normal
TRD-102912,2026-09-30 11:59:27.239,BANK,34.72,245,8506.4,0.125,0,normal
TRD-102913,2026-09-30 11:59:31.493,BANK,34.73,319,11078.87,0.05,0,normal
TRD-102914,2026-09-30 11:59:33.458,TECH,213.4,13422,2864254.8,-0.076,1,volume_spike
TRD-102915,2026-09-30 11:59:34.707,TECH,213.64,294,62810.16,0.224,0,normal
TRD-102916,2026-09-30 11:59:35.476,ENERGY,66.76,278,18559.28,0.042,0,normal
TRD-102917,2026-09-30 11:59:36.451,PHARMA,139.09,87,12100.83,0.116,0,normal
TRD-102918,2026-09-30 11:59:41.691,ENERGY,66.8,123,8216.4,0.232,0,normal
TRD-102919,2026-09-30 11:59:41.829,ENERGY,66.78,329,21970.62,-0.129,0,normal
TRD-102920,2026-09-30 11:59:43.054,AUTO,73.1,135,9868.5,0.215,0,normal
TRD-102921,2026-09-30 11:59:46.046,BANK,34.7,923,32028.1,-0.183,0,normal
TRD-102922,2026-09-30 11:59:50.437,TECH,213.69,218,46584.42,0.367,0,normal
TRD-102923,2026-09-30 11:59:53.243,TECH,213.69,119,25429.11,-0.025,0,normal
TRD-102924,2026-09-30 11:59:53.907,ENERGY,66.76,133,8879.08,-0.122,0,normal
TRD-102925,2026-09-30 11:59:57.565,TECH,213.62,136,29052.32,-0.48,0,normal
TRD-102926,2026-09-30 11:59:57.670,BANK,34.72,790,27428.8,0.086,0,normal
TRD-102927,2026-09-30 11:59:59.899,TECH,213.6,613,130936.8,-0.13,0,normal
TRD-102928,2026-09-30 12:00:10.358,PHARMA,139.13,95,13217.35,0.284,0,normal
TRD-102929,2026-09-30 12:00:11.286,ENERGY,66.77,183,12218.91,0.058,0,normal
TRD-102930,2026-09-30 12:00:20.978,BANK,34.7,444,15406.8,-0.103,0,normal
TRD-102931,2026-09-30 12:00:21.928,TECH,213.51,282,60209.82,-0.604,0,normal
TRD-102932,2026-09-30 12:00:22.983,BANK,34.73,169,5869.37,0.176,0,normal
TRD-102933,2026-09-30 12:00:33.591,BANK,34.7,213,7391.1,-0.22,0,normal
TRD-102934,2026-09-30 12:00:34.801,TECH,213.47,122,26043.34,-0.241,0,normal
TRD-102935,2026-09-30 12:00:37.931,PHARMA,139.11,153,21283.83,-0.154,0,normal
TRD-102936,2026-09-30 12:00:39.132,TECH,213.48,118,25190.64,0.056,0,normal
TRD-102937,2026-09-30 12:00:43.224,TECH,213.36,177,37764.72,-0.813,0,normal
TRD-102938,2026-09-30 12:00:45.047,ENERGY,66.75,68,4539.0,-0.113,0,normal
TRD-102939,2026-09-30 12:00:48.945,ENERGY,66.8,168,11222.4,0.348,0,normal
TRD-102940,2026-09-30 12:00:49.607,AUTO,73.11,52,3801.72,0.023,0,normal
TRD-102941,2026-09-30 12:00:51.289,PHARMA,139.14,186,25880.04,0.192,0,normal
TRD-102942,2026-09-30 12:01:01.021,TECH,213.4,176,37558.4,0.313,0,normal
TRD-102943,2026-09-30 12:01:02.221,BANK,34.69,574,19912.06,-0.015,0,normal
TRD-102944,2026-09-30 12:01:03.346,TECH,213.39,240,51213.6,-0.12,0,normal
TRD-102945,2026-09-30 12:01:10.982,TECH,213.41,111,23688.51,0.134,0,normal
TRD-102946,2026-09-30 12:01:15.130,PHARMA,139.13,92,12799.96,-0.027,0,normal
TRD-102947,2026-09-30 12:01:18.562,TECH,213.38,216,46090.08,-0.183,0,normal
TRD-102948,2026-09-30 12:01:18.890,TECH,213.39,84,17924.76,0.083,0,normal
TRD-102949,2026-09-30 12:01:23.077,PHARMA,139.1,161,22395.1,-0.197,0,normal
TRD-102950,2026-09-30 12:01:23.176,AUTO,73.1,258,18859.8,-0.073,0,normal
TRD-102951,2026-09-30 12:01:32.259,TECH,213.42,119,25396.98,0.208,0,normal
TRD-102952,2026-09-30 12:01:35.048,AUTO,73.05,254,18554.7,-0.325,0,normal
TRD-102953,2026-09-30 12:01:36.196,BANK,34.7,566,19640.2,0.021,0,normal
TRD-102954,2026-09-30 12:01:47.319,TECH,222.61,213,47415.93,9.191,1,price_shock
TRD-102955,2026-09-30 12:01:47.481,ENERGY,66.82,83,5546.06,0.115,0,normal
TRD-102956,2026-09-30 12:01:47.993,ENERGY,66.82,315,21048.3,-0.007,0,normal
TRD-102957,2026-09-30 12:01:49.517,AUTO,73.03,190,13875.7,-0.098,0,normal
TRD-102958,2026-09-30 12:01:51.720,TECH,222.57,492,109504.44,-0.281,0,normal
TRD-102959,2026-09-30 12:01:52.075,PHARMA,139.1,82,11406.2,-0.023,0,normal
TRD-102960,2026-09-30 12:01:52.771,AUTO,73.04,198,14461.92,0.018,0,normal
TRD-102961,2026-09-30 12:01:53.876,TECH,222.56,166,36944.96,-0.047,0,normal
TRD-102962,2026-09-30 12:02:11.582,PHARMA,139.15,328,45641.2,0.31,0,normal
TRD-102963,2026-09-30 12:02:14.808,AUTO,73.06,97,7086.82,0.173,0,normal
TRD-102964,2026-09-30 12:02:27.200,BANK,34.7,222,7703.4,0.053,0,normal
TRD-102965,2026-09-30 12:02:27.467,TECH,222.59,137,30494.83,0.174,0,normal
TRD-102966,2026-09-30 12:02:30.169,AUTO,73.03,604,44110.12,-0.23,0,normal
TRD-102967,2026-09-30 12:02:31.307,BANK,34.72,564,19582.08,0.132,0,normal
TRD-102968,2026-09-30 12:02:41.701,BANK,34.75,290,10077.5,0.148,0,normal
TRD-102969,2026-09-30 12:02:46.773,AUTO,73.01,222,16208.22,-0.136,0,normal
TRD-102970,2026-09-30 12:02:48.374,AUTO,73.01,251,18325.51,0.034,0,normal
TRD-102971,2026-09-30 12:02:49.509,ENERGY,66.8,114,7615.2,-0.106,0,normal
TRD-102972,2026-09-30 12:02:50.707,TECH,222.63,68,15138.84,0.265,0,normal
TRD-102973,2026-09-30 12:02:54.989,BANK,34.75,2016,70056.0,-2.201,1,multivariate_break
TRD-102974,2026-09-30 12:02:57.896,TECH,222.55,222,49406.1,-0.53,0,normal
TRD-102975,2026-09-30 12:02:58.510,TECH,222.55,157,34940.35,0.02,0,normal
TRD-102976,2026-09-30 12:03:03.215,TECH,222.51,234,52067.34,-0.275,0,normal
TRD-102977,2026-09-30 12:03:03.521,AUTO,73.01,204,14894.04,0.017,0,normal
TRD-102978,2026-09-30 12:03:04.349,AUTO,73.04,231,16872.24,0.161,0,normal
TRD-102979,2026-09-30 12:03:09.899,PHARMA,139.08,153,21279.24,-0.45,0,normal
TRD-102980,2026-09-30 12:03:12.434,ENERGY,66.84,119,7953.96,0.226,0,normal
TRD-102981,2026-09-30 12:03:13.745,ENERGY,66.81,325,21713.25,-0.176,0,normal
TRD-102982,2026-09-30 12:03:18.486,BANK,34.74,82,2848.68,-0.032,0,normal
TRD-102983,2026-09-30 12:03:18.631,TECH,222.54,35,7788.9,0.236,0,normal
TRD-102984,2026-09-30 12:03:19.050,BANK,34.74,728,25290.72,0.009,0,normal
TRD-102985,2026-09-30 12:03:19.642,TECH,222.6,250,55650.0,0.382,0,normal
TRD-102986,2026-09-30 12:03:20.767,TECH,222.55,223,49628.65,-0.336,0,normal
TRD-102987,2026-09-30 12:03:23.703,BANK,34.77,497,17280.69,0.206,0,normal
TRD-102988,2026-09-30 12:03:29.194,ENERGY,66.81,276,18439.56,-0.003,0,normal
TRD-102989,2026-09-30 12:03:31.071,AUTO,73.02,203,14823.06,-0.145,0,normal
TRD-102990,2026-09-30 12:03:33.870,BANK,34.78,479,16659.62,0.072,0,normal
TRD-102991,2026-09-30 12:03:36.427,PHARMA,139.08,111,15437.88,0.011,0,normal
TRD-102992,2026-09-30 12:03:44.057,TECH,222.55,177,39391.35,0.013,0,normal
TRD-102993,2026-09-30 12:03:50.744,BANK,34.82,220,7660.4,0.211,0,normal
TRD-102994,2026-09-30 12:03:50.817,TECH,222.53,162,36049.86,-0.164,0,normal
TRD-102995,2026-09-30 12:03:52.992,AUTO,73.02,403,29427.06,0.048,0,normal
TRD-102996,2026-09-30 12:03:53.080,BANK,34.84,286,9964.24,0.148,0,normal
TRD-102997,2026-09-30 12:03:58.490,TECH,222.48,347,77200.56,-0.314,0,normal
TRD-102998,2026-09-30 12:04:04.248,AUTO,73.01,324,23655.24,-0.113,0,normal
TRD-102999,2026-09-30 12:04:06.063,ENERGY,66.79,302,20170.58,-0.155,0,normal
TRD-103000,2026-09-30 12:04:06.223,TECH,222.45,130,28918.5,-0.207,0,normal
TRD-103001,2026-09-30 12:04:06.633,TECH,222.41,398,88519.18,-0.269,0,normal
TRD-103002,2026-09-30 12:04:09.067,PHARMA,139.07,65,9039.55,-0.086,0,normal
TRD-103003,2026-09-30 12:04:24.931,AUTO,73.01,392,28619.92,0.014,0,normal
TRD-103004,2026-09-30 12:04:25.709,BANK,40.2,105,4221.0,5.361,1,price_shock
TRD-103005,2026-09-30 12:04:26.422,BANK,40.23,830,33390.9,0.207,0,normal
TRD-103006,2026-09-30 12:04:27.674,PHARMA,139.03,93,12929.79,-0.281,0,normal
TRD-103007,2026-09-30 12:04:30.440,BANK,40.25,225,9056.25,0.158,0,normal
TRD-103008,2026-09-30 12:04:32.063,AUTO,73.03,298,21762.94,0.137,0,normal
TRD-103009,2026-09-30 12:04:32.887,PHARMA,139.04,156,21690.24,0.08,0,normal
TRD-103010,2026-09-30 12:04:33.715,TECH,222.43,485,107878.55,0.1,0,normal
TRD-103011,2026-09-30 12:04:39.101,ENERGY,66.84,186,12432.24,0.374,0,normal
TRD-103012,2026-09-30 12:04:39.356,PHARMA,139.07,239,33237.73,0.245,0,normal
TRD-103013,2026-09-30 12:04:48.004,TECH,222.46,487,108338.02,0.202,0,normal
TRD-103014,2026-09-30 12:04:49.367,BANK,40.25,274,11028.5,-0.015,0,normal
TRD-103015,2026-09-30 12:04:49.616,BANK,40.24,267,10744.08,-0.067,0,normal
TRD-103016,2026-09-30 12:04:50.151,BANK,40.22,457,18380.54,-0.177,0,normal
TRD-103017,2026-09-30 12:04:54.094,AUTO,73.03,368,26875.04,-0.013,0,normal
TRD-103018,2026-09-30 12:04:56.522,ENERGY,66.84,120,8020.8,-0.014,0,normal
TRD-103019,2026-09-30 12:04:56.616,AUTO,72.97,143,10434.71,-0.363,0,normal
TRD-103020,2026-09-30 12:05:03.708,AUTO,72.98,208,15179.84,0.031,0,normal
TRD-103021,2026-09-30 12:05:04.129,TECH,222.41,118,26244.38,-0.27,0,normal
TRD-103022,2026-09-30 12:05:05.815,PHARMA,139.09,250,34772.5,0.107,0,normal
TRD-103023,2026-09-30 12:05:08.366,BANK,40.25,137,5514.25,0.227,0,normal
TRD-103024,2026-09-30 12:05:09.377,PHARMA,139.09,193,26844.37,-0.01,0,normal
TRD-103025,2026-09-30 12:05:09.821,ENERGY,66.81,89,5946.09,-0.236,0,normal
TRD-103026,2026-09-30 12:05:10.057,TECH,222.45,96,21355.2,0.214,0,normal
TRD-103027,2026-09-30 12:05:13.323,BANK,40.24,161,6478.64,-0.061,0,normal
TRD-103028,2026-09-30 12:05:17.147,BANK,40.25,312,12558.0,0.091,0,normal
TRD-103029,2026-09-30 12:05:19.055,BANK,40.26,361,14533.86,0.02,0,normal
TRD-103030,2026-09-30 12:05:24.403,BANK,40.24,617,24828.08,-0.14,0,normal
TRD-103031,2026-09-30 12:05:25.010,TECH,218.8,5,1094.0,-3.647,1,liquidity_vacuum
TRD-103032,2026-09-30 12:05:28.714,AUTO,72.96,316,23055.36,-0.095,0,normal
TRD-103033,2026-09-30 12:05:32.453,TECH,222.5,212,47170.0,0.359,0,normal
TRD-103034,2026-09-30 12:05:36.663,PHARMA,139.11,66,9181.26,0.125,0,normal
TRD-103035,2026-09-30 12:05:37.426,AUTO,72.96,222,16197.12,0.0,0,normal
TRD-103036,2026-09-30 12:05:43.992,AUTO,72.93,189,13783.77,-0.22,0,normal
TRD-103037,2026-09-30 12:05:44.382,TECH,222.54,127,28262.58,0.262,0,normal
TRD-103038,2026-09-30 12:05:48.739,AUTO,72.93,77,5615.61,-0.02,0,normal
TRD-103039,2026-09-30 12:05:53.437,TECH,222.56,154,34274.24,0.111,0,normal
TRD-103040,2026-09-30 12:05:59.602,PHARMA,139.11,148,20588.28,0.025,0,normal
TRD-103041,2026-09-30 12:06:04.967,BANK,40.26,211,8494.86,0.188,0,normal
TRD-103042,2026-09-30 12:06:07.320,TECH,222.54,59,13129.86,-0.1,0,normal
TRD-103043,2026-09-30 12:06:07.718,ENERGY,66.77,144,9614.88,-0.258,0,normal
TRD-103044,2026-09-30 12:06:08.345,TECH,222.53,203,45173.59,-0.06,0,normal
TRD-103045,2026-09-30 12:06:16.477,PHARMA,139.14,152,21149.28,0.203,0,normal
TRD-103046,2026-09-30 12:06:17.855,BANK,40.27,171,6886.17,0.024,0,normal
TRD-103047,2026-09-30 12:06:19.923,AUTO,72.89,585,42640.65,-0.232,0,normal
TRD-103048,2026-09-30 12:06:22.705,TECH,222.57,198,44068.86,0.215,0,normal
TRD-103049,2026-09-30 12:06:34.205,PHARMA,139.13,165,22956.45,-0.079,0,normal
TRD-103050,2026-09-30 12:06:34.966,TECH,222.58,219,48745.02,0.124,0,normal
TRD-103051,2026-09-30 12:06:41.623,PHARMA,139.18,177,24634.86,0.304,0,normal
TRD-103052,2026-09-30 12:06:43.904,ENERGY,66.82,253,16905.46,0.344,0,normal
TRD-103053,2026-09-30 12:06:44.160,TECH,222.61,193,42963.73,0.154,0,normal
TRD-103054,2026-09-30 12:06:45.183,TECH,222.56,337,75002.72,-0.293,0,normal
TRD-103055,2026-09-30 12:06:47.436,ENERGY,66.84,224,14972.16,0.114,0,normal
TRD-103056,2026-09-30 12:06:52.893,AUTO,72.89,216,15744.24,-0.029,0,normal
TRD-103057,2026-09-30 12:06:56.306,ENERGY,66.9,120,8028.0,0.429,0,normal
TRD-103058,2026-09-30 12:06:59.116,TECH,222.55,303,67432.65,-0.055,0,normal
TRD-103059,2026-09-30 12:07:03.267,PHARMA,139.15,195,27134.25,-0.189,0,normal
TRD-103060,2026-09-30 12:07:04.103,AUTO,72.91,208,15165.28,0.11,0,normal
TRD-103061,2026-09-30 12:07:05.181,TECH,222.63,123,27383.49,0.478,0,normal
TRD-103062,2026-09-30 12:07:07.234,TECH,222.72,192,42762.24,0.617,0,normal
TRD-103063,2026-09-30 12:07:09.736,AUTO,72.92,124,9042.08,0.078,0,normal
TRD-103064,2026-09-30 12:07:11.106,AUTO,72.96,248,18094.08,0.253,0,normal
TRD-103065,2026-09-30 12:07:15.061,TECH,222.76,277,61704.52,0.286,0,normal
TRD-103066,2026-09-30 12:07:15.128,ENERGY,66.81,216,14430.96,-0.624,0,normal
TRD-103067,2026-09-30 12:07:21.454,BANK,40.27,913,36766.51,-0.002,0,normal
TRD-103068,2026-09-30 12:07:21.499,BANK,40.29,436,17566.44,0.129,0,normal
TRD-103069,2026-09-30 12:07:22.367,TECH,222.91,244,54390.04,0.995,0,normal
TRD-103070,2026-09-30 12:07:24.263,TECH,222.91,287,63975.17,-0.02,0,normal
TRD-103071,2026-09-30 12:07:25.332,TECH,222.96,358,79819.68,0.339,0,normal
TRD-103072,2026-09-30 12:07:36.883,PHARMA,139.08,127,17663.16,-0.466,0,normal
TRD-103073,2026-09-30 12:07:40.380,TECH,223.0,397,88531.0,0.254,0,normal
TRD-103074,2026-09-30 12:07:41.059,PHARMA,139.09,175,24340.75,0.095,0,normal
TRD-103075,2026-09-30 12:07:45.756,PHARMA,139.04,140,19465.6,-0.318,0,normal
TRD-103076,2026-09-30 12:07:45.940,TECH,223.0,59,13157.0,0.034,0,normal
TRD-103077,2026-09-30 12:07:50.117,TECH,222.95,97,21626.15,-0.375,0,normal
TRD-103078,2026-09-30 12:07:56.264,TECH,222.9,151,33657.9,-0.29,0,normal
TRD-103079,2026-09-30 12:07:57.025,BANK,40.3,268,10800.4,0.061,0,normal
TRD-103080,2026-09-30 12:07:59.403,TECH,222.91,320,71331.2,0.081,0,normal
TRD-103081,2026-09-30 12:08:01.613,BANK,40.26,560,22545.6,-0.256,0,normal
TRD-103082,2026-09-30 12:08:04.613,TECH,222.92,219,48819.48,0.048,0,normal
TRD-103083,2026-09-30 12:08:06.894,BANK,40.3,297,11969.1,0.255,0,normal
TRD-103084,2026-09-30 12:08:08.037,ENERGY,66.83,177,11828.91,0.178,0,normal
TRD-103085,2026-09-30 12:08:12.099,BANK,40.31,357,14390.67,0.067,0,normal
TRD-103086,2026-09-30 12:08:13.717,PHARMA,139.0,308,42812.0,-0.3,0,normal
TRD-103087,2026-09-30 12:08:28.174,TECH,222.93,140,31210.2,0.079,0,normal
TRD-103088,2026-09-30 12:08:28.973,BANK,40.29,1424,57372.96,-0.117,0,normal
TRD-103089,2026-09-30 12:08:30.146,BANK,40.3,378,15233.4,0.099,0,normal
TRD-103090,2026-09-30 12:08:31.227,TECH,222.91,358,79801.78,-0.159,0,normal
TRD-103091,2026-09-30 12:08:34.218,ENERGY,66.83,233,15571.39,-0.03,0,normal
TRD-103092,2026-09-30 12:08:35.294,TECH,222.87,122,27190.14,-0.257,0,normal
TRD-103093,2026-09-30 12:08:38.505,ENERGY,66.85,546,36500.1,0.134,0,normal
TRD-103094,2026-09-30 12:08:39.232,BANK,40.33,463,18672.79,0.192,0,normal
TRD-103095,2026-09-30 12:08:41.646,TECH,222.94,202,45033.88,0.447,0,normal
TRD-103096,2026-09-30 12:08:46.291,BANK,40.34,449,18112.66,0.072,0,normal
TRD-103097,2026-09-30 12:08:52.353,ENERGY,66.9,329,22010.1,0.328,0,normal
TRD-103098,2026-09-30 12:08:53.344,ENERGY,66.89,505,33779.45,-0.087,0,normal
TRD-103099,2026-09-30 12:08:56.506,TECH,222.89,125,27861.25,-0.352,0,normal
TRD-103100,2026-09-30 12:08:57.470,BANK,40.35,347,14001.45,0.07,0,normal
TRD-103101,2026-09-30 12:09:01.305,PHARMA,138.99,104,14454.96,-0.039,0,normal
TRD-103102,2026-09-30 12:09:02.006,BANK,40.36,303,12229.08,0.025,0,normal
TRD-103103,2026-09-30 12:09:04.725,TECH,222.85,163,36324.55,-0.227,0,normal
TRD-103104,2026-09-30 12:09:08.146,BANK,40.38,494,19947.72,0.182,0,normal
TRD-103105,2026-09-30 12:09:10.749,BANK,40.41,486,19639.26,0.186,0,normal
TRD-103106,2026-09-30 12:09:17.805,ENERGY,66.87,180,12036.6,-0.102,0,normal
TRD-103107,2026-09-30 12:09:17.860,TECH,222.82,378,84225.96,-0.202,0,normal
TRD-103108,2026-09-30 12:09:23.569,TECH,222.85,124,27633.4,0.198,0,normal
TRD-103109,2026-09-30 12:09:24.379,AUTO,73.03,223,16285.69,0.474,0,normal
TRD-103110,2026-09-30 12:09:29.498,TECH,222.8,79,17601.2,-0.362,0,normal
TRD-103111,2026-09-30 12:09:34.872,TECH,222.8,2445,544746.0,-2.821,1,multivariate_break
TRD-103112,2026-09-30 12:09:38.415,TECH,222.75,119,26507.25,-0.302,0,normal
TRD-103113,2026-09-30 12:09:40.232,AUTO,72.99,85,6204.15,-0.216,0,normal
TRD-103114,2026-09-30 12:09:40.242,AUTO,72.97,309,22547.73,-0.162,0,normal
TRD-103115,2026-09-30 12:09:43.725,AUTO,72.92,326,23771.92,-0.328,0,normal
TRD-103116,2026-09-30 12:09:45.316,TECH,222.69,144,32067.36,-0.431,0,normal
TRD-103117,2026-09-30 12:09:46.302,TECH,222.79,208,46340.32,0.712,0,normal
TRD-103118,2026-09-30 12:09:46.345,TECH,222.71,232,51668.72,-0.532,0,normal
TRD-103119,2026-09-30 12:09:51.774,AUTO,72.94,293,21371.42,0.104,0,normal
TRD-103120,2026-09-30 12:09:54.556,BANK,40.44,416,16823.04,0.166,0,normal
TRD-103121,2026-09-30 12:10:01.107,TECH,222.77,218,48563.86,0.395,0,normal
TRD-103122,2026-09-30 12:10:02.960,BANK,40.47,278,11250.66,0.222,0,normal
TRD-103123,2026-09-30 12:10:03.285,TECH,222.69,112,24941.28,-0.532,0,normal
TRD-103124,2026-09-30 12:10:05.669,TECH,222.67,90,20040.3,-0.151,0,normal
TRD-103125,2026-09-30 12:10:08.009,TECH,222.61,593,132007.73,-0.381,0,normal
TRD-103126,2026-09-30 12:10:09.973,TECH,222.54,117,26037.18,-0.46,0,normal
TRD-103127,2026-09-30 12:10:11.118,AUTO,72.91,97,7072.27,-0.192,0,normal
TRD-103128,2026-09-30 12:10:12.458,ENERGY,66.97,119,7969.43,0.691,0,normal
TRD-103129,2026-09-30 12:10:13.103,ENERGY,66.96,270,18079.2,-0.074,0,normal
TRD-103130,2026-09-30 12:10:15.829,PHARMA,139.04,309,42963.36,0.306,0,normal
TRD-103131,2026-09-30 12:10:16.055,TECH,222.47,168,37374.96,-0.497,0,normal
TRD-103132,2026-09-30 12:10:17.893,BANK,40.46,472,19097.12,-0.096,0,normal
TRD-103133,2026-09-30 12:10:18.066,TECH,222.4,180,40032.0,-0.437,0,normal
TRD-103134,2026-09-30 12:10:19.637,PHARMA,139.01,118,16403.18,-0.16,0,normal
TRD-103135,2026-09-30 12:10:20.053,TECH,222.62,114,25378.68,1.452,0,normal
TRD-103136,2026-09-30 12:10:20.378,TECH,222.66,136,30281.76,0.227,0,normal
TRD-103137,2026-09-30 12:10:20.777,BANK,40.49,253,10243.97,0.213,0,normal
TRD-103138,2026-09-30 12:10:21.857,AUTO,72.93,291,21222.63,0.129,0,normal
TRD-103139,2026-09-30 12:10:21.881,TECH,222.65,127,28276.55,-0.061,0,normal
TRD-103140,2026-09-30 12:10:22.021,ENERGY,66.97,130,8706.1,0.035,0,normal
TRD-103141,2026-09-30 12:10:24.512,AUTO,72.61,7114,516547.54,-0.1,1,volume_spike
TRD-103142,2026-09-30 12:10:35.313,ENERGY,66.97,214,14331.58,-0.01,0,normal
TRD-103143,2026-09-30 12:10:37.077,TECH,222.72,208,46325.76,0.511,0,normal
TRD-103144,2026-09-30 12:10:39.549,AUTO,72.92,494,36022.48,-0.025,0,normal
TRD-103145,2026-09-30 12:10:39.819,TECH,222.78,1500,334170.0,0.407,0,normal
TRD-103146,2026-09-30 12:10:41.215,AUTO,72.94,122,8898.68,0.106,0,normal
TRD-103147,2026-09-30 12:10:47.345,BANK,40.46,493,19946.78,-0.162,0,normal
TRD-103148,2026-09-30 12:10:55.253,BANK,40.47,299,12100.53,0.044,0,normal
TRD-103149,2026-09-30 12:10:55.351,BANK,40.45,504,20386.8,-0.129,0,normal
TRD-103150,2026-09-30 12:11:08.236,PHARMA,138.94,187,25981.78,-0.51,0,normal
TRD-103151,2026-09-30 12:11:12.213,AUTO,72.96,160,11673.6,0.162,0,normal
TRD-103152,2026-09-30 12:11:16.286,TECH,222.79,186,41438.94,0.005,0,normal
TRD-103153,2026-09-30 12:11:17.048,ENERGY,66.96,144,9642.24,-0.052,0,normal
TRD-103154,2026-09-30 12:11:19.238,ENERGY,66.92,271,18135.32,-0.274,0,normal
TRD-103155,2026-09-30 12:11:19.773,BANK,40.46,157,6352.22,0.083,0,normal
TRD-103156,2026-09-30 12:11:30.636,BANK,40.45,244,9869.8,-0.12,0,normal
TRD-103157,2026-09-30 12:11:30.900,BANK,40.41,187,7556.67,-0.233,0,normal
TRD-103158,2026-09-30 12:11:42.204,TECH,222.86,319,71092.34,0.498,0,normal
TRD-103159,2026-09-30 12:11:46.776,BANK,40.41,422,17053.02,-0.006,0,normal
TRD-103160,2026-09-30 12:11:46.920,AUTO,72.91,163,11884.33,-0.384,0,normal
TRD-103161,2026-09-30 12:11:53.507,TECH,222.93,162,36114.66,0.461,0,normal
TRD-103162,2026-09-30 12:11:54.408,TECH,222.98,202,45041.96,0.342,0,normal
TRD-103163,2026-09-30 12:12:01.366,TECH,223.01,126,28099.26,0.194,0,normal
TRD-103164,2026-09-30 12:12:05.690,TECH,222.98,93,20737.14,-0.165,0,normal
TRD-103165,2026-09-30 12:12:09.130,BANK,40.42,586,23686.12,0.036,0,normal
TRD-103166,2026-09-30 12:12:09.137,BANK,40.43,359,14514.37,0.073,0,normal
TRD-103167,2026-09-30 12:12:10.154,TECH,222.97,98,21851.06,-0.086,0,normal
TRD-103168,2026-09-30 12:12:12.379,TECH,222.94,203,45256.82,-0.213,0,normal
TRD-103169,2026-09-30 12:12:16.053,TECH,222.97,178,39688.66,0.207,0,normal
TRD-103170,2026-09-30 12:12:18.003,BANK,40.39,481,19427.59,-0.271,0,normal
TRD-103171,2026-09-30 12:12:18.166,BANK,40.39,161,6502.79,0.007,0,normal
TRD-103172,2026-09-30 12:12:21.067,BANK,40.37,265,10698.05,-0.089,0,normal
TRD-103173,2026-09-30 12:12:26.203,TECH,222.93,181,40350.33,-0.246,0,normal
TRD-103174,2026-09-30 12:12:27.640,TECH,222.94,257,57295.58,0.022,0,normal
TRD-103175,2026-09-30 12:12:41.644,TECH,222.92,197,43915.24,-0.133,0,normal
TRD-103176,2026-09-30 12:12:42.325,ENERGY,66.95,398,26646.1,0.19,0,normal
TRD-103177,2026-09-30 12:12:46.760,ENERGY,66.95,157,10511.15,0.06,0,normal
TRD-103178,2026-09-30 12:12:47.037,TECH,222.94,164,36562.16,0.161,0,normal
TRD-103179,2026-09-30 12:12:47.417,BANK,40.36,342,13803.12,-0.087,0,normal
TRD-103180,2026-09-30 12:12:51.390,AUTO,72.93,138,10064.34,0.174,0,normal
TRD-103181,2026-09-30 12:12:53.407,TECH,222.94,142,31657.48,-0.034,0,normal
TRD-103182,2026-09-30 12:12:54.380,PHARMA,138.9,292,40558.8,-0.229,0,normal
TRD-103183,2026-09-30 12:12:55.606,AUTO,72.93,101,7365.93,-0.037,0,normal
TRD-103184,2026-09-30 12:12:55.742,TECH,223.02,154,34345.08,0.535,0,normal
TRD-103185,2026-09-30 12:13:00.463,ENERGY,67.24,13174,885819.76,0.242,1,volume_spike
TRD-103186,2026-09-30 12:13:00.827,AUTO,72.87,397,28929.39,-0.339,0,normal
TRD-103187,2026-09-30 12:13:04.588,BANK,40.34,665,26826.1,-0.136,0,normal
TRD-103188,2026-09-30 12:13:06.887,AUTO,72.85,165,12020.25,-0.157,0,normal
TRD-103189,2026-09-30 12:13:09.012,BANK,40.34,317,12787.78,0.03,0,normal
TRD-103190,2026-09-30 12:13:10.315,TECH,222.94,253,56403.82,-0.53,0,normal
TRD-103191,2026-09-30 12:13:15.410,TECH,222.97,157,35006.29,0.232,0,normal
TRD-103192,2026-09-30 12:13:17.466,BANK,40.34,464,18717.76,-0.058,0,normal
TRD-103193,2026-09-30 12:13:19.230,TECH,222.98,407,90752.86,0.077,0,normal
TRD-103194,2026-09-30 12:13:19.763,BANK,40.33,319,12865.27,-0.038,0,normal
TRD-103195,2026-09-30 12:13:22.812,BANK,40.33,415,16736.95,-0.02,0,normal
TRD-103196,2026-09-30 12:13:22.855,BANK,40.32,237,9555.84,-0.015,0,normal
TRD-103197,2026-09-30 12:13:23.031,TECH,223.03,307,68470.21,0.325,0,normal
TRD-103198,2026-09-30 12:13:23.378,TECH,223.03,275,61333.25,-0.019,0,normal
TRD-103199,2026-09-30 12:13:23.892,ENERGY,66.94,300,20082.0,-0.082,0,normal
TRD-103200,2026-09-30 12:13:26.927,BANK,40.33,624,25165.92,0.038,0,normal
TRD-103201,2026-09-30 12:13:28.879,ENERGY,66.92,156,10439.52,-0.143,0,normal
TRD-103202,2026-09-30 12:13:30.956,TECH,223.1,176,39265.6,0.498,0,normal
TRD-103203,2026-09-30 12:13:32.431,BANK,40.35,409,16503.15,0.161,0,normal
TRD-103204,2026-09-30 12:13:35.083,TECH,223.11,162,36143.82,0.044,0,normal
TRD-103205,2026-09-30 12:13:38.641,TECH,223.09,456,101729.04,-0.154,0,normal
TRD-103206,2026-09-30 12:13:39.280,ENERGY,66.89,132,8829.48,-0.204,0,normal
TRD-103207,2026-09-30 12:13:41.619,TECH,223.03,50,11151.5,-0.371,0,normal
TRD-103208,2026-09-30 12:13:48.257,PHARMA,138.89,194,26944.66,-0.1,0,normal
TRD-103209,2026-09-30 12:13:53.840,ENERGY,66.93,121,8098.53,0.246,0,normal
TRD-103210,2026-09-30 12:14:05.235,ENERGY,66.89,157,10501.73,-0.252,0,normal
TRD-103211,2026-09-30 12:14:08.978,AUTO,72.85,626,45604.1,0.007,0,normal
TRD-103212,2026-09-30 12:14:17.204,TECH,223.05,310,69145.5,0.147,0,normal
TRD-103213,2026-09-30 12:14:18.440,ENERGY,66.94,302,20215.88,0.361,0,normal
TRD-103214,2026-09-30 12:14:19.753,AUTO,72.85,225,16391.25,-0.036,0,normal
TRD-103215,2026-09-30 12:14:21.334,BANK,40.35,251,10127.85,-0.036,0,normal
TRD-103216,2026-09-30 12:14:28.075,TECH,223.05,281,62677.05,-0.033,0,normal
TRD-103217,2026-09-30 12:14:28.269,TECH,222.98,220,49055.6,-0.458,0,normal
TRD-103218,2026-09-30 12:14:29.517,ENERGY,66.9,106,7091.4,-0.272,0,normal
TRD-103219,2026-09-30 12:14:30.779,ENERGY,66.94,217,14525.98,0.244,0,normal
TRD-103220,2026-09-30 12:14:35.601,BANK,40.35,106,4277.1,0.01,0,normal
TRD-103221,2026-09-30 12:14:39.298,TECH,222.96,134,29876.64,-0.15,0,normal
TRD-103222,2026-09-30 12:14:47.633,ENERGY,66.91,280,18734.8,-0.203,0,normal
TRD-103223,2026-09-30 12:14:49.523,TECH,223.02,806,179754.12,0.442,0,normal
TRD-103224,2026-09-30 12:14:50.866,ENERGY,66.92,190,12714.8,0.04,0,normal
TRD-103225,2026-09-30 12:14:51.850,BANK,40.33,175,7057.75,-0.114,0,normal
TRD-103226,2026-09-30 12:14:56.878,BANK,40.31,246,9916.26,-0.185,0,normal
TRD-103227,2026-09-30 12:15:06.042,TECH,223.13,185,41279.05,0.728,0,normal
TRD-103228,2026-09-30 12:15:06.577,PHARMA,138.88,525,72912.0,-0.065,0,normal
TRD-103229,2026-09-30 12:15:15.475,TECH,223.12,171,38153.52,-0.113,0,normal
TRD-103230,2026-09-30 12:15:16.220,ENERGY,66.92,441,29511.72,0.052,0,normal
TRD-103231,2026-09-30 12:15:17.111,BANK,40.3,434,17490.2,-0.041,0,normal
TRD-103232,2026-09-30 12:15:24.657,BANK,40.3,501,20190.3,0.014,0,normal
TRD-103233,2026-09-30 12:15:25.930,ENERGY,66.97,194,12992.18,0.316,0,normal
TRD-103234,2026-09-30 12:15:26.795,BANK,43.81,5,219.05,3.506,1,liquidity_vacuum
TRD-103235,2026-09-30 12:15:30.305,BANK,40.31,121,4877.51,0.081,0,normal
TRD-103236,2026-09-30 12:15:40.183,BANK,40.34,284,11456.56,0.16,0,normal
TRD-103237,2026-09-30 12:15:41.509,TECH,223.12,670,149490.4,0.039,0,normal
TRD-103238,2026-09-30 12:15:49.996,TECH,223.14,459,102421.26,0.134,0,normal
TRD-103239,2026-09-30 12:15:50.339,BANK,40.34,2477,99922.18,-3.162,1,multivariate_break
TRD-103240,2026-09-30 12:15:55.212,AUTO,72.8,239,17399.2,-0.296,0,normal
TRD-103241,2026-09-30 12:15:56.544,TECH,223.23,202,45092.46,0.58,0,normal
TRD-103242,2026-09-30 12:15:56.832,BANK,40.34,1093,44091.62,-0.015,0,normal
TRD-103243,2026-09-30 12:16:10.351,BANK,40.32,153,6168.96,-0.1,0,normal
TRD-103244,2026-09-30 12:16:11.236,BANK,40.31,416,16768.96,-0.099,0,normal
TRD-103245,2026-09-30 12:16:12.642,TECH,223.26,544,121453.44,0.204,0,normal
TRD-103246,2026-09-30 12:16:15.848,BANK,40.3,189,7616.7,-0.034,0,normal
TRD-103247,2026-09-30 12:16:17.721,ENERGY,66.98,284,19022.32,0.083,0,normal
TRD-103248,2026-09-30 12:16:20.094,TECH,223.2,273,60933.6,-0.404,0,normal
TRD-103249,2026-09-30 12:16:29.336,TECH,223.23,125,27903.75,0.209,0,normal
TRD-103250,2026-09-30 12:16:34.258,AUTO,72.85,393,28630.05,0.317,0,normal
TRD-103251,2026-09-30 12:16:34.322,TECH,223.34,112,25014.08,0.721,0,normal
TRD-103252,2026-09-30 12:16:34.431,AUTO,72.83,365,26582.95,-0.134,0,normal
TRD-103253,2026-09-30 12:16:42.716,ENERGY,67.05,138,9252.9,0.476,0,normal
TRD-103254,2026-09-30 12:16:43.183,BANK,40.31,940,37891.4,0.094,0,normal
TRD-103255,2026-09-30 12:16:43.258,TECH,223.32,144,32158.08,-0.129,0,normal
TRD-103256,2026-09-30 12:16:44.459,PHARMA,138.84,254,35265.36,-0.271,0,normal
TRD-103257,2026-09-30 12:16:44.479,AUTO,72.87,234,17051.58,0.241,0,normal
TRD-103258,2026-09-30 12:16:45.871,ENERGY,67.04,269,18033.76,-0.118,0,normal
TRD-103259,2026-09-30 12:16:47.456,AUTO,72.9,255,18589.5,0.233,0,normal
TRD-103260,2026-09-30 12:16:49.891,BANK,40.32,423,17055.36,0.021,0,normal
TRD-103261,2026-09-30 12:16:59.509,AUTO,72.87,332,24192.84,-0.207,0,normal
TRD-103262,2026-09-30 12:16:59.870,ENERGY,67.11,56,3758.16,0.521,0,normal
TRD-103263,2026-09-30 12:17:03.432,ENERGY,67.14,390,26184.6,0.155,0,normal
TRD-103264,2026-09-30 12:17:05.914,PHARMA,138.86,257,35687.02,0.154,0,normal
TRD-103265,2026-09-30 12:17:11.627,AUTO,72.86,165,12021.9,-0.06,0,normal
TRD-103266,2026-09-30 12:17:17.297,TECH,223.31,98,21884.38,-0.064,0,normal
TRD-103267,2026-09-30 12:17:18.460,TECH,223.31,166,37069.46,-0.029,0,normal
TRD-103268,2026-09-30 12:17:20.059,ENERGY,67.08,148,9927.84,-0.374,0,normal
TRD-103269,2026-09-30 12:17:22.098,ENERGY,67.12,142,9531.04,0.233,0,normal
TRD-103270,2026-09-30 12:17:29.080,BANK,40.31,566,22815.46,-0.08,0,normal
TRD-103271,2026-09-30 12:17:33.969,BANK,40.32,368,14837.76,0.079,0,normal
TRD-103272,2026-09-30 12:17:34.356,TECH,223.35,263,58741.05,0.302,0,normal
TRD-103273,2026-09-30 12:17:38.051,AUTO,72.84,158,11508.72,-0.144,0,normal
TRD-103274,2026-09-30 12:17:40.387,ENERGY,67.08,292,19587.36,-0.221,0,normal
TRD-103275,2026-09-30 12:17:41.008,AUTO,72.8,198,14414.4,-0.241,0,normal
TRD-103276,2026-09-30 12:17:41.654,BANK,40.31,300,12093.0,-0.062,0,normal
TRD-103277,2026-09-30 12:17:45.339,BANK,40.3,371,14951.3,-0.066,0,normal
TRD-103278,2026-09-30 12:17:46.116,BANK,40.31,262,10561.22,0.06,0,normal
TRD-103279,2026-09-30 12:17:49.157,BANK,40.32,245,9878.4,0.114,0,normal
TRD-103280,2026-09-30 12:17:49.404,BANK,40.32,187,7539.84,-0.038,0,normal
TRD-103281,2026-09-30 12:17:50.030,AUTO,72.81,185,13469.85,0.017,0,normal
TRD-103282,2026-09-30 12:17:50.108,BANK,40.33,768,30973.44,0.104,0,normal
TRD-103283,2026-09-30 12:17:52.001,BANK,40.29,490,19742.1,-0.28,0,normal
TRD-103284,2026-09-30 12:17:54.386,AUTO,72.78,239,17394.42,-0.156,0,normal
TRD-103285,2026-09-30 12:17:54.538,AUTO,72.75,491,35720.25,-0.202,0,normal
TRD-103286,2026-09-30 12:18:02.768,PHARMA,138.85,193,26798.05,-0.092,0,normal
TRD-103287,2026-09-30 12:18:05.003,PHARMA,138.92,125,17365.0,0.475,0,normal
TRD-103288,2026-09-30 12:18:05.054,ENERGY,66.99,214,14335.86,-0.631,0,normal
TRD-103289,2026-09-30 12:18:10.872,PHARMA,138.89,100,13889.0,-0.213,0,normal
TRD-103290,2026-09-30 12:18:12.459,BANK,40.3,287,11566.1,0.056,0,normal
TRD-103291,2026-09-30 12:18:20.833,TECH,223.35,222,49583.7,0.028,0,normal
TRD-103292,2026-09-30 12:18:24.286,TECH,223.38,124,27699.12,0.201,0,normal
TRD-103293,2026-09-30 12:18:27.513,TECH,223.39,211,47135.29,0.03,0,normal
TRD-103294,2026-09-30 12:18:29.242,AUTO,72.76,195,14188.2,0.059,0,normal
TRD-103295,2026-09-30 12:18:30.374,AUTO,72.77,257,18701.89,0.069,0,normal
TRD-103296,2026-09-30 12:18:30.599,AUTO,72.81,110,8009.1,0.285,0,normal
TRD-103297,2026-09-30 12:18:31.519,TECH,223.39,74,16530.86,-0.025,0,normal
TRD-103298,2026-09-30 12:18:36.634,TECH,223.42,177,39545.34,0.21,0,normal
TRD-103299,2026-09-30 12:18:36.901,ENERGY,67.03,150,10054.5,0.277,0,normal
TRD-103300,2026-09-30 12:18:39.029,PHARMA,138.89,2889,401253.21,-2.096,1,multivariate_break
TRD-103301,2026-09-30 12:18:40.450,TECH,223.48,168,37544.64,0.404,0,normal
TRD-103302,2026-09-30 12:18:45.861,BANK,40.29,147,5922.63,-0.048,0,normal
TRD-103303,2026-09-30 12:18:46.744,AUTO,72.83,154,11215.82,0.103,0,normal
TRD-103304,2026-09-30 12:18:46.749,BANK,40.27,612,24645.24,-0.14,0,normal
TRD-103305,2026-09-30 12:18:46.852,ENERGY,67.09,115,7715.35,0.421,0,normal
TRD-103306,2026-09-30 12:18:47.894,PHARMA,138.92,314,43620.88,0.186,0,normal
TRD-103307,2026-09-30 12:18:48.454,TECH,223.45,179,39997.55,-0.207,0,normal
TRD-103308,2026-09-30 12:18:58.071,TECH,223.51,155,34644.05,0.42,0,normal
TRD-103309,2026-09-30 12:19:03.250,BANK,40.29,397,15995.13,0.12,0,normal
TRD-103310,2026-09-30 12:19:05.837,TECH,223.55,227,50745.85,0.267,0,normal
TRD-103311,2026-09-30 12:19:08.447,TECH,223.54,157,35095.78,-0.046,0,normal
TRD-103312,2026-09-30 12:19:11.327,BANK,40.33,199,8025.67,0.248,0,normal
TRD-103313,2026-09-30 12:19:11.947,PHARMA,138.95,125,17368.75,0.253,0,normal
TRD-103314,2026-09-30 12:19:12.128,TECH,223.54,130,29060.2,0.002,0,normal
TRD-103315,2026-09-30 12:19:16.053,TECH,223.59,158,35327.22,0.299,0,normal
TRD-103316,2026-09-30 12:19:16.090,TECH,223.53,326,72870.78,-0.363,0,normal
TRD-103317,2026-09-30 12:19:16.743,TECH,223.6,201,44943.6,0.429,0,normal
TRD-103318,2026-09-30 12:19:25.037,BANK,40.34,399,16095.66,0.098,0,normal
TRD-103319,2026-09-30 12:19:28.024,ENERGY,67.12,127,8524.24,0.155,0,normal
TRD-103320,2026-09-30 12:19:29.545,BANK,40.34,883,35620.22,-0.005,0,normal
TRD-103321,2026-09-30 12:19:31.468,TECH,223.58,831,185794.98,-0.11,0,normal
TRD-103322,2026-09-30 12:19:34.959,BANK,40.31,111,4474.41,-0.237,0,normal
TRD-103323,2026-09-30 12:19:39.341,BANK,40.32,355,14313.6,0.077,0,normal
TRD-103324,2026-09-30 12:19:45.137,AUTO,72.83,2460,179161.8,2.678,1,multivariate_break
TRD-103325,2026-09-30 12:19:48.273,AUTO,72.79,263,19143.77,-0.246,0,normal
TRD-103326,2026-09-30 12:19:52.649,TECH,223.54,64,14306.56,-0.291,0,normal
TRD-103327,2026-09-30 12:20:03.499,TECH,223.51,323,72193.73,-0.184,0,normal
TRD-103328,2026-09-30 12:20:04.049,PHARMA,138.9,153,21251.7,-0.385,0,normal
TRD-103329,2026-09-30 12:20:05.360,PHARMA,138.89,148,20555.72,-0.007,0,normal
TRD-103330,2026-09-30 12:20:08.157,PHARMA,138.86,141,19579.26,-0.22,0,normal
TRD-103331,2026-09-30 12:20:16.772,TECH,223.44,179,39995.76,-0.476,0,normal
TRD-103332,2026-09-30 12:20:22.306,BANK,40.33,148,5968.84,0.079,0,normal
TRD-103333,2026-09-30 12:20:25.703,BANK,40.34,534,21541.56,0.058,0,normal
TRD-103334,2026-09-30 12:20:29.265,TECH,223.39,209,46688.51,-0.303,0,normal
TRD-103335,2026-09-30 12:20:36.913,TECH,223.37,143,31941.91,-0.146,0,normal
TRD-103336,2026-09-30 12:20:39.913,AUTO,72.75,252,18333.0,-0.253,0,normal
TRD-103337,2026-09-30 12:20:41.275,PHARMA,138.82,145,20128.9,-0.244,0,normal
TRD-103338,2026-09-30 12:20:42.573,TECH,223.39,185,41327.15,0.115,0,normal
TRD-103339,2026-09-30 12:20:43.702,AUTO,72.75,310,22552.5,-0.016,0,normal
TRD-103340,2026-09-30 12:20:44.086,BANK,40.37,350,14129.5,0.231,0,normal
TRD-103341,2026-09-30 12:20:46.857,BANK,40.38,72,2907.36,0.062,0,normal
TRD-103342,2026-09-30 12:20:50.231,AUTO,72.74,88,6401.12,-0.107,0,normal
TRD-103343,2026-09-30 12:20:53.379,BANK,40.4,521,21048.4,0.127,0,normal
TRD-103344,2026-09-30 12:21:03.600,ENERGY,67.1,289,19391.9,-0.116,0,normal
TRD-103345,2026-09-30 12:21:11.931,TECH,223.36,63,14071.68,-0.17,0,normal
TRD-103346,2026-09-30 12:21:15.657,ENERGY,67.12,250,16780.0,0.13,0,normal
TRD-103347,2026-09-30 12:21:15.756,TECH,223.28,262,58499.36,-0.557,0,normal
TRD-103348,2026-09-30 12:21:16.105,TECH,223.24,227,50675.48,-0.291,0,normal
TRD-103349,2026-09-30 12:21:17.528,AUTO,72.77,293,21321.61,0.221,0,normal
TRD-103350,2026-09-30 12:21:22.076,TECH,223.26,253,56484.78,0.156,0,normal
TRD-103351,2026-09-30 12:21:23.489,AUTO,72.82,162,11796.84,0.321,0,normal
TRD-103352,2026-09-30 12:21:24.573,ENERGY,67.16,268,17998.88,0.301,0,normal
TRD-103353,2026-09-30 12:21:25.772,BANK,40.4,199,8039.6,0.019,0,normal
TRD-103354,2026-09-30 12:21:29.927,TECH,223.25,5140,1147505.0,-0.065,1,volume_spike
TRD-103355,2026-09-30 12:21:32.621,PHARMA,138.83,192,26655.36,0.022,0,normal
TRD-103356,2026-09-30 12:21:39.568,BANK,40.43,364,14716.52,0.192,0,normal
TRD-103357,2026-09-30 12:21:40.656,TECH,223.35,144,32162.4,0.575,0,normal
TRD-103358,2026-09-30 12:21:43.567,BANK,40.43,263,10633.09,0.001,0,normal
TRD-103359,2026-09-30 12:21:46.327,ENERGY,67.08,534,35820.72,-0.56,0,normal
TRD-103360,2026-09-30 12:21:50.112,TECH,220.24,1,220.24,-3.102,1,liquidity_vacuum
TRD-103361,2026-09-30 12:21:51.558,TECH,223.39,324,72378.36,0.279,0,normal
TRD-103362,2026-09-30 12:21:53.848,AUTO,72.83,232,16896.56,0.067,0,normal
TRD-103363,2026-09-30 12:22:11.813,AUTO,72.8,95,6916.0,-0.183,0,normal
TRD-103364,2026-09-30 12:22:18.908,TECH,223.44,317,70830.48,0.336,0,normal
TRD-103365,2026-09-30 12:22:19.376,TECH,223.43,204,45579.72,-0.052,0,normal
TRD-103366,2026-09-30 12:22:23.582,BANK,40.42,144,5820.48,-0.076,0,normal
TRD-103367,2026-09-30 12:22:24.349,AUTO,72.79,250,18197.5,-0.041,0,normal
TRD-103368,2026-09-30 12:22:25.304,AUTO,72.76,226,16443.76,-0.239,0,normal
TRD-103369,2026-09-30 12:22:29.675,TECH,223.49,297,66376.53,0.374,0,normal
TRD-103370,2026-09-30 12:22:32.013,BANK,40.43,1034,41804.62,0.051,0,normal
TRD-103371,2026-09-30 12:22:35.565,AUTO,72.81,378,27522.18,0.338,0,normal
TRD-103372,2026-09-30 12:22:36.309,TECH,223.46,72,16089.12,-0.151,0,normal
TRD-103373,2026-09-30 12:22:38.123,BANK,40.42,702,28374.84,-0.073,0,normal
TRD-103374,2026-09-30 12:22:39.032,TECH,223.42,122,27257.24,-0.279,0,normal
TRD-103375,2026-09-30 12:22:40.020,ENERGY,67.15,173,11616.95,0.46,0,normal
TRD-103376,2026-09-30 12:22:41.476,BANK,40.43,435,17587.05,0.102,0,normal
TRD-103377,2026-09-30 12:22:46.988,BANK,40.44,795,32149.8,0.028,0,normal
TRD-103378,2026-09-30 12:22:47.135,TECH,223.46,153,34189.38,0.274,0,normal
TRD-103379,2026-09-30 12:22:49.179,TECH,223.37,358,79966.46,-0.612,0,normal
TRD-103380,2026-09-30 12:22:55.092,BANK,40.41,505,20407.05,-0.184,0,normal
TRD-103381,2026-09-30 12:22:56.475,BANK,40.38,191,7712.58,-0.21,0,normal
TRD-103382,2026-09-30 12:23:03.755,TECH,223.27,224,50012.48,-0.65,0,normal
TRD-103383,2026-09-30 12:23:07.715,AUTO,72.79,80,5823.2,-0.139,0,normal
TRD-103384,2026-09-30 12:23:10.623,TECH,223.27,205,45770.35,0.001,0,normal
TRD-103385,2026-09-30 12:23:12.023,TECH,223.33,192,42879.36,0.377,0,normal
TRD-103386,2026-09-30 12:23:13.891,ENERGY,67.12,252,16914.24,-0.191,0,normal
TRD-103387,2026-09-30 12:23:20.831,AUTO,72.8,498,36254.4,0.081,0,normal
TRD-103388,2026-09-30 12:23:23.019,PHARMA,138.79,102,14156.58,-0.262,0,normal
TRD-103389,2026-09-30 12:23:26.278,ENERGY,67.16,161,10812.76,0.234,0,normal
TRD-103390,2026-09-30 12:23:29.546,TECH,223.48,308,68831.84,0.975,0,normal
TRD-103391,2026-09-30 12:23:40.142,BANK,37.66,1,37.66,-2.721,1,liquidity_vacuum
TRD-103392,2026-09-30 12:23:45.116,AUTO,72.84,175,12747.0,0.237,0,normal
TRD-103393,2026-09-30 12:23:45.674,TECH,223.46,210,46926.6,-0.117,0,normal
TRD-103394,2026-09-30 12:23:50.077,TECH,223.42,157,35076.94,-0.231,0,normal
TRD-103395,2026-09-30 12:23:52.317,ENERGY,67.19,283,19014.77,0.235,0,normal
TRD-103396,2026-09-30 12:23:53.746,BANK,40.38,130,5249.4,0.014,0,normal
TRD-103397,2026-09-30 12:23:54.123,AUTO,72.82,178,12961.96,-0.102,0,normal
TRD-103398,2026-09-30 12:23:56.535,TECH,223.37,144,32165.28,-0.338,0,normal
TRD-103399,2026-09-30 12:24:04.036,TECH,223.41,135,30160.35,0.21,0,normal
TRD-103400,2026-09-30 12:24:06.216,BANK,40.37,391,15784.67,-0.079,0,normal
TRD-103401,2026-09-30 12:24:12.516,AUTO,72.8,188,13686.4,-0.108,0,normal
TRD-103402,2026-09-30 12:24:13.119,PHARMA,138.73,218,30243.14,-0.398,0,normal
TRD-103403,2026-09-30 12:24:13.399,BANK,40.39,204,8239.56,0.164,0,normal
TRD-103404,2026-09-30 12:24:13.704,AUTO,72.72,120,8726.4,-0.543,0,normal
TRD-103405,2026-09-30 12:24:14.468,BANK,40.41,661,26711.01,0.118,0,normal
TRD-103406,2026-09-30 12:24:16.856,BANK,40.42,371,14995.82,0.07,0,normal
TRD-103407,2026-09-30 12:24:21.099,AUTO,72.69,204,14828.76,-0.219,0,normal
TRD-103408,2026-09-30 12:24:24.539,ENERGY,67.26,8886,597672.36,0.083,1,volume_spike
TRD-103409,2026-09-30 12:24:26.884,PHARMA,138.69,150,20803.5,-0.277,0,normal
TRD-103410,2026-09-30 12:24:29.449,PHARMA,138.69,128,17752.32,0.012,0,normal
TRD-103411,2026-09-30 12:24:35.558,TECH,223.56,198,44264.88,1.022,0,normal
TRD-103412,2026-09-30 12:24:42.536,TECH,223.64,217,48529.88,0.549,0,normal
TRD-103413,2026-09-30 12:24:45.200,TECH,223.56,120,26827.2,-0.507,0,normal
TRD-103414,2026-09-30 12:24:50.665,ENERGY,67.22,247,16603.34,0.161,0,normal
TRD-103415,2026-09-30 12:24:53.625,TECH,223.57,91,20344.87,0.042,0,normal
TRD-103416,2026-09-30 12:24:57.488,PHARMA,138.71,149,20667.79,0.107,0,normal
TRD-103417,2026-09-30 12:24:58.002,TECH,223.57,62,13861.34,-0.031,0,normal
TRD-103418,2026-09-30 12:24:59.430,BANK,40.45,522,21114.9,0.182,0,normal
TRD-103419,2026-09-30 12:25:03.121,TECH,223.53,586,130988.58,-0.271,0,normal
TRD-103420,2026-09-30 12:25:07.483,PHARMA,138.77,93,12905.61,0.441,0,normal
TRD-103421,2026-09-30 12:25:07.507,TECH,223.49,83,18549.67,-0.251,0,normal
TRD-103422,2026-09-30 12:25:08.437,TECH,223.49,121,27042.29,0.036,0,normal
TRD-103423,2026-09-30 12:25:14.783,BANK,40.5,293,11866.5,0.328,0,normal
TRD-103424,2026-09-30 12:25:20.250,TECH,227.17,2,454.34,3.678,1,liquidity_vacuum
TRD-103425,2026-09-30 12:25:23.912,AUTO,72.67,293,21292.31,-0.163,0,normal
TRD-103426,2026-09-30 12:25:24.960,ENERGY,67.22,60,4033.2,0.011,0,normal
TRD-103427,2026-09-30 12:25:25.413,AUTO,72.75,171,12440.25,0.548,0,normal
TRD-103428,2026-09-30 12:25:28.681,TECH,223.41,135,30160.35,-0.59,0,normal
TRD-103429,2026-09-30 12:25:31.372,TECH,223.43,90,20108.7,0.145,0,normal
TRD-103430,2026-09-30 12:25:35.949,TECH,223.44,87,19439.28,0.076,0,normal
TRD-103431,2026-09-30 12:25:38.199,PHARMA,138.78,167,23176.26,0.033,0,normal
TRD-103432,2026-09-30 12:25:38.212,AUTO,72.79,156,11355.24,0.313,0,normal
TRD-103433,2026-09-30 12:25:38.679,TECH,223.43,128,28599.04,-0.079,0,normal
TRD-103434,2026-09-30 12:25:42.732,TECH,223.46,518,115752.28,0.197,0,normal
TRD-103435,2026-09-30 12:25:49.641,TECH,223.47,282,63018.54,0.066,0,normal
TRD-103436,2026-09-30 12:25:56.443,BANK,40.49,681,27573.69,-0.068,0,normal
TRD-103437,2026-09-30 12:25:59.000,AUTO,72.8,335,24388.0,0.006,0,normal
TRD-103438,2026-09-30 12:26:00.282,TECH,223.43,302,67475.86,-0.249,0,normal
TRD-103439,2026-09-30 12:26:02.456,BANK,40.48,402,16272.96,-0.041,0,normal
TRD-103440,2026-09-30 12:26:10.703,ENERGY,67.16,167,11215.72,-0.41,0,normal
TRD-103441,2026-09-30 12:26:11.363,BANK,40.46,661,26744.06,-0.138,0,normal
TRD-103442,2026-09-30 12:26:21.457,ENERGY,67.14,168,11279.52,-0.122,0,normal
TRD-103443,2026-09-30 12:26:21.833,AUTO,72.82,169,12306.58,0.15,0,normal
TRD-103444,2026-09-30 12:26:21.899,TECH,223.43,406,90712.58,0.031,0,normal
TRD-103445,2026-09-30 12:26:24.247,BANK,40.48,266,10767.68,0.092,0,normal
TRD-103446,2026-09-30 12:26:27.084,TECH,223.41,464,103662.24,-0.148,0,normal
TRD-103447,2026-09-30 12:26:36.100,PHARMA,138.74,182,25250.68,-0.238,0,normal
TRD-103448,2026-09-30 12:26:37.470,BANK,40.47,292,11817.24,-0.019,0,normal
TRD-103449,2026-09-30 12:26:46.958,BANK,40.48,394,15949.12,0.025,0,normal
TRD-103450,2026-09-30 12:26:49.939,TECH,223.33,198,44219.34,-0.532,0,normal
TRD-103451,2026-09-30 12:26:58.675,BANK,40.46,251,10155.46,-0.134,0,normal
TRD-103452,2026-09-30 12:27:00.009,PHARMA,138.74,148,20533.52,0.006,0,normal
TRD-103453,2026-09-30 12:27:02.636,PHARMA,138.76,80,11100.8,0.101,0,normal
TRD-103454,2026-09-30 12:27:03.363,TECH,223.3,282,62970.6,-0.206,0,normal
TRD-103455,2026-09-30 12:27:03.637,PHARMA,138.76,192,26641.92,0.052,0,normal
TRD-103456,2026-09-30 12:27:07.897,BANK,40.45,425,17191.25,-0.059,0,normal
TRD-103457,2026-09-30 12:27:11.682,TECH,223.3,161,35951.3,0.021,0,normal
TRD-103458,2026-09-30 12:27:12.429,ENERGY,67.14,240,16113.6,0.035,0,normal
TRD-103459,2026-09-30 12:27:16.260,ENERGY,67.1,197,13218.7,-0.249,0,normal
TRD-103460,2026-09-30 12:27:20.912,BANK,40.48,567,22952.16,0.247,0,normal
TRD-103461,2026-09-30 12:27:21.485,PHARMA,138.76,242,33579.92,-0.052,0,normal
TRD-103462,2026-09-30 12:27:25.848,TECH,223.27,136,30364.72,-0.199,0,normal
TRD-103463,2026-09-30 12:27:25.990,BANK,40.48,615,24895.2,-0.02,0,normal
TRD-103464,2026-09-30 12:27:31.024,AUTO,72.82,105,7646.1,-0.006,0,normal
TRD-103465,2026-09-30 12:27:32.151,PHARMA,138.74,231,32048.94,-0.118,0,normal
TRD-103466,2026-09-30 12:27:36.240,AUTO,72.82,3124,227489.68,1.85,1,multivariate_break
TRD-103467,2026-09-30 12:27:37.894,AUTO,69.16,2,138.32,-3.661,1,liquidity_vacuum
TRD-103468,2026-09-30 12:27:40.262,PHARMA,138.78,133,18457.74,0.245,0,normal
TRD-103469,2026-09-30 12:27:42.199,TECH,223.35,444,99167.4,0.495,0,normal
TRD-103470,2026-09-30 12:27:42.368,ENERGY,67.18,745,50049.1,0.496,0,normal
TRD-103471,2026-09-30 12:27:52.037,ENERGY,67.18,284,19079.12,0.014,0,normal
TRD-103472,2026-09-30 12:27:55.934,PHARMA,138.74,263,36488.62,-0.265,0,normal
TRD-103473,2026-09-30 12:27:57.813,PHARMA,138.7,421,58392.7,-0.253,0,normal
TRD-103474,2026-09-30 12:28:11.180,AUTO,72.79,193,14048.47,-0.185,0,normal
TRD-103475,2026-09-30 12:28:30.170,AUTO,72.81,338,24609.78,0.111,0,normal
TRD-103476,2026-09-30 12:28:31.691,TECH,223.28,113,25230.64,-0.42,0,normal
TRD-103477,2026-09-30 12:28:34.866,TECH,223.37,87,19433.19,0.601,0,normal
TRD-103478,2026-09-30 12:28:35.538,PHARMA,138.77,139,19289.03,0.494,0,normal
TRD-103479,2026-09-30 12:28:37.100,ENERGY,67.24,181,12170.44,0.37,0,normal
TRD-103480,2026-09-30 12:28:37.869,BANK,40.49,95,3846.55,0.065,0,normal
TRD-103481,2026-09-30 12:28:41.573,AUTO,72.78,458,33333.24,-0.168,0,normal
TRD-103482,2026-09-30 12:28:41.992,AUTO,72.76,159,11568.84,-0.133,0,normal
TRD-103483,2026-09-30 12:28:43.117,AUTO,72.75,212,15423.0,-0.072,0,normal
TRD-103484,2026-09-30 12:28:43.127,BANK,40.5,478,19359.0,0.066,0,normal
TRD-103485,2026-09-30 12:28:44.235,BANK,40.55,216,8758.8,0.303,0,normal
TRD-103486,2026-09-30 12:28:44.772,TECH,223.36,181,40428.16,-0.101,0,normal
TRD-103487,2026-09-30 12:28:45.705,BANK,40.57,183,7424.31,0.15,0,normal
TRD-103488,2026-09-30 12:28:47.295,AUTO,72.77,105,7640.85,0.144,0,normal
TRD-103489,2026-09-30 12:28:49.334,TECH,223.38,116,25912.08,0.103,0,normal
TRD-103490,2026-09-30 12:28:49.438,ENERGY,67.23,65,4369.95,-0.029,0,normal
TRD-103491,2026-09-30 12:28:59.208,PHARMA,138.77,190,26366.3,-0.038,0,normal
TRD-103492,2026-09-30 12:29:03.502,ENERGY,67.25,207,13920.75,0.087,0,normal
TRD-103493,2026-09-30 12:29:03.776,BANK,40.58,524,21263.92,0.086,0,normal
TRD-103494,2026-09-30 12:29:06.213,BANK,40.57,547,22191.79,-0.079,0,normal
TRD-103495,2026-09-30 12:29:06.805,TECH,223.41,169,37756.29,0.224,0,normal
TRD-103496,2026-09-30 12:29:07.706,BANK,40.59,787,31944.33,0.162,0,normal
TRD-103497,2026-09-30 12:29:08.641,TECH,223.49,114,25477.86,0.539,0,normal
TRD-103498,2026-09-30 12:29:08.696,PHARMA,138.75,83,11516.25,-0.089,0,normal
TRD-103499,2026-09-30 12:29:11.054,TECH,223.46,85,18994.1,-0.226,0,normal
TRD-103500,2026-09-30 12:29:13.773,AUTO,72.75,147,10694.25,-0.147,0,normal
TRD-103501,2026-09-30 12:29:14.266,ENERGY,67.24,221,14860.04,-0.018,0,normal
TRD-103502,2026-09-30 12:29:14.985,AUTO,72.76,205,14915.8,0.045,0,normal
TRD-103503,2026-09-30 12:29:15.406,AUTO,72.78,835,60771.3,0.136,0,normal
TRD-103504,2026-09-30 12:29:16.157,TECH,223.48,75,16761.0,0.186,0,normal
TRD-103505,2026-09-30 12:29:19.329,AUTO,72.78,169,12299.82,0.014,0,normal
TRD-103506,2026-09-30 12:29:22.641,TECH,223.5,104,23244.0,0.119,0,normal
TRD-103507,2026-09-30 12:29:26.401,TECH,223.4,112,25020.8,-0.704,0,normal
TRD-103508,2026-09-30 12:29:31.699,AUTO,72.8,215,15652.0,0.108,0,normal
TRD-103509,2026-09-30 12:29:32.315,BANK,40.58,564,22887.12,-0.105,0,normal
TRD-103510,2026-09-30 12:29:32.383,BANK,40.54,485,19661.9,-0.233,0,normal
TRD-103511,2026-09-30 12:29:36.624,BANK,40.56,203,8233.68,0.083,0,normal
TRD-103512,2026-09-30 12:29:37.631,ENERGY,67.22,83,5579.26,-0.166,0,normal
TRD-103513,2026-09-30 12:29:39.743,TECH,223.44,122,27259.68,0.262,0,normal
TRD-103514,2026-09-30 12:29:40.664,AUTO,72.78,141,10261.98,-0.132,0,normal
TRD-103515,2026-09-30 12:29:41.166,ENERGY,67.19,109,7323.71,-0.157,0,normal
TRD-103516,2026-09-30 12:29:42.223,AUTO,72.73,796,57893.08,-0.3,0,normal
TRD-103517,2026-09-30 12:29:44.328,PHARMA,138.78,101,14016.78,0.201,0,normal
TRD-103518,2026-09-30 12:29:45.021,TECH,223.49,212,47379.88,0.336,0,normal
TRD-103519,2026-09-30 12:29:58.572,BANK,40.57,478,19392.46,0.097,0,normal
TRD-103520,2026-09-30 12:30:00.444,TECH,223.51,204,45596.04,0.163,0,normal
TRD-103521,2026-09-30 12:30:04.157,AUTO,72.72,196,14253.12,-0.049,0,normal
TRD-103522,2026-09-30 12:30:06.271,TECH,223.51,106,23692.06,0.011,0,normal
TRD-103523,2026-09-30 12:30:10.935,TECH,223.49,80,17879.2,-0.112,0,normal
TRD-103524,2026-09-30 12:30:17.716,BANK,40.6,475,19285.0,0.21,0,normal
TRD-103525,2026-09-30 12:30:23.312,TECH,223.47,171,38213.37,-0.187,0,normal
TRD-103526,2026-09-30 12:30:25.377,ENERGY,67.09,133,8922.97,-0.719,0,normal
TRD-103527,2026-09-30 12:30:26.609,ENERGY,67.12,465,31210.8,0.193,0,normal
TRD-103528,2026-09-30 12:30:26.706,PHARMA,138.84,133,18465.72,0.365,0,normal
TRD-103529,2026-09-30 12:30:45.760,BANK,40.59,515,20903.85,-0.06,0,normal
TRD-103530,2026-09-30 12:30:50.542,TECH,223.41,258,57639.78,-0.373,0,normal
TRD-103531,2026-09-30 12:30:53.149,TECH,223.47,94,21006.18,0.378,0,normal
TRD-103532,2026-09-30 12:30:55.994,PHARMA,138.88,212,29442.56,0.27,0,normal
TRD-103533,2026-09-30 12:30:56.020,AUTO,72.67,307,22309.69,-0.385,0,normal
TRD-103534,2026-09-30 12:30:56.108,TECH,223.57,143,31970.51,0.713,0,normal
TRD-103535,2026-09-30 12:30:57.171,BANK,40.6,544,22086.4,0.076,0,normal
TRD-103536,2026-09-30 12:30:57.258,ENERGY,67.15,247,16586.05,0.238,0,normal
TRD-103537,2026-09-30 12:30:59.826,AUTO,72.65,465,33782.25,-0.081,0,normal
TRD-103538,2026-09-30 12:31:03.181,AUTO,72.66,257,18673.62,0.07,0,normal
TRD-103539,2026-09-30 12:31:05.795,AUTO,72.66,383,27828.78,-0.058,0,normal
TRD-103540,2026-09-30 12:31:21.222,TECH,223.47,424,94751.28,-0.7,0,normal
TRD-103541,2026-09-30 12:31:21.850,AUTO,72.71,201,14614.71,0.384,0,normal
TRD-103542,2026-09-30 12:31:25.811,ENERGY,67.13,112,7518.56,-0.147,0,normal
TRD-103543,2026-09-30 12:31:27.494,BANK,40.6,430,17458.0,-0.013,0,normal
TRD-103544,2026-09-30 12:31:28.884,BANK,40.59,952,38641.68,-0.115,0,normal
TRD-103545,2026-09-30 12:31:32.395,PHARMA,138.88,273,37914.24,0.009,0,normal
TRD-103546,2026-09-30 12:31:34.993,AUTO,72.72,182,13235.04,0.03,0,normal
TRD-103547,2026-09-30 12:31:37.978,AUTO,72.68,157,11410.76,-0.244,0,normal
TRD-103548,2026-09-30 12:31:48.649,PHARMA,138.96,97,13479.12,0.525,0,normal
TRD-103549,2026-09-30 12:31:51.406,TECH,223.54,149,33307.46,0.438,0,normal
TRD-103550,2026-09-30 12:31:51.648,BANK,40.56,452,18333.12,-0.157,0,normal
TRD-103551,2026-09-30 12:31:53.165,BANK,40.56,528,21415.68,0.014,0,normal
TRD-103552,2026-09-30 12:32:00.385,PHARMA,139.01,69,9591.69,0.341,0,normal
TRD-103553,2026-09-30 12:32:00.619,BANK,40.56,272,11032.32,-0.003,0,normal
TRD-103554,2026-09-30 12:32:13.907,BANK,40.55,589,23883.95,-0.098,0,normal
TRD-103555,2026-09-30 12:32:16.863,TECH,223.49,100,22349.0,-0.3,0,normal
TRD-103556,2026-09-30 12:32:17.195,AUTO,72.62,180,13071.6,-0.414,0,normal
TRD-103557,2026-09-30 12:32:23.740,BANK,40.55,335,13584.25,0.033,0,normal
TRD-103558,2026-09-30 12:32:24.662,TECH,223.52,291,65044.32,0.201,0,normal
TRD-103559,2026-09-30 12:32:32.815,TECH,223.47,451,100784.97,-0.304,0,normal
TRD-103560,2026-09-30 12:32:44.233,AUTO,72.63,164,11911.32,0.09,0,normal
TRD-103561,2026-09-30 12:32:46.659,ENERGY,67.12,100,6712.0,-0.076,0,normal
TRD-103562,2026-09-30 12:32:47.419,BANK,40.57,457,18540.49,0.076,0,normal
TRD-103563,2026-09-30 12:32:49.170,TECH,223.55,220,49181.0,0.535,0,normal
TRD-103564,2026-09-30 12:32:55.183,ENERGY,67.12,104,6980.48,0.021,0,normal
TRD-103565,2026-09-30 12:32:55.553,ENERGY,67.09,74,4964.66,-0.184,0,normal
TRD-103566,2026-09-30 12:32:57.108,ENERGY,67.08,182,12208.56,-0.062,0,normal
TRD-103567,2026-09-30 12:32:58.753,TECH,223.5,261,58333.5,-0.354,0,normal
TRD-103568,2026-09-30 12:33:04.120,PHARMA,138.89,308,42778.12,-0.81,0,normal
TRD-103569,2026-09-30 12:33:13.421,BANK,40.56,976,39586.56,-0.056,0,normal
TRD-103570,2026-09-30 12:33:17.725,TECH,223.49,311,69505.39,-0.066,0,normal
TRD-103571,2026-09-30 12:33:34.403,TECH,223.61,227,50759.47,0.753,0,normal
TRD-103572,2026-09-30 12:33:34.519,TECH,223.61,2002,447667.22,2.71,1,multivariate_break
TRD-103573,2026-09-30 12:33:36.368,BANK,40.53,517,20954.01,-0.209,0,normal
TRD-103574,2026-09-30 12:33:37.104,ENERGY,67.07,412,27632.84,-0.07,0,normal
TRD-103575,2026-09-30 12:33:40.469,BANK,40.55,552,22383.6,0.187,0,normal
TRD-103576,2026-09-30 12:33:45.328,TECH,223.51,392,87615.92,-0.609,0,normal
TRD-103577,2026-09-30 12:33:48.119,ENERGY,67.01,218,14608.18,-0.403,0,normal
TRD-103578,2026-09-30 12:33:54.882,TECH,223.57,152,33982.64,0.362,0,normal
TRD-103579,2026-09-30 12:33:56.056,TECH,223.58,160,35772.8,0.104,0,normal
TRD-103580,2026-09-30 12:33:56.598,TECH,223.52,245,54762.4,-0.434,0,normal
TRD-103581,2026-09-30 12:33:58.712,AUTO,72.61,192,13941.12,-0.166,0,normal
TRD-103582,2026-09-30 12:34:02.518,AUTO,72.64,417,30290.88,0.229,0,normal
TRD-103583,2026-09-30 12:34:06.366,AUTO,72.75,225,16368.75,0.721,0,normal
TRD-103584,2026-09-30 12:34:09.829,AUTO,72.78,451,32823.78,0.213,0,normal
TRD-103585,2026-09-30 12:34:11.394,AUTO,72.77,167,12152.59,-0.084,0,normal
TRD-103586,2026-09-30 12:34:16.344,TECH,223.52,200,44704.0,0.043,0,normal
TRD-103587,2026-09-30 12:34:33.111,AUTO,72.75,186,13531.5,-0.096,0,normal
TRD-103588,2026-09-30 12:34:38.377,PHARMA,138.88,345,47913.6,-0.07,0,normal
TRD-103589,2026-09-30 12:34:38.394,BANK,40.57,771,31279.47,0.082,0,normal
TRD-103590,2026-09-30 12:34:39.239,ENERGY,67.0,150,10050.0,-0.055,0,normal
TRD-103591,2026-09-30 12:34:46.295,TECH,223.53,57,12741.21,0.011,0,normal
TRD-103592,2026-09-30 12:34:47.149,TECH,223.42,111,24799.62,-0.721,0,normal
TRD-103593,2026-09-30 12:34:49.756,ENERGY,67.07,368,24681.76,0.413,0,normal
TRD-103594,2026-09-30 12:34:50.702,TECH,223.4,135,30159.0,-0.108,0,normal
TRD-103595,2026-09-30 12:34:55.295,TECH,223.42,117,26140.14,0.121,0,normal
TRD-103596,2026-09-30 12:34:55.667,AUTO,72.74,189,13747.86,-0.12,0,normal
TRD-103597,2026-09-30 12:34:56.612,BANK,40.57,366,14848.62,0.007,0,normal
TRD-103598,2026-09-30 12:34:57.567,ENERGY,67.11,209,14025.99,0.255,0,normal
TRD-103599,2026-09-30 12:34:58.822,BANK,40.57,307,12454.99,0.028,0,normal
TRD-103600,2026-09-30 12:35:01.776,TECH,223.5,423,94540.5,0.534,0,normal
TRD-103601,2026-09-30 12:35:02.204,TECH,223.55,271,60582.05,0.314,0,normal
TRD-103602,2026-09-30 12:35:04.085,PHARMA,138.94,202,28065.88,0.393,0,normal
TRD-103603,2026-09-30 12:35:06.362,ENERGY,67.07,109,7310.63,-0.215,0,normal
TRD-103604,2026-09-30 12:35:09.594,BANK,40.55,337,13665.35,-0.118,0,normal
TRD-103605,2026-09-30 12:35:17.103,TECH,223.64,154,34440.56,0.603,0,normal
TRD-103606,2026-09-30 12:35:17.347,ENERGY,67.02,851,57034.02,-0.359,0,normal
TRD-103607,2026-09-30 12:35:17.535,BANK,40.55,290,11759.5,-0.046,0,normal
TRD-103608,2026-09-30 12:35:18.998,ENERGY,67.07,181,12139.67,0.364,0,normal
TRD-103609,2026-09-30 12:35:26.131,AUTO,72.74,101,7346.74,0.009,0,normal
TRD-103610,2026-09-30 12:35:27.777,BANK,40.57,98,3975.86,0.155,0,normal
TRD-103611,2026-09-30 12:35:28.950,PHARMA,138.93,130,18060.9,-0.059,0,normal
TRD-103612,2026-09-30 12:35:38.824,BANK,40.57,1202,48765.14,0.002,0,normal
TRD-103613,2026-09-30 12:35:39.579,PHARMA,138.92,305,42370.6,-0.017,0,normal
TRD-103614,2026-09-30 12:35:39.726,BANK,40.57,368,14929.76,-0.016,0,normal
TRD-103615,2026-09-30 12:35:46.256,PHARMA,138.96,195,27097.2,0.224,0,normal
TRD-103616,2026-09-30 12:35:48.625,PHARMA,138.92,163,22643.96,-0.254,0,normal
TRD-103617,2026-09-30 12:35:58.029,TECH,223.6,152,33987.2,-0.241,0,normal
TRD-103618,2026-09-30 12:35:58.137,ENERGY,67.04,269,18033.76,-0.218,0,normal
TRD-103619,2026-09-30 12:35:59.462,BANK,40.55,60,2433.0,-0.087,0,normal
TRD-103620,2026-09-30 12:36:01.411,BANK,40.58,337,13675.46,0.176,0,normal
TRD-103621,2026-09-30 12:36:04.369,ENERGY,66.98,163,10917.74,-0.411,0,normal
TRD-103622,2026-09-30 12:36:05.225,TECH,223.55,92,20566.6,-0.342,0,normal
TRD-103623,2026-09-30 12:36:09.999,BANK,40.56,566,22956.96,-0.153,0,normal
TRD-103624,2026-09-30 12:36:11.538,TECH,223.6,148,33092.8,0.35,0,normal
TRD-103625,2026-09-30 12:36:22.096,BANK,40.56,471,19103.76,0.001,0,normal
TRD-103626,2026-09-30 12:36:36.691,TECH,223.63,106,23704.78,0.212,0,normal
TRD-103627,2026-09-30 12:36:37.563,BANK,40.58,482,19559.56,0.172,0,normal
TRD-103628,2026-09-30 12:36:52.855,ENERGY,66.89,294,19665.66,-0.584,0,normal
TRD-103629,2026-09-30 12:36:59.246,BANK,40.56,421,17075.76,-0.126,0,normal
TRD-103630,2026-09-30 12:37:09.089,BANK,40.54,168,6810.72,-0.145,0,normal
TRD-103631,2026-09-30 12:37:10.568,TECH,223.62,153,34213.86,-0.101,0,normal
TRD-103632,2026-09-30 12:37:15.157,BANK,40.54,391,15851.14,-0.018,0,normal
TRD-103633,2026-09-30 12:37:16.294,BANK,40.56,241,9774.96,0.123,0,normal
TRD-103634,2026-09-30 12:37:23.862,TECH,223.59,128,28619.52,-0.203,0,normal
TRD-103635,2026-09-30 12:37:25.102,PHARMA,138.87,179,24857.73,-0.304,0,normal
TRD-103636,2026-09-30 12:37:25.725,TECH,223.59,397,88765.23,-0.007,0,normal
TRD-103637,2026-09-30 12:37:32.829,AUTO,72.76,75,5457.0,0.124,0,normal
TRD-103638,2026-09-30 12:37:34.765,TECH,223.64,86,19233.04,0.367,0,normal
TRD-103639,2026-09-30 12:37:38.678,TECH,223.7,217,48542.9,0.362,0,normal
TRD-103640,2026-09-30 12:37:41.904,TECH,223.76,74,16558.24,0.41,0,normal
TRD-103641,2026-09-30 12:37:43.453,AUTO,72.76,368,26775.68,0.027,0,normal
TRD-103642,2026-09-30 12:37:47.623,PHARMA,138.9,118,16390.2,0.139,0,normal
TRD-103643,2026-09-30 12:37:56.463,TECH,223.78,272,60868.16,0.12,0,normal
TRD-103644,2026-09-30 12:37:58.681,BANK,40.57,267,10832.19,0.06,0,normal
TRD-103645,2026-09-30 12:37:59.205,AUTO,72.74,71,5164.54,-0.164,0,normal
TRD-103646,2026-09-30 12:37:59.760,ENERGY,66.87,173,11568.51,-0.165,0,normal
TRD-103647,2026-09-30 12:38:01.891,PHARMA,138.83,83,11522.89,-0.443,0,normal
TRD-103648,2026-09-30 12:38:04.070,TECH,223.77,207,46320.39,-0.064,0,normal
TRD-103649,2026-09-30 12:38:07.135,AUTO,72.73,424,30837.52,-0.065,0,normal
TRD-103650,2026-09-30 12:38:10.337,AUTO,72.77,130,9460.1,0.292,0,normal
TRD-103651,2026-09-30 12:38:12.868,TECH,223.75,95,21256.25,-0.131,0,normal
TRD-103652,2026-09-30 12:38:21.471,ENERGY,66.88,168,11235.84,0.098,0,normal
TRD-103653,2026-09-30 12:38:22.530,BANK,40.59,182,7387.38,0.172,0,normal
TRD-103654,2026-09-30 12:38:23.128,BANK,40.62,220,8936.4,0.153,0,normal
TRD-103655,2026-09-30 12:38:23.750,TECH,223.78,133,29762.74,0.196,0,normal
TRD-103656,2026-09-30 12:38:26.432,ENERGY,67.01,168,11257.68,0.852,0,normal
TRD-103657,2026-09-30 12:38:27.630,AUTO,72.69,259,18826.71,-0.532,0,normal
TRD-103658,2026-09-30 12:38:29.086,PHARMA,138.84,87,12079.08,0.08,0,normal
TRD-103659,2026-09-30 12:38:31.734,PHARMA,138.84,2464,342101.76,-2.271,1,multivariate_break
TRD-103660,2026-09-30 12:38:33.855,TECH,223.76,323,72274.48,-0.112,0,normal
TRD-103661,2026-09-30 12:38:34.968,AUTO,72.7,157,11413.9,0.087,0,normal
TRD-103662,2026-09-30 12:38:40.847,AUTO,72.7,83,6034.1,-0.008,0,normal
TRD-103663,2026-09-30 12:38:40.979,AUTO,72.66,248,18019.68,-0.299,0,normal
TRD-103664,2026-09-30 12:38:42.329,ENERGY,66.97,118,7902.46,-0.27,0,normal
TRD-103665,2026-09-30 12:38:42.727,BANK,40.63,392,15926.96,0.061,0,normal
TRD-103666,2026-09-30 12:38:45.351,TECH,223.73,164,36691.72,-0.232,0,normal
TRD-103667,2026-09-30 12:38:46.081,ENERGY,67.04,155,10391.2,0.447,0,normal
TRD-103668,2026-09-30 12:38:47.403,BANK,40.63,679,27587.77,0.015,0,normal
TRD-103669,2026-09-30 12:38:49.648,PHARMA,138.84,101,14022.84,0.008,0,normal
TRD-103670,2026-09-30 12:38:49.917,ENERGY,67.02,207,13873.14,-0.079,0,normal
TRD-103671,2026-09-30 12:38:50.587,PHARMA,138.8,101,14018.8,-0.29,0,normal
TRD-103672,2026-09-30 12:38:57.837,BANK,40.66,400,16264.0,0.186,0,normal
TRD-103673,2026-09-30 12:38:58.189,BANK,40.68,92,3742.56,0.17,0,normal
TRD-103674,2026-09-30 12:39:01.893,BANK,40.67,272,11062.24,-0.074,0,normal
TRD-103675,2026-09-30 12:39:05.694,TECH,223.74,372,83231.28,0.122,0,normal
TRD-103676,2026-09-30 12:39:09.420,PHARMA,138.8,67,9299.6,-0.024,0,normal
TRD-103677,2026-09-30 12:39:10.706,PHARMA,138.82,245,34010.9,0.153,0,normal
TRD-103678,2026-09-30 12:39:11.215,TECH,223.71,349,78074.79,-0.239,0,normal
TRD-103679,2026-09-30 12:39:14.392,BANK,40.7,812,33048.4,0.184,0,normal
TRD-103680,2026-09-30 12:39:14.981,ENERGY,67.0,223,14941.0,-0.134,0,normal
TRD-103681,2026-09-30 12:39:15.241,BANK,40.68,609,24774.12,-0.15,0,normal
TRD-103682,2026-09-30 12:39:15.800,TECH,223.7,103,23041.1,-0.076,0,normal
TRD-103683,2026-09-30 12:39:22.798,PHARMA,138.83,59,8190.97,0.074,0,normal
TRD-103684,2026-09-30 12:39:23.842,ENERGY,67.04,169,11329.76,0.243,0,normal
TRD-103685,2026-09-30 12:39:29.399,TECH,223.67,112,25051.04,-0.151,0,normal
TRD-103686,2026-09-30 12:39:29.723,BANK,40.66,423,17199.18,-0.109,0,normal
TRD-103687,2026-09-30 12:39:32.411,ENERGY,67.04,463,31039.52,-0.0,0,normal
TRD-103688,2026-09-30 12:39:35.453,TECH,223.62,224,50090.88,-0.359,0,normal
TRD-103689,2026-09-30 12:39:36.463,TECH,223.63,296,66194.48,0.076,0,normal
TRD-103690,2026-09-30 12:39:41.877,BANK,40.67,320,13014.4,0.1,0,normal
TRD-103691,2026-09-30 12:39:42.751,TECH,223.64,117,26165.88,0.09,0,normal
TRD-103692,2026-09-30 12:39:43.696,TECH,223.59,63,14086.17,-0.398,0,normal
TRD-103693,2026-09-30 12:39:48.053,AUTO,72.63,184,13363.92,-0.191,0,normal
TRD-103694,2026-09-30 12:39:57.248,AUTO,72.62,580,42119.6,-0.028,0,normal
TRD-103695,2026-09-30 12:39:57.731,TECH,223.62,612,136855.44,0.252,0,normal
TRD-103696,2026-09-30 12:40:02.009,TECH,223.55,59,13189.45,-0.481,0,normal
TRD-103697,2026-09-30 12:40:04.570,PHARMA,138.85,233,32352.05,0.13,0,normal
TRD-103698,2026-09-30 12:40:05.890,PHARMA,138.87,184,25552.08,0.126,0,normal
TRD-103699,2026-09-30 12:40:06.747,TECH,223.64,153,34216.92,0.572,0,normal
TRD-103700,2026-09-30 12:40:09.165,AUTO,72.61,125,9076.25,-0.1,0,normal
TRD-103701,2026-09-30 12:40:10.490,TECH,223.64,3070,686574.8,-2.521,1,multivariate_break
TRD-103702,2026-09-30 12:40:11.409,ENERGY,67.07,264,17706.48,0.177,0,normal
TRD-103703,2026-09-30 12:40:15.323,PHARMA,138.79,93,12907.47,-0.503,0,normal
TRD-103704,2026-09-30 12:40:15.784,TECH,223.6,388,86756.8,-0.248,0,normal
TRD-103705,2026-09-30 12:40:16.864,PHARMA,138.85,134,18605.9,0.354,0,normal
TRD-103706,2026-09-30 12:40:23.357,TECH,223.64,73,16325.72,0.27,0,normal
TRD-103707,2026-09-30 12:40:24.842,PHARMA,138.88,162,22498.56,0.206,0,normal
TRD-103708,2026-09-30 12:40:30.797,ENERGY,67.06,428,28701.68,-0.075,0,normal
TRD-103709,2026-09-30 12:40:34.250,BANK,40.66,223,9067.18,-0.122,0,normal
TRD-103710,2026-09-30 12:40:39.009,PHARMA,138.83,58,8052.14,-0.288,0,normal
TRD-103711,2026-09-30 12:40:40.209,ENERGY,67.05,135,9051.75,-0.063,0,normal
TRD-103712,2026-09-30 12:40:41.451,PHARMA,138.88,250,34720.0,0.291,0,normal
TRD-103713,2026-09-30 12:40:43.732,ENERGY,66.96,183,12253.68,-0.576,0,normal
TRD-103714,2026-09-30 12:40:50.152,BANK,40.65,243,9877.95,-0.017,0,normal
TRD-103715,2026-09-30 12:40:51.785,ENERGY,66.97,107,7165.79,0.044,0,normal
TRD-103716,2026-09-30 12:40:52.544,AUTO,72.61,93,6752.73,0.014,0,normal
TRD-103717,2026-09-30 12:40:53.194,PHARMA,138.83,163,22629.29,-0.344,0,normal
TRD-103718,2026-09-30 12:40:57.212,AUTO,72.6,229,16625.4,-0.075,0,normal
TRD-103719,2026-09-30 12:40:57.671,TECH,223.62,72,16100.64,-0.111,0,normal
TRD-103720,2026-09-30 12:41:00.989,BANK,40.66,566,23013.56,0.03,0,normal
TRD-103721,2026-09-30 12:41:13.312,PHARMA,138.79,165,22900.35,-0.247,0,normal
TRD-103722,2026-09-30 12:41:16.508,BANK,35.99,109,3922.91,-4.665,1,price_shock
TRD-103723,2026-09-30 12:41:29.862,BANK,35.99,2153,77486.47,1.989,1,multivariate_break
TRD-103724,2026-09-30 12:41:31.640,TECH,223.57,423,94570.11,-0.341,0,normal
TRD-103725,2026-09-30 12:41:37.132,AUTO,72.67,568,41276.56,0.466,0,normal
TRD-103726,2026-09-30 12:41:43.312,TECH,223.55,181,40462.55,-0.152,0,normal
TRD-103727,2026-09-30 12:41:43.811,BANK,35.97,410,14747.7,-0.153,0,normal
TRD-103728,2026-09-30 12:41:46.667,TECH,223.52,56,12517.12,-0.2,0,normal
TRD-103729,2026-09-30 12:41:51.115,AUTO,72.68,238,17297.84,0.088,0,normal
TRD-103730,2026-09-30 12:41:52.840,ENERGY,66.99,95,6364.05,0.145,0,normal
TRD-103731,2026-09-30 12:41:55.521,PHARMA,138.8,165,22902.0,0.063,0,normal
TRD-103732,2026-09-30 12:41:59.301,TECH,223.54,175,39119.5,0.136,0,normal
TRD-103733,2026-09-30 12:42:00.416,BANK,35.97,386,13884.42,0.048,0,normal
TRD-103734,2026-09-30 12:42:01.388,BANK,35.98,476,17126.48,0.038,0,normal
TRD-103735,2026-09-30 12:42:04.914,TECH,223.53,198,44258.94,-0.077,0,normal
TRD-103736,2026-09-30 12:42:05.327,TECH,223.54,413,92322.02,0.048,0,normal
TRD-103737,2026-09-30 12:42:06.116,PHARMA,138.88,142,19720.96,0.566,0,normal
TRD-103738,2026-09-30 12:42:07.263,BANK,35.98,487,17522.26,-0.017,0,normal
TRD-103739,2026-09-30 12:42:07.427,TECH,223.58,141,31524.78,0.308,0,normal
TRD-103740,2026-09-30 12:42:11.083,BANK,35.99,111,3994.89,0.076,0,normal
TRD-103741,2026-09-30 12:42:11.978,TECH,223.66,274,61282.84,0.543,0,normal
TRD-103742,2026-09-30 12:42:13.031,ENERGY,66.98,298,19960.04,-0.037,0,normal
TRD-103743,2026-09-30 12:42:15.193,ENERGY,66.98,112,7501.76,-0.036,0,normal
TRD-103744,2026-09-30 12:42:15.795,TECH,223.71,86,19239.06,0.323,0,normal
TRD-103745,2026-09-30 12:42:16.904,BANK,35.95,743,26710.85,-0.251,0,normal
TRD-103746,2026-09-30 12:42:21.991,TECH,223.72,131,29307.32,0.054,0,normal
TRD-103747,2026-09-30 12:42:24.193,ENERGY,66.94,83,5556.02,-0.279,0,normal
TRD-103748,2026-09-30 12:42:28.989,ENERGY,66.92,170,11376.4,-0.099,0,normal
TRD-103749,2026-09-30 12:42:34.816,BANK,35.97,883,31761.51,0.138,0,normal
TRD-103750,2026-09-30 12:42:35.248,AUTO,72.68,154,11192.72,-0.021,0,normal
TRD-103751,2026-09-30 12:42:44.571,TECH,223.75,218,48777.5,0.179,0,normal
TRD-103752,2026-09-30 12:42:48.276,TECH,223.73,144,32217.12,-0.084,0,normal
TRD-103753,2026-09-30 12:42:49.435,TECH,223.76,60,13425.6,0.148,0,normal
TRD-103754,2026-09-30 12:42:53.571,PHARMA,138.83,122,16937.26,-0.38,0,normal
TRD-103755,2026-09-30 12:42:58.927,TECH,223.73,138,30874.74,-0.158,0,normal
TRD-103756,2026-09-30 12:43:06.428,ENERGY,67.02,428,28684.56,0.676,0,normal
TRD-103757,2026-09-30 12:43:07.139,BANK,35.97,1013,36437.61,-0.035,0,normal
TRD-103758,2026-09-30 12:43:14.496,BANK,35.97,320,11510.4,0.035,0,normal
TRD-103759,2026-09-30 12:43:23.492,TECH,223.63,114,25493.82,-0.683,0,normal
TRD-103760,2026-09-30 12:43:31.997,TECH,223.6,136,30409.6,-0.173,0,normal
TRD-103761,2026-09-30 12:43:32.454,AUTO,72.72,171,12435.12,0.274,0,normal
TRD-103762,2026-09-30 12:43:33.305,AUTO,72.73,105,7636.65,0.055,0,normal
TRD-103763,2026-09-30 12:43:33.952,ENERGY,67.07,502,33669.14,0.315,0,normal
TRD-103764,2026-09-30 12:43:34.970,ENERGY,67.07,199,13346.93,0.0,0,normal
TRD-103765,2026-09-30 12:43:37.190,TECH,223.52,227,50739.04,-0.533,0,normal
TRD-103766,2026-09-30 12:43:38.460,ENERGY,67.15,169,11348.35,0.552,0,normal
TRD-103767,2026-09-30 12:43:42.672,ENERGY,67.16,264,17730.24,0.075,0,normal
TRD-103768,2026-09-30 12:43:43.796,TECH,223.54,315,70415.1,0.12,0,normal
TRD-103769,2026-09-30 12:43:44.344,AUTO,72.73,250,18182.5,-0.028,0,normal
TRD-103770,2026-09-30 12:43:48.945,TECH,223.63,188,42042.44,0.58,0,normal
TRD-103771,2026-09-30 12:43:53.714,BANK,35.96,1119,40239.24,-0.09,0,normal
TRD-103772,2026-09-30 12:43:53.889,AUTO,72.71,280,20358.8,-0.088,0,normal
TRD-103773,2026-09-30 12:43:55.615,AUTO,72.7,486,35332.2,-0.053,0,normal
TRD-103774,2026-09-30 12:44:02.432,BANK,35.94,163,5858.22,-0.137,0,normal
TRD-103775,2026-09-30 12:44:03.046,BANK,35.97,347,12481.59,0.228,0,normal
TRD-103776,2026-09-30 12:44:08.812,ENERGY,67.22,111,7461.42,0.405,0,normal
TRD-103777,2026-09-30 12:44:11.997,ENERGY,67.2,170,11424.0,-0.142,0,normal
TRD-103778,2026-09-30 12:44:16.240,PHARMA,138.87,335,46521.45,0.316,0,normal
TRD-103779,2026-09-30 12:44:17.629,TECH,223.64,365,81628.6,0.094,0,normal
TRD-103780,2026-09-30 12:44:17.779,ENERGY,67.19,299,20089.81,-0.115,0,normal
TRD-103781,2026-09-30 12:44:19.182,AUTO,72.7,131,9523.7,-0.043,0,normal
TRD-103782,2026-09-30 12:44:20.992,ENERGY,67.17,188,12627.96,-0.125,0,normal
TRD-103783,2026-09-30 12:44:21.805,AUTO,72.7,1957,142273.9,-2.114,1,multivariate_break
TRD-103784,2026-09-30 12:44:23.547,BANK,35.97,2682,96471.54,2.586,1,multivariate_break
TRD-103785,2026-09-30 12:44:33.982,BANK,35.98,427,15363.46,0.06,0,normal
TRD-103786,2026-09-30 12:44:34.158,BANK,35.99,1050,37789.5,0.073,0,normal
TRD-103787,2026-09-30 12:44:35.849,TECH,223.66,69,15432.54,0.103,0,normal
TRD-103788,2026-09-30 12:44:59.040,TECH,223.64,122,27284.08,-0.095,0,normal
TRD-103789,2026-09-30 12:45:01.363,TECH,223.52,130,29057.6,-0.855,0,normal
TRD-103790,2026-09-30 12:45:02.638,ENERGY,67.15,53,3558.95,-0.143,0,normal
TRD-103791,2026-09-30 12:45:06.517,BANK,36.0,295,10620.0,0.067,0,normal
TRD-103792,2026-09-30 12:45:08.411,BANK,35.98,448,16119.04,-0.179,0,normal
TRD-103793,2026-09-30 12:45:09.386,ENERGY,67.12,344,23089.28,-0.184,0,normal
TRD-103794,2026-09-30 12:45:13.556,AUTO,72.71,580,42171.8,0.108,0,normal
TRD-103795,2026-09-30 12:45:14.123,AUTO,72.69,237,17227.53,-0.159,0,normal
TRD-103796,2026-09-30 12:45:14.497,AUTO,72.61,111,8059.71,-0.506,0,normal
TRD-103797,2026-09-30 12:45:14.607,ENERGY,67.15,101,6782.15,0.219,0,normal
TRD-103798,2026-09-30 12:45:20.512,TECH,223.53,184,41129.52,0.068,0,normal
TRD-103799,2026-09-30 12:45:29.850,TECH,223.44,277,61892.88,-0.591,0,normal
TRD-103800,2026-09-30 12:45:33.730,AUTO,72.61,262,19023.82,-0.061,0,normal
TRD-103801,2026-09-30 12:45:35.481,BANK,35.95,205,7369.75,-0.139,0,normal
TRD-103802,2026-09-30 12:45:35.520,ENERGY,67.08,122,8183.76,-0.456,0,normal
TRD-103803,2026-09-30 12:45:39.760,AUTO,72.58,148,10741.84,-0.139,0,normal
TRD-103804,2026-09-30 12:45:43.747,BANK,35.92,234,8405.28,-0.197,0,normal
TRD-103805,2026-09-30 12:45:45.292,TECH,223.51,188,42019.88,0.471,0,normal
TRD-103806,2026-09-30 12:45:45.522,ENERGY,67.1,91,6106.1,0.133,0,normal
TRD-103807,2026-09-30 12:45:51.363,ENERGY,67.13,184,12351.92,0.172,0,normal
TRD-103808,2026-09-30 12:45:55.500,PHARMA,138.84,102,14161.68,-0.188,0,normal
TRD-103809,2026-09-30 12:45:56.798,TECH,223.58,543,121403.94,0.482,0,normal
TRD-103810,2026-09-30 12:46:00.046,BANK,35.93,379,13617.47,0.061,0,normal
TRD-103811,2026-09-30 12:46:01.571,TECH,223.51,93,20786.43,-0.497,0,normal
TRD-103812,2026-09-30 12:46:01.707,BANK,35.96,354,12729.84,0.195,0,normal
TRD-103813,2026-09-30 12:46:02.689,BANK,35.98,264,9498.72,0.118,0,normal
TRD-103814,2026-09-30 12:46:03.657,ENERGY,67.1,110,7381.0,-0.187,0,normal
TRD-103815,2026-09-30 12:46:05.132,ENERGY,67.09,146,9795.14,-0.059,0,normal
TRD-103816,2026-09-30 12:46:07.287,BANK,35.97,271,9747.87,-0.057,0,normal
TRD-103817,2026-09-30 12:46:11.898,BANK,35.98,456,16406.88,0.078,0,normal
TRD-103818,2026-09-30 12:46:12.164,PHARMA,138.91,8127,1128921.57,-0.079,1,volume_spike
TRD-103819,2026-09-30 12:46:13.299,TECH,223.37,8578,1916067.86,-0.134,1,volume_spike
TRD-103820,2026-09-30 12:46:13.325,TECH,223.59,136,30408.24,0.552,0,normal
TRD-103821,2026-09-30 12:46:13.388,AUTO,72.57,118,8563.26,-0.127,0,normal
TRD-103822,2026-09-30 12:46:15.357,BANK,36.0,1128,40608.0,0.079,0,normal
TRD-103823,2026-09-30 12:46:18.276,BANK,35.99,69,2483.31,-0.011,0,normal
TRD-103824,2026-09-30 12:46:19.964,BANK,36.01,370,13323.7,0.119,0,normal
TRD-103825,2026-09-30 12:46:26.387,AUTO,72.59,517,37529.03,0.136,0,normal
TRD-103826,2026-09-30 12:46:27.034,AUTO,72.57,228,16545.96,-0.081,0,normal
TRD-103827,2026-09-30 12:46:35.239,PHARMA,138.84,127,17632.68,-0.026,0,normal
TRD-103828,2026-09-30 12:46:36.708,TECH,231.85,216,50079.6,8.261,1,price_shock
TRD-103829,2026-09-30 12:46:39.764,ENERGY,67.06,123,8248.38,-0.233,0,normal
TRD-103830,2026-09-30 12:46:44.269,TECH,231.91,228,52875.48,0.414,0,normal
TRD-103831,2026-09-30 12:46:45.368,BANK,36.02,335,12066.7,0.035,0,normal
TRD-103832,2026-09-30 12:46:48.512,TECH,231.78,146,33839.88,-0.9,0,normal
TRD-103833,2026-09-30 12:46:52.217,TECH,231.79,303,70232.37,0.095,0,normal
TRD-103834,2026-09-30 12:46:54.927,ENERGY,67.15,268,17996.2,0.616,0,normal
TRD-103835,2026-09-30 12:46:55.427,AUTO,72.61,127,9221.47,0.245,0,normal
TRD-103836,2026-09-30 12:46:59.704,PHARMA,138.83,144,19991.52,-0.066,0,normal
TRD-103837,2026-09-30 12:47:01.838,PHARMA,138.77,136,18872.72,-0.376,0,normal
TRD-103838,2026-09-30 12:47:02.905,PHARMA,138.79,120,16654.8,0.084,0,normal
TRD-103839,2026-09-30 12:47:07.649,AUTO,72.6,153,11107.8,-0.051,0,normal
TRD-103840,2026-09-30 12:47:08.904,TECH,231.76,683,158292.08,-0.186,0,normal
TRD-103841,2026-09-30 12:47:09.186,TECH,231.76,188,43570.88,-0.01,0,normal
TRD-103842,2026-09-30 12:47:11.839,TECH,231.73,140,32442.2,-0.194,0,normal
TRD-103843,2026-09-30 12:47:13.303,PHARMA,138.76,65,9019.4,-0.209,0,normal
TRD-103844,2026-09-30 12:47:16.953,PHARMA,138.7,351,48683.7,-0.371,0,normal
TRD-103845,2026-09-30 12:47:17.795,PHARMA,138.67,240,33280.8,-0.227,0,normal
TRD-103846,2026-09-30 12:47:18.663,AUTO,72.6,345,25047.0,-0.001,0,normal
TRD-103847,2026-09-30 12:47:18.800,ENERGY,67.14,160,10742.4,-0.064,0,normal
TRD-103848,2026-09-30 12:47:19.415,AUTO,72.57,62,4499.34,-0.206,0,normal
TRD-103849,2026-09-30 12:47:21.445,AUTO,72.5,286,20735.0,-0.468,0,normal
TRD-103850,2026-09-30 12:47:23.672,TECH,223.03,299,66685.97,-8.705,1,price_shock
TRD-103851,2026-09-30 12:47:23.719,BANK,36.02,308,11094.16,0.024,0,normal
TRD-103852,2026-09-30 12:47:26.625,PHARMA,138.73,107,14844.11,0.413,0,normal
TRD-103853,2026-09-30 12:47:41.938,BANK,36.04,351,12650.04,0.151,0,normal
TRD-103854,2026-09-30 12:47:45.195,TECH,222.95,196,43698.2,-0.519,0,normal
TRD-103855,2026-09-30 12:47:49.294,BANK,36.04,362,13046.48,-0.024,0,normal
TRD-103856,2026-09-30 12:47:53.439,AUTO,72.53,112,8123.36,0.191,0,normal
TRD-103857,2026-09-30 12:47:54.744,TECH,222.99,369,82283.31,0.283,0,normal
TRD-103858,2026-09-30 12:47:58.082,PHARMA,138.72,208,28853.76,-0.07,0,normal
TRD-103859,2026-09-30 12:48:01.533,TECH,223.05,447,99703.35,0.384,0,normal
TRD-103860,2026-09-30 12:48:02.638,TECH,223.06,104,23198.24,0.078,0,normal
TRD-103861,2026-09-30 12:48:15.636,PHARMA,138.7,149,20666.3,-0.132,0,normal
TRD-103862,2026-09-30 12:48:18.409,BANK,36.05,506,18241.3,0.092,0,normal
TRD-103863,2026-09-30 12:48:20.554,BANK,36.05,226,8147.3,-0.028,0,normal
TRD-103864,2026-09-30 12:48:23.720,PHARMA,138.67,87,12064.29,-0.204,0,normal
TRD-103865,2026-09-30 12:48:28.039,ENERGY,67.15,226,15175.9,0.101,0,normal
TRD-103866,2026-09-30 12:48:28.121,BANK,36.0,726,26136.0,-0.356,0,normal
TRD-103867,2026-09-30 12:48:29.641,PHARMA,138.69,210,29124.9,0.173,0,normal
TRD-103868,2026-09-30 12:48:33.253,TECH,223.05,387,86320.35,-0.112,0,normal
TRD-103869,2026-09-30 12:48:40.477,TECH,223.06,142,31674.52,0.06,0,normal
TRD-103870,2026-09-30 12:48:42.507,BANK,36.0,492,17712.0,0.048,0,normal
TRD-103871,2026-09-30 12:48:47.590,TECH,223.0,249,55527.0,-0.343,0,normal
TRD-103872,2026-09-30 12:48:50.583,BANK,36.02,415,14948.3,0.112,0,normal
TRD-103873,2026-09-30 12:48:53.650,BANK,36.03,492,17726.76,0.068,0,normal
TRD-103874,2026-09-30 12:49:04.120,BANK,36.06,351,12657.06,0.229,0,normal
TRD-103875,2026-09-30 12:49:04.767,TECH,223.02,221,49287.42,0.09,0,normal
TRD-103876,2026-09-30 12:49:07.347,TECH,223.0,250,55750.0,-0.089,0,normal
TRD-103877,2026-09-30 12:49:07.589,ENERGY,67.22,168,11292.96,0.421,0,normal
TRD-103878,2026-09-30 12:49:11.486,TECH,222.98,154,34338.92,-0.171,0,normal
TRD-103879,2026-09-30 12:49:19.595,ENERGY,67.26,109,7331.34,0.262,0,normal
TRD-103880,2026-09-30 12:49:20.059,ENERGY,67.25,216,14526.0,-0.027,0,normal
TRD-103881,2026-09-30 12:49:20.421,ENERGY,67.25,86,5783.5,-0.011,0,normal
TRD-103882,2026-09-30 12:49:23.845,BANK,36.06,505,18210.3,-0.027,0,normal
TRD-103883,2026-09-30 12:49:25.412,PHARMA,138.71,155,21500.05,0.148,0,normal
TRD-103884,2026-09-30 12:49:29.699,ENERGY,67.21,230,15458.3,-0.27,0,normal
TRD-103885,2026-09-30 12:49:33.252,TECH,223.05,276,61561.8,0.5,0,normal
TRD-103886,2026-09-30 12:49:33.954,TECH,223.19,346,77223.74,0.88,0,normal
TRD-103887,2026-09-30 12:49:35.662,TECH,223.28,180,40190.4,0.645,0,normal
TRD-103888,2026-09-30 12:49:39.363,TECH,223.31,410,91557.1,0.154,0,normal
TRD-103889,2026-09-30 12:49:42.872,ENERGY,67.23,153,10286.19,0.141,0,normal
TRD-103890,2026-09-30 12:49:42.977,TECH,223.24,143,31923.32,-0.452,0,normal
TRD-103891,2026-09-30 12:49:45.992,PHARMA,138.73,93,12901.89,0.101,0,normal
TRD-103892,2026-09-30 12:49:46.897,AUTO,72.54,64,4642.56,0.042,0,normal
TRD-103893,2026-09-30 12:49:49.312,BANK,36.07,370,13345.9,0.056,0,normal
TRD-103894,2026-09-30 12:49:49.992,PHARMA,138.72,120,16646.4,-0.088,0,normal
TRD-103895,2026-09-30 12:49:52.561,ENERGY,67.21,310,20835.1,-0.139,0,normal
TRD-103896,2026-09-30 12:49:54.283,ENERGY,67.2,611,41059.2,-0.078,0,normal
TRD-103897,2026-09-30 12:49:55.196,TECH,223.26,267,59610.42,0.115,0,normal
TRD-103898,2026-09-30 12:49:56.121,TECH,223.31,291,64983.21,0.361,0,normal
TRD-103899,2026-09-30 12:49:56.424,PHARMA,138.73,87,12069.51,0.089,0,normal
TRD-103900,2026-09-30 12:49:56.911,AUTO,72.51,54,3915.54,-0.157,0,normal
TRD-103901,2026-09-30 12:49:58.347,PHARMA,138.73,543,75330.39,-0.013,0,normal
TRD-103902,2026-09-30 12:50:01.268,TECH,223.3,190,42427.0,-0.092,0,normal
TRD-103903,2026-09-30 12:50:16.318,ENERGY,67.17,175,11754.75,-0.198,0,normal
TRD-103904,2026-09-30 12:50:20.763,AUTO,72.54,109,7906.86,0.183,0,normal
TRD-103905,2026-09-30 12:50:24.194,AUTO,72.52,62,4496.24,-0.14,0,normal
TRD-103906,2026-09-30 12:50:27.354,ENERGY,64.24,5,321.2,-2.925,1,liquidity_vacuum
TRD-103907,2026-09-30 12:50:29.833,BANK,36.07,232,8368.24,0.025,0,normal
TRD-103908,2026-09-30 12:50:33.085,TECH,223.33,412,92011.96,0.252,0,normal
TRD-103909,2026-09-30 12:50:38.395,ENERGY,67.14,281,18866.34,-0.19,0,normal
TRD-103910,2026-09-30 12:50:44.967,TECH,223.37,159,35515.83,0.238,0,normal
TRD-103911,2026-09-30 12:50:46.726,AUTO,72.54,268,19440.72,0.12,0,normal
TRD-103912,2026-09-30 12:50:49.440,PHARMA,138.83,419,58169.77,0.693,0,normal
TRD-103913,2026-09-30 12:50:51.132,ENERGY,67.16,334,22431.44,0.152,0,normal
TRD-103914,2026-09-30 12:50:54.908,AUTO,72.49,452,32765.48,-0.307,0,normal
TRD-103915,2026-09-30 12:50:55.498,ENERGY,67.11,272,18253.92,-0.328,0,normal
TRD-103916,2026-09-30 12:51:04.947,TECH,223.39,307,68580.73,0.119,0,normal
TRD-103917,2026-09-30 12:51:06.898,BANK,36.08,180,6494.4,0.051,0,normal
TRD-103918,2026-09-30 12:51:11.168,TECH,223.49,149,33300.01,0.698,0,normal
TRD-103919,2026-09-30 12:51:21.029,AUTO,72.49,209,15150.41,-0.037,0,normal
TRD-103920,2026-09-30 12:51:21.428,TECH,223.51,129,28832.79,0.129,0,normal
TRD-103921,2026-09-30 12:51:27.799,BANK,36.08,362,13060.96,0.023,0,normal
TRD-103922,2026-09-30 12:51:30.742,TECH,223.61,135,30187.35,0.627,0,normal
TRD-103923,2026-09-30 12:51:40.559,AUTO,72.43,324,23467.32,-0.372,0,normal
TRD-103924,2026-09-30 12:51:40.886,ENERGY,67.08,256,17172.48,-0.249,0,normal
TRD-103925,2026-09-30 12:51:44.095,PHARMA,138.88,681,94577.28,0.338,0,normal
TRD-103926,2026-09-30 12:51:44.168,ENERGY,67.05,224,15019.2,-0.157,0,normal
TRD-103927,2026-09-30 12:51:48.244,BANK,36.1,604,21804.4,0.085,0,normal
TRD-103928,2026-09-30 12:51:54.452,PHARMA,138.97,260,36132.2,0.602,0,normal
TRD-103929,2026-09-30 12:52:00.276,TECH,223.59,218,48742.62,-0.128,0,normal
TRD-103930,2026-09-30 12:52:01.388,TECH,223.58,239,53435.62,-0.044,0,normal
TRD-103931,2026-09-30 12:52:01.444,PHARMA,138.96,148,20566.08,-0.072,0,normal
TRD-103932,2026-09-30 12:52:01.559,ENERGY,67.05,400,26820.0,-0.007,0,normal
TRD-103933,2026-09-30 12:52:03.013,TECH,223.52,238,53197.76,-0.371,0,normal
TRD-103934,2026-09-30 12:52:03.043,ENERGY,67.08,154,10330.32,0.181,0,normal
TRD-103935,2026-09-30 12:52:06.014,BANK,36.12,446,16109.52,0.16,0,normal
TRD-103936,2026-09-30 12:52:08.779,TECH,220.13,2,440.26,-3.396,1,liquidity_vacuum
TRD-103937,2026-09-30 12:52:08.913,BANK,36.16,553,19996.48,0.24,0,normal
TRD-103938,2026-09-30 12:52:09.751,TECH,223.52,64,14305.28,-0.03,0,normal
TRD-103939,2026-09-30 12:52:10.551,TECH,223.6,162,36223.2,0.551,0,normal
TRD-103940,2026-09-30 12:52:10.747,ENERGY,67.14,88,5908.32,0.377,0,normal
TRD-103941,2026-09-30 12:52:12.735,TECH,223.62,184,41146.08,0.148,0,normal
TRD-103942,2026-09-30 12:52:14.343,TECH,223.7,239,53464.3,0.503,0,normal
TRD-103943,2026-09-30 12:52:17.603,AUTO,72.4,190,13756.0,-0.226,0,normal
TRD-103944,2026-09-30 12:52:18.699,BANK,36.18,192,6946.56,0.125,0,normal
TRD-103945,2026-09-30 12:52:19.700,BANK,36.17,436,15770.12,-0.042,0,normal
TRD-103946,2026-09-30 12:52:20.810,BANK,36.15,382,13809.3,-0.125,0,normal
TRD-103947,2026-09-30 12:52:22.674,AUTO,72.37,145,10493.65,-0.195,0,normal
TRD-103948,2026-09-30 12:52:25.355,TECH,223.73,160,35796.8,0.204,0,normal
TRD-103949,2026-09-30 12:52:25.999,TECH,223.71,323,72258.33,-0.109,0,normal
TRD-103950,2026-09-30 12:52:26.513,AUTO,72.39,222,16070.58,0.16,0,normal
TRD-103951,2026-09-30 12:52:29.854,ENERGY,67.15,293,19674.95,0.072,0,normal
TRD-103952,2026-09-30 12:52:31.917,PHARMA,138.95,108,15006.6,-0.071,0,normal
TRD-103953,2026-09-30 12:52:33.629,AUTO,72.43,135,9778.05,0.267,0,normal
TRD-103954,2026-09-30 12:52:38.913,ENERGY,67.13,612,41083.56,-0.107,0,normal
TRD-103955,2026-09-30 12:52:42.710,TECH,223.71,99,22147.29,-0.006,0,normal
TRD-103956,2026-09-30 12:52:49.591,AUTO,72.48,270,19569.6,0.348,0,normal
TRD-103957,2026-09-30 12:52:51.825,BANK,36.16,170,6147.2,0.065,0,normal
TRD-103958,2026-09-30 12:52:51.975,ENERGY,67.14,112,7519.68,0.071,0,normal
TRD-103959,2026-09-30 12:52:53.393,AUTO,72.46,281,20361.26,-0.127,0,normal
TRD-103960,2026-09-30 12:52:55.200,ENERGY,67.14,121,8123.94,0.011,0,normal
TRD-103961,2026-09-30 12:52:55.572,BANK,36.15,201,7266.15,-0.086,0,normal
TRD-103962,2026-09-30 12:53:00.725,TECH,223.69,172,38474.68,-0.171,0,normal
TRD-103963,2026-09-30 12:53:10.416,PHARMA,138.95,293,40712.35,-0.041,0,normal
TRD-103964,2026-09-30 12:53:18.327,BANK,36.15,376,13592.4,0.042,0,normal
TRD-103965,2026-09-30 12:53:20.222,BANK,36.15,608,21979.2,-0.016,0,normal
TRD-103966,2026-09-30 12:53:21.829,ENERGY,67.16,120,8059.2,0.085,0,normal
TRD-103967,2026-09-30 12:53:21.907,AUTO,72.44,659,47737.96,-0.135,0,normal
TRD-103968,2026-09-30 12:53:22.155,AUTO,72.46,99,7173.54,0.106,0,normal
TRD-103969,2026-09-30 12:53:30.842,AUTO,72.49,149,10801.01,0.214,0,normal
TRD-103970,2026-09-30 12:53:40.492,TECH,223.68,88,19683.84,-0.039,0,normal
TRD-103971,2026-09-30 12:53:46.738,PHARMA,138.99,184,25574.16,0.326,0,normal
TRD-103972,2026-09-30 12:53:48.292,BANK,36.14,634,22912.76,-0.079,0,normal
TRD-103973,2026-09-30 12:53:51.948,ENERGY,67.2,63,4233.6,0.312,0,normal
TRD-103974,2026-09-30 12:53:59.730,TECH,223.69,234,52343.46,0.08,0,normal
TRD-103975,2026-09-30 12:54:00.489,ENERGY,67.21,62,4167.02,0.054,0,normal
TRD-103976,2026-09-30 12:54:04.898,ENERGY,67.15,138,9266.7,-0.378,0,normal
TRD-103977,2026-09-30 12:54:05.913,BANK,36.12,698,25211.76,-0.121,0,normal
TRD-103978,2026-09-30 12:54:07.347,PHARMA,139.02,109,15153.18,0.151,0,normal
TRD-103979,2026-09-30 12:54:07.592,AUTO,72.51,141,10223.91,0.152,0,normal
TRD-103980,2026-09-30 12:54:27.560,BANK,36.14,701,25334.14,0.135,0,normal
TRD-103981,2026-09-30 12:54:30.732,TECH,223.72,295,65997.4,0.168,0,normal
TRD-103982,2026-09-30 12:54:33.566,ENERGY,67.1,175,11742.5,-0.341,0,normal
TRD-103983,2026-09-30 12:54:37.331,BANK,36.11,318,11482.98,-0.228,0,normal
TRD-103984,2026-09-30 12:54:38.813,ENERGY,67.13,272,18259.36,0.168,0,normal
TRD-103985,2026-09-30 12:54:39.300,TECH,223.74,142,31771.08,0.129,0,normal
TRD-103986,2026-09-30 12:54:46.154,BANK,36.1,440,15884.0,-0.05,0,normal
TRD-103987,2026-09-30 12:54:48.823,AUTO,72.46,363,26302.98,-0.363,0,normal
TRD-103988,2026-09-30 12:54:52.447,BANK,36.12,393,14195.16,0.111,0,normal
TRD-103989,2026-09-30 12:54:56.005,TECH,223.79,294,65794.26,0.321,0,normal
TRD-103990,2026-09-30 12:55:01.150,TECH,223.95,4707,1054132.65,-0.051,1,volume_spike
TRD-103991,2026-09-30 12:55:07.149,TECH,223.79,142,31778.18,0.049,0,normal
TRD-103992,2026-09-30 12:55:10.599,TECH,223.82,309,69160.38,0.146,0,normal
TRD-103993,2026-09-30 12:55:17.822,TECH,223.85,227,50813.95,0.25,0,normal
TRD-103994,2026-09-30 12:55:22.321,AUTO,72.44,481,34843.64,-0.149,0,normal
TRD-103995,2026-09-30 12:55:27.521,BANK,36.14,338,12215.32,0.133,0,normal
TRD-103996,2026-09-30 12:55:31.978,TECH,223.86,61,13655.46,0.029,0,normal
TRD-103997,2026-09-30 12:55:32.770,TECH,223.87,223,49923.01,0.086,0,normal
TRD-103998,2026-09-30 12:55:37.770,PHARMA,138.98,218,30297.64,-0.272,0,normal
TRD-103999,2026-09-30 12:55:39.074,TECH,224.0,152,34048.0,0.86,0,normal
TRD-104000,2026-09-30 12:55:41.151,PHARMA,139.04,99,13764.96,0.424,0,normal
TRD-104001,2026-09-30 12:55:45.363,PHARMA,139.11,118,16414.98,0.447,0,normal
TRD-104002,2026-09-30 12:55:45.558,TECH,224.05,213,47722.65,0.37,0,normal
TRD-104003,2026-09-30 12:55:47.652,TECH,224.14,101,22638.14,0.558,0,normal
TRD-104004,2026-09-30 12:55:48.205,TECH,223.99,132,29566.68,-1.007,0,normal
TRD-104005,2026-09-30 12:55:59.358,TECH,223.94,123,27544.62,-0.328,0,normal
TRD-104006,2026-09-30 12:55:59.628,BANK,36.16,578,20900.48,0.144,0,normal
TRD-104007,2026-09-30 12:56:10.564,ENERGY,67.12,157,10537.84,-0.025,0,normal
TRD-104008,2026-09-30 12:56:11.751,ENERGY,67.13,314,21078.82,0.052,0,normal
TRD-104009,2026-09-30 12:56:17.128,TECH,223.9,163,36495.7,-0.247,0,normal
TRD-104010,2026-09-30 12:56:31.086,ENERGY,67.09,54,3622.86,-0.268,0,normal
TRD-104011,2026-09-30 12:56:33.823,BANK,36.16,8664,313290.24,-0.117,1,volume_spike
TRD-104012,2026-09-30 12:56:34.037,TECH,223.93,178,39859.54,0.228,0,normal
TRD-104013,2026-09-30 12:56:40.609,ENERGY,67.12,311,20874.32,0.218,0,normal
TRD-104014,2026-09-30 12:56:43.224,ENERGY,67.1,307,20599.7,-0.133,0,normal
TRD-104015,2026-09-30 12:56:49.069,AUTO,72.41,260,18826.6,-0.195,0,normal
TRD-104016,2026-09-30 12:57:03.941,TECH,219.02,2,438.04,-4.918,1,liquidity_vacuum
TRD-104017,2026-09-30 12:57:09.366,PHARMA,139.11,58,8068.38,0.017,0,normal
TRD-104018,2026-09-30 12:57:12.280,TECH,223.98,120,26877.6,0.27,0,normal
TRD-104019,2026-09-30 12:57:13.354,TECH,224.0,248,55552.0,0.179,0,normal
TRD-104020,2026-09-30 12:57:13.698,ENERGY,67.09,241,16168.69,-0.13,0,normal
TRD-104021,2026-09-30 12:57:16.044,BANK,36.12,259,9355.08,-0.222,0,normal
TRD-104022,2026-09-30 12:57:18.788,ENERGY,67.06,193,12942.58,-0.176,0,normal
TRD-104023,2026-09-30 12:57:25.799,TECH,224.02,155,34723.1,0.135,0,normal
TRD-104024,2026-09-30 12:57:27.231,AUTO,72.42,1076,77923.92,0.064,0,normal
TRD-104025,2026-09-30 12:57:30.831,AUTO,72.43,524,37953.32,0.067,0,normal
TRD-104026,2026-09-30 12:57:31.455,PHARMA,139.13,178,24765.14,0.141,0,normal
TRD-104027,2026-09-30 12:57:35.629,BANK,36.1,294,10613.4,-0.136,0,normal
TRD-104028,2026-09-30 12:57:37.229,BANK,36.09,528,19055.52,-0.09,0,normal
TRD-104029,2026-09-30 12:57:38.643,BANK,36.13,701,25327.13,0.241,0,normal
TRD-104030,2026-09-30 12:57:39.819,PHARMA,139.18,227,31593.86,0.316,0,normal
TRD-104031,2026-09-30 12:57:40.595,AUTO,72.41,329,23822.89,-0.104,0,normal
TRD-104032,2026-09-30 12:57:42.592,TECH,224.03,232,51974.96,0.074,0,normal
TRD-104033,2026-09-30 12:57:43.244,AUTO,72.34,158,11429.72,-0.452,0,normal
TRD-104034,2026-09-30 12:57:51.212,AUTO,72.34,124,8970.16,-0.025,0,normal
TRD-104035,2026-09-30 12:57:52.875,BANK,36.17,491,17759.47,0.26,0,normal
TRD-104036,2026-09-30 12:57:53.493,PHARMA,139.02,7958,1106321.16,0.003,1,volume_spike
TRD-104037,2026-09-30 12:57:59.771,TECH,224.0,332,74368.0,-0.199,0,normal
TRD-104038,2026-09-30 12:58:01.247,TECH,224.05,96,21508.8,0.31,0,normal
TRD-104039,2026-09-30 12:58:02.989,ENERGY,67.07,161,10798.27,0.072,0,normal
TRD-104040,2026-09-30 12:58:03.436,BANK,36.19,680,24609.2,0.139,0,normal
TRD-104041,2026-09-30 12:58:05.173,ENERGY,67.02,208,13940.16,-0.317,0,normal
TRD-104042,2026-09-30 12:58:06.299,PHARMA,139.16,68,9462.88,-0.142,0,normal
TRD-104043,2026-09-30 12:58:06.636,TECH,224.07,103,23079.21,0.098,0,normal
TRD-104044,2026-09-30 12:58:14.838,BANK,36.17,310,11212.7,-0.087,0,normal
TRD-104045,2026-09-30 12:58:16.445,ENERGY,67.02,181,12130.62,-0.004,0,normal
TRD-104046,2026-09-30 12:58:28.685,AUTO,72.31,198,14317.38,-0.206,0,normal
TRD-104047,2026-09-30 12:58:34.307,ENERGY,66.99,160,10718.4,-0.206,0,normal
TRD-104048,2026-09-30 12:58:46.257,AUTO,72.32,244,17646.08,0.064,0,normal
TRD-104049,2026-09-30 12:58:47.137,AUTO,72.3,151,10917.3,-0.135,0,normal
TRD-104050,2026-09-30 12:58:51.693,AUTO,72.26,181,13079.06,-0.242,0,normal
TRD-104051,2026-09-30 12:58:51.959,ENERGY,66.97,113,7567.61,-0.153,0,normal
TRD-104052,2026-09-30 12:58:54.364,TECH,224.01,303,67875.03,-0.37,0,normal
TRD-104053,2026-09-30 12:58:55.121,TECH,224.05,145,32487.25,0.254,0,normal
TRD-104054,2026-09-30 12:58:57.127,BANK,36.18,256,9262.08,0.054,0,normal
TRD-104055,2026-09-30 12:58:58.367,TECH,224.13,62,13896.06,0.527,0,normal
TRD-104056,2026-09-30 12:59:00.880,AUTO,72.27,218,15754.86,0.058,0,normal
TRD-104057,2026-09-30 12:59:04.654,AUTO,72.27,246,17778.42,-0.004,0,normal
TRD-104058,2026-09-30 12:59:12.002,TECH,224.17,268,60077.56,0.312,0,normal
TRD-104059,2026-09-30 12:59:15.929,ENERGY,66.97,69,4620.93,0.026,0,normal
TRD-104060,2026-09-30 12:59:16.615,ENERGY,67.01,495,33169.95,0.245,0,normal
TRD-104061,2026-09-30 12:59:22.504,TECH,224.17,271,60750.07,-0.033,0,normal
TRD-104062,2026-09-30 12:59:25.201,AUTO,72.28,323,23346.44,0.089,0,normal
TRD-104063,2026-09-30 12:59:28.293,ENERGY,66.99,199,13331.01,-0.132,0,normal
TRD-104064,2026-09-30 12:59:32.250,AUTO,72.25,86,6213.5,-0.263,0,normal
TRD-104065,2026-09-30 12:59:35.057,BANK,36.22,332,12025.04,0.254,0,normal
TRD-104066,2026-09-30 12:59:38.439,ENERGY,67.01,368,24659.68,0.172,0,normal
TRD-104067,2026-09-30 12:59:39.398,ENERGY,67.04,55,3687.2,0.149,0,normal
TRD-104068,2026-09-30 12:59:41.995,BANK,36.19,312,11291.28,-0.219,0,normal
TRD-104069,2026-09-30 12:59:49.731,TECH,224.16,106,23760.96,-0.041,0,normal
TRD-104070,2026-09-30 12:59:51.415,TECH,224.13,145,32498.85,-0.193,0,normal
TRD-104071,2026-09-30 12:59:52.031,TECH,224.15,273,61192.95,0.121,0,normal
TRD-104072,2026-09-30 12:59:54.350,PHARMA,139.16,2755,383385.8,-2.577,1,multivariate_break
TRD-104073,2026-09-30 12:59:56.967,BANK,36.15,416,15038.4,-0.238,0,normal
TRD-104074,2026-09-30 12:59:57.696,AUTO,72.25,254,18351.5,0.037,0,normal
TRD-104075,2026-09-30 12:59:58.442,BANK,36.17,345,12478.65,0.135,0,normal
TRD-104076,2026-09-30 13:00:05.622,TECH,224.13,63,14120.19,-0.121,0,normal
TRD-104077,2026-09-30 13:00:14.812,TECH,224.05,179,40104.95,-0.58,0,normal
TRD-104078,2026-09-30 13:00:16.373,TECH,223.94,144,32247.36,-0.69,0,normal
TRD-104079,2026-09-30 13:00:17.134,PHARMA,139.23,160,22276.8,0.493,0,normal
TRD-104080,2026-09-30 13:00:20.608,BANK,36.18,188,6801.84,0.07,0,normal
TRD-104081,2026-09-30 13:00:24.096,AUTO,72.2,186,13429.2,-0.344,0,normal
TRD-104082,2026-09-30 13:00:28.085,ENERGY,67.07,99,6639.93,0.223,0,normal
TRD-104083,2026-09-30 13:00:34.996,BANK,36.16,324,11715.84,-0.176,0,normal
TRD-104084,2026-09-30 13:00:35.657,AUTO,72.2,93,6714.6,-0.016,0,normal
TRD-104085,2026-09-30 13:00:36.278,BANK,36.15,213,7699.95,-0.023,0,normal
TRD-104086,2026-09-30 13:00:41.084,TECH,223.95,229,51284.55,0.047,0,normal
TRD-104087,2026-09-30 13:00:42.526,AUTO,69.12,2,138.24,-3.08,1,liquidity_vacuum
TRD-104088,2026-09-30 13:00:42.938,TECH,224.03,173,38757.19,0.505,0,normal
TRD-104089,2026-09-30 13:00:43.006,AUTO,72.2,103,7436.6,-0.011,0,normal
TRD-104090,2026-09-30 13:00:48.932,PHARMA,139.29,245,34126.05,0.411,0,normal
TRD-104091,2026-09-30 13:00:50.297,BANK,36.14,230,8312.2,-0.072,0,normal
TRD-104092,2026-09-30 13:00:50.861,BANK,36.15,132,4771.8,0.04,0,normal
TRD-104093,2026-09-30 13:00:52.344,AUTO,72.17,291,21001.47,-0.147,0,normal
TRD-104094,2026-09-30 13:00:53.915,ENERGY,67.08,150,10062.0,0.043,0,normal
TRD-104095,2026-09-30 13:00:54.573,BANK,36.15,917,33149.55,0.026,0,normal
TRD-104096,2026-09-30 13:00:55.353,PHARMA,139.35,243,33862.05,0.406,0,normal
TRD-104097,2026-09-30 13:00:57.177,TECH,223.97,208,46585.76,-0.377,0,normal
TRD-104098,2026-09-30 13:01:02.063,BANK,36.15,239,8639.85,-0.022,0,normal
TRD-104099,2026-09-30 13:01:05.637,ENERGY,67.12,159,10672.08,0.276,0,normal
TRD-104100,2026-09-30 13:01:05.720,AUTO,72.13,227,16373.51,-0.32,0,normal
TRD-104101,2026-09-30 13:01:06.334,PHARMA,139.36,133,18534.88,0.039,0,normal
TRD-104102,2026-09-30 13:01:08.161,AUTO,72.08,181,13046.48,-0.31,0,normal
TRD-104103,2026-09-30 13:01:08.938,BANK,36.15,425,15363.75,-0.019,0,normal
TRD-104104,2026-09-30 13:01:14.240,BANK,36.13,138,4985.94,-0.114,0,normal
TRD-104105,2026-09-30 13:01:15.892,PHARMA,139.47,283,39470.01,0.725,0,normal
TRD-104106,2026-09-30 13:01:17.191,TECH,224.01,179,40097.79,0.296,0,normal
TRD-104107,2026-09-30 13:01:17.206,AUTO,72.1,79,5695.9,0.164,0,normal
TRD-104108,2026-09-30 13:01:20.482,TECH,219.75,1,219.75,-4.265,1,liquidity_vacuum
TRD-104109,2026-09-30 13:01:23.157,ENERGY,67.2,265,17808.0,0.528,0,normal
TRD-104110,2026-09-30 13:01:28.350,TECH,224.05,237,53099.85,0.251,0,normal
TRD-104111,2026-09-30 13:01:37.884,AUTO,72.09,148,10669.32,-0.069,0,normal
TRD-104112,2026-09-30 13:01:39.088,BANK,36.11,662,23904.82,-0.141,0,normal
TRD-104113,2026-09-30 13:01:39.751,ENERGY,67.18,186,12495.48,-0.109,0,normal
TRD-104114,2026-09-30 13:01:44.806,ENERGY,67.22,270,18149.4,0.286,0,normal
TRD-104115,2026-09-30 13:01:46.775,BANK,36.11,317,11446.87,0.017,0,normal
TRD-104116,2026-09-30 13:01:55.696,TECH,224.06,184,41227.04,0.075,0,normal
TRD-104117,2026-09-30 13:01:57.535,TECH,224.09,120,26890.8,0.18,0,normal
TRD-104118,2026-09-30 13:01:58.794,TECH,224.17,299,67026.83,0.537,0,normal
TRD-104119,2026-09-30 13:01:59.136,TECH,224.13,255,57153.15,-0.251,0,normal
TRD-104120,2026-09-30 13:02:04.617,ENERGY,67.22,127,8536.94,-0.008,0,normal
TRD-104121,2026-09-30 13:02:06.743,ENERGY,67.25,351,23604.75,0.186,0,normal
TRD-104122,2026-09-30 13:02:12.141,ENERGY,67.27,112,7534.24,0.122,0,normal
TRD-104123,2026-09-30 13:02:12.548,AUTO,72.08,118,8505.44,-0.056,0,normal
TRD-104124,2026-09-30 13:02:14.248,ENERGY,67.27,201,13521.27,0.001,0,normal
TRD-104125,2026-09-30 13:02:15.542,PHARMA,139.47,120,16736.4,0.008,0,normal
TRD-104126,2026-09-30 13:02:15.621,TECH,224.1,251,56249.1,-0.192,0,normal
TRD-104127,2026-09-30 13:02:17.670,TECH,224.07,167,37419.69,-0.236,0,normal
TRD-104128,2026-09-30 13:02:20.395,TECH,224.0,304,68096.0,-0.477,0,normal
TRD-104129,2026-09-30 13:02:20.886,TECH,224.1,210,47061.0,0.694,0,normal
TRD-104130,2026-09-30 13:02:21.044,BANK,36.12,218,7874.16,0.04,0,normal
TRD-104131,2026-09-30 13:02:21.228,AUTO,72.04,121,8716.84,-0.308,0,normal
TRD-104132,2026-09-30 13:02:22.594,TECH,224.08,108,24200.64,-0.146,0,normal
TRD-104133,2026-09-30 13:02:24.362,TECH,224.19,89,19952.91,0.71,0,normal
TRD-104134,2026-09-30 13:02:28.345,PHARMA,139.53,355,49533.15,0.401,0,normal
TRD-104135,2026-09-30 13:02:28.897,BANK,36.11,192,6933.12,-0.019,0,normal
TRD-104136,2026-09-30 13:02:30.231,AUTO,72.06,297,21401.82,0.16,0,normal
TRD-104137,2026-09-30 13:02:33.629,TECH,224.21,77,17264.17,0.136,0,normal
TRD-104138,2026-09-30 13:02:34.951,AUTO,72.08,102,7352.16,0.086,0,normal
TRD-104139,2026-09-30 13:02:43.014,BANK,36.09,580,20932.2,-0.166,0,normal
TRD-104140,2026-09-30 13:02:43.105,AUTO,72.08,357,25732.56,0.002,0,normal
TRD-104141,2026-09-30 13:02:47.432,BANK,36.08,339,12231.12,-0.052,0,normal
TRD-104142,2026-09-30 13:02:49.285,TECH,224.21,148,33183.08,0.054,0,normal
TRD-104143,2026-09-30 13:02:50.542,BANK,36.08,279,10066.32,0.021,0,normal
TRD-104144,2026-09-30 13:03:02.193,AUTO,72.1,516,37203.6,0.141,0,normal
TRD-104145,2026-09-30 13:03:05.925,TECH,224.23,80,17938.4,0.077,0,normal
TRD-104146,2026-09-30 13:03:06.469,BANK,36.08,544,19627.52,0.012,0,normal
TRD-104147,2026-09-30 13:03:07.129,AUTO,72.1,209,15068.9,0.044,0,normal
TRD-104148,2026-09-30 13:03:07.546,AUTO,72.1,205,14780.5,0.003,0,normal
TRD-104149,2026-09-30 13:03:09.905,BANK,36.08,270,9741.6,-0.008,0,normal
TRD-104150,2026-09-30 13:03:10.789,ENERGY,67.35,206,13874.1,0.565,0,normal
TRD-104151,2026-09-30 13:03:11.568,AUTO,72.07,524,37764.68,-0.208,0,normal
TRD-104152,2026-09-30 13:03:12.247,BANK,36.07,149,5374.43,-0.081,0,normal
TRD-104153,2026-09-30 13:03:12.678,PHARMA,139.54,64,8930.56,0.06,0,normal
TRD-104154,2026-09-30 13:03:12.719,TECH,224.26,198,44403.48,0.227,0,normal
TRD-104155,2026-09-30 13:03:13.020,PHARMA,139.63,162,22620.06,0.615,0,normal
TRD-104156,2026-09-30 13:03:17.823,AUTO,72.08,58,4180.64,0.037,0,normal
TRD-104157,2026-09-30 13:03:18.135,PHARMA,139.67,356,49722.52,0.278,0,normal
TRD-104158,2026-09-30 13:03:20.861,BANK,36.09,698,25190.82,0.123,0,normal
TRD-104159,2026-09-30 13:03:33.661,PHARMA,139.58,315,43967.7,-0.649,0,normal
TRD-104160,2026-09-30 13:03:42.252,ENERGY,67.33,256,17236.48,-0.125,0,normal
TRD-104161,2026-09-30 13:03:46.597,TECH,224.26,244,54719.44,-0.024,0,normal
TRD-104162,2026-09-30 13:03:53.008,BANK,36.09,119,4294.71,-0.023,0,normal
TRD-104163,2026-09-30 13:03:56.968,ENERGY,67.26,180,12106.8,-0.495,0,normal
TRD-104164,2026-09-30 13:04:00.370,TECH,224.29,310,69529.9,0.232,0,normal
TRD-104165,2026-09-30 13:04:03.292,BANK,36.09,388,14002.92,0.017,0,normal
TRD-104166,2026-09-30 13:04:03.623,ENERGY,70.66,5,353.3,3.397,1,liquidity_vacuum
TRD-104167,2026-09-30 13:04:04.485,TECH,224.34,87,19517.58,0.32,0,normal
TRD-104168,2026-09-30 13:04:11.903,AUTO,72.07,177,12756.39,-0.039,0,normal
TRD-104169,2026-09-30 13:04:16.236,AUTO,72.05,84,6052.2,-0.158,0,normal
TRD-104170,2026-09-30 13:04:18.975,AUTO,72.05,279,20101.95,-0.023,0,normal
TRD-104171,2026-09-30 13:04:18.991,BANK,36.1,264,9530.4,0.078,0,normal
TRD-104172,2026-09-30 13:04:23.383,ENERGY,67.21,90,6048.9,-0.356,0,normal
TRD-104173,2026-09-30 13:04:26.924,ENERGY,67.18,164,11017.52,-0.165,0,normal
TRD-104174,2026-09-30 13:04:27.119,TECH,224.31,166,37235.46,-0.192,0,normal
TRD-104175,2026-09-30 13:04:35.301,BANK,36.1,895,32309.5,0.012,0,normal
TRD-104176,2026-09-30 13:04:42.441,TECH,224.4,136,30518.4,0.614,0,normal
TRD-104177,2026-09-30 13:04:42.760,TECH,218.68,142,31052.56,-5.724,1,price_shock
TRD-104178,2026-09-30 13:04:43.352,PHARMA,139.51,226,31529.26,-0.464,0,normal
TRD-104179,2026-09-30 13:04:45.454,AUTO,72.02,184,13251.68,-0.19,0,normal
TRD-104180,2026-09-30 13:04:45.523,TECH,218.66,195,42638.7,-0.165,0,normal
TRD-104181,2026-09-30 13:04:46.158,TECH,218.62,129,28201.98,-0.213,0,normal
TRD-104182,2026-09-30 13:04:50.062,AUTO,72.03,346,24922.38,0.11,0,normal
TRD-104183,2026-09-30 13:04:57.143,AUTO,72.02,114,8210.28,-0.061,0,normal
TRD-104184,2026-09-30 13:05:09.498,BANK,36.08,284,10246.72,-0.163,0,normal
TRD-104185,2026-09-30 13:05:10.069,TECH,218.66,181,39577.46,0.276,0,normal
TRD-104186,2026-09-30 13:05:14.620,BANK,36.06,223,8041.38,-0.12,0,normal
TRD-104187,2026-09-30 13:05:17.904,BANK,36.07,479,17277.53,0.098,0,normal
TRD-104188,2026-09-30 13:05:24.709,AUTO,71.99,119,8566.81,-0.236,0,normal
TRD-104189,2026-09-30 13:05:25.367,TECH,218.67,248,54230.16,0.065,0,normal
TRD-104190,2026-09-30 13:05:28.522,TECH,218.64,532,116316.48,-0.225,0,normal
TRD-104191,2026-09-30 13:05:32.297,PHARMA,139.49,200,27898.0,-0.119,0,normal
TRD-104192,2026-09-30 13:05:33.271,ENERGY,67.13,193,12956.09,-0.342,0,normal
TRD-104193,2026-09-30 13:05:33.345,AUTO,71.97,225,16193.25,-0.096,0,normal
TRD-104194,2026-09-30 13:05:35.868,AUTO,71.94,269,19351.86,-0.195,0,normal
TRD-104195,2026-09-30 13:05:48.885,BANK,36.06,402,14496.12,-0.127,0,normal
TRD-104196,2026-09-30 13:05:51.239,ENERGY,67.13,114,7652.82,0.019,0,normal
TRD-104197,2026-09-30 13:05:56.848,AUTO,71.9,147,10569.3,-0.319,0,normal
TRD-104198,2026-09-30 13:05:58.972,ENERGY,67.13,167,11210.71,-0.04,0,normal
TRD-104199,2026-09-30 13:06:00.190,TECH,218.61,114,24921.54,-0.218,0,normal
TRD-104200,2026-09-30 13:06:03.442,ENERGY,67.15,147,9871.05,0.116,0,normal
TRD-104201,2026-09-30 13:06:05.923,AUTO,71.91,75,5393.25,0.105,0,normal
TRD-104202,2026-09-30 13:06:07.765,BANK,36.07,387,13959.09,0.12,0,normal
TRD-104203,2026-09-30 13:06:08.900,ENERGY,67.15,173,11616.95,0.059,0,normal
TRD-104204,2026-09-30 13:06:11.884,ENERGY,67.12,207,13893.84,-0.24,0,normal
TRD-104205,2026-09-30 13:06:18.119,TECH,218.6,177,38692.2,-0.029,0,normal
TRD-104206,2026-09-30 13:06:19.676,ENERGY,67.2,185,12432.0,0.56,0,normal
TRD-104207,2026-09-30 13:06:20.724,BANK,36.05,244,8796.2,-0.141,0,normal
TRD-104208,2026-09-30 13:06:28.987,ENERGY,67.56,13712,926382.72,-0.005,1,volume_spike
TRD-104209,2026-09-30 13:06:30.130,BANK,36.12,624,22538.88,0.431,0,normal
TRD-104210,2026-09-30 13:06:31.698,PHARMA,139.52,86,11998.72,0.206,0,normal
TRD-104211,2026-09-30 13:06:33.922,TECH,218.61,267,58368.87,0.053,0,normal
TRD-104212,2026-09-30 13:06:35.507,ENERGY,67.21,335,22515.35,0.034,0,normal
TRD-104213,2026-09-30 13:06:37.101,AUTO,71.9,613,44074.7,-0.074,0,normal
TRD-104214,2026-09-30 13:06:39.859,BANK,36.11,182,6572.02,-0.053,0,normal
TRD-104215,2026-09-30 13:06:47.377,PHARMA,139.56,103,14374.68,0.252,0,normal
TRD-104216,2026-09-30 13:06:54.862,TECH,218.58,174,38032.92,-0.243,0,normal
TRD-104217,2026-09-30 13:07:01.272,BANK,36.11,291,10508.01,0.009,0,normal
TRD-104218,2026-09-30 13:07:03.935,AUTO,78.9,376,29666.4,7.0,1,price_shock
TRD-104219,2026-09-30 13:07:06.996,ENERGY,67.19,141,9473.79,-0.1,0,normal
TRD-104220,2026-09-30 13:07:08.251,TECH,218.59,47,10273.73,0.071,0,normal
TRD-104221,2026-09-30 13:07:08.766,PHARMA,139.62,170,23735.4,0.423,0,normal
TRD-104222,2026-09-30 13:07:09.149,TECH,218.6,144,31478.4,0.124,0,normal
TRD-104223,2026-09-30 13:07:10.955,TECH,218.6,192,41971.2,-0.037,0,normal
TRD-104224,2026-09-30 13:07:14.748,ENERGY,67.21,419,28160.99,0.137,0,normal
TRD-104225,2026-09-30 13:07:19.692,ENERGY,67.18,153,10278.54,-0.24,0,normal
TRD-104226,2026-09-30 13:07:21.689,TECH,218.63,10458,2286432.54,-0.026,1,volume_spike
TRD-104227,2026-09-30 13:07:23.739,ENERGY,67.15,346,23233.9,-0.184,0,normal
TRD-104228,2026-09-30 13:07:29.915,TECH,218.59,74,16175.66,-0.088,0,normal
TRD-104229,2026-09-30 13:07:30.386,PHARMA,139.64,230,32117.2,0.109,0,normal
TRD-104230,2026-09-30 13:07:32.131,TECH,218.65,97,21209.05,0.45,0,normal
TRD-104231,2026-09-30 13:07:34.244,TECH,218.72,106,23184.32,0.472,0,normal
TRD-104232,2026-09-30 13:07:34.372,TECH,218.75,117,25593.75,0.163,0,normal
TRD-104233,2026-09-30 13:07:41.205,AUTO,78.89,741,58457.49,-0.071,0,normal
TRD-104234,2026-09-30 13:07:46.659,AUTO,78.9,252,19882.8,0.038,0,normal
TRD-104235,2026-09-30 13:07:52.232,AUTO,78.87,244,19244.28,-0.199,0,normal
TRD-104236,2026-09-30 13:08:01.987,TECH,218.77,238,52067.26,0.17,0,normal
TRD-104237,2026-09-30 13:08:03.797,AUTO,78.85,213,16795.05,-0.084,0,normal
TRD-104238,2026-09-30 13:08:05.704,BANK,36.1,81,2924.1,-0.057,0,normal
TRD-104239,2026-09-30 13:08:15.583,PHARMA,139.64,92,12846.88,0.013,0,normal
TRD-104240,2026-09-30 13:08:15.779,BANK,36.08,360,12988.8,-0.153,0,normal
TRD-104241,2026-09-30 13:08:18.025,AUTO,78.87,110,8675.7,0.125,0,normal
TRD-104242,2026-09-30 13:08:18.282,PHARMA,139.61,259,36158.99,-0.195,0,normal
TRD-104243,2026-09-30 13:08:21.438,TECH,218.76,148,32376.48,-0.061,0,normal
TRD-104244,2026-09-30 13:08:26.714,TECH,218.86,179,39175.94,0.655,0,normal
TRD-104245,2026-09-30 13:08:27.935,ENERGY,67.14,153,10272.42,-0.043,0,normal
TRD-104246,2026-09-30 13:08:34.310,TECH,218.85,116,25386.6,-0.097,0,normal
TRD-104247,2026-09-30 13:08:39.446,TECH,218.89,212,46404.68,0.301,0,normal
TRD-104248,2026-09-30 13:08:39.872,BANK,36.07,445,16051.15,-0.076,0,normal
TRD-104249,2026-09-30 13:08:45.948,PHARMA,139.59,127,17727.93,-0.101,0,normal
TRD-104250,2026-09-30 13:08:50.914,TECH,218.92,64,14010.88,0.179,0,normal
TRD-104251,2026-09-30 13:08:52.613,PHARMA,139.57,318,44383.26,-0.143,0,normal
TRD-104252,2026-09-30 13:08:53.886,AUTO,78.91,279,22015.89,0.227,0,normal
TRD-104253,2026-09-30 13:08:58.739,ENERGY,67.21,303,20364.63,0.464,0,normal
TRD-104254,2026-09-30 13:09:01.311,ENERGY,67.2,164,11020.8,-0.074,0,normal
TRD-104255,2026-09-30 13:09:07.920,AUTO,78.9,402,31717.8,-0.057,0,normal
TRD-104256,2026-09-30 13:09:12.503,PHARMA,139.56,74,10327.44,-0.114,0,normal
TRD-104257,2026-09-30 13:09:13.394,BANK,36.06,425,15325.5,-0.021,0,normal
TRD-104258,2026-09-30 13:09:14.187,BANK,36.07,165,5951.55,0.011,0,normal
TRD-104259,2026-09-30 13:09:15.218,ENERGY,67.24,144,9682.56,0.235,0,normal
TRD-104260,2026-09-30 13:09:17.745,PHARMA,139.56,150,20934.0,0.018,0,normal
TRD-104261,2026-09-30 13:09:26.136,TECH,218.94,93,20361.42,0.129,0,normal
TRD-104262,2026-09-30 13:09:38.046,AUTO,78.88,207,16328.16,-0.092,0,normal
TRD-104263,2026-09-30 13:09:43.451,PHARMA,139.52,267,37251.84,-0.259,0,normal
TRD-104264,2026-09-30 13:09:43.755,BANK,36.07,332,11975.24,-0.004,0,normal
TRD-104265,2026-09-30 13:09:51.448,BANK,36.04,367,13226.68,-0.176,0,normal
TRD-104266,2026-09-30 13:09:55.094,ENERGY,67.26,78,5246.28,0.17,0,normal
TRD-104267,2026-09-30 13:09:55.717,TECH,218.87,148,32392.76,-0.482,0,normal
TRD-104268,2026-09-30 13:09:59.332,AUTO,78.87,214,16878.18,-0.057,0,normal
TRD-104269,2026-09-30 13:10:03.024,TECH,218.8,168,36758.4,-0.469,0,normal
TRD-104270,2026-09-30 13:10:07.348,AUTO,78.93,124,9787.32,0.348,0,normal
TRD-104271,2026-09-30 13:10:11.420,PHARMA,139.58,173,24147.34,0.413,0,normal
TRD-104272,2026-09-30 13:10:11.501,ENERGY,67.2,120,8064.0,-0.398,0,normal
TRD-104273,2026-09-30 13:10:17.282,PHARMA,139.52,364,50785.28,-0.392,0,normal
TRD-104274,2026-09-30 13:10:19.891,ENERGY,67.17,148,9941.16,-0.226,0,normal
TRD-104275,2026-09-30 13:10:21.514,AUTO,78.96,253,19976.88,0.25,0,normal
TRD-104276,2026-09-30 13:10:22.996,BANK,36.03,591,21293.73,-0.069,0,normal
TRD-104277,2026-09-30 13:10:24.116,AUTO,78.95,109,8605.55,-0.1,0,normal
TRD-104278,2026-09-30 13:10:28.727,ENERGY,67.19,146,9809.74,0.153,0,normal
TRD-104279,2026-09-30 13:10:30.732,TECH,218.75,292,63875.0,-0.3,0,normal
TRD-104280,2026-09-30 13:10:38.127,AUTO,78.92,451,35592.92,-0.203,0,normal
TRD-104281,2026-09-30 13:10:38.431,BANK,36.04,326,11749.04,0.07,0,normal
TRD-104282,2026-09-30 13:10:38.486,TECH,218.73,96,20998.08,-0.167,0,normal
TRD-104283,2026-09-30 13:10:39.288,AUTO,78.93,248,19574.64,0.094,0,normal
TRD-104284,2026-09-30 13:10:40.903,PHARMA,139.51,59,8231.09,-0.106,0,normal
TRD-104285,2026-09-30 13:10:40.931,ENERGY,67.18,281,18877.58,-0.061,0,normal
TRD-104286,2026-09-30 13:10:41.793,BANK,41.69,233,9713.77,5.651,1,price_shock
TRD-104287,2026-09-30 13:10:44.831,PHARMA,139.48,239,33335.72,-0.175,0,normal
TRD-104288,2026-09-30 13:10:48.628,BANK,41.7,306,12760.2,0.082,0,normal
TRD-104289,2026-09-30 13:10:51.955,PHARMA,145.89,83,12108.87,6.406,1,price_shock
TRD-104290,2026-09-30 13:10:53.868,AUTO,78.98,106,8371.88,0.317,0,normal
TRD-104291,2026-09-30 13:10:58.563,AUTO,79.0,216,17064.0,0.137,0,normal
TRD-104292,2026-09-30 13:11:04.487,TECH,213.81,2,427.62,-4.917,1,liquidity_vacuum
TRD-104293,2026-09-30 13:11:08.180,BANK,41.7,382,15929.4,-0.002,0,normal
TRD-104294,2026-09-30 13:11:15.105,BANK,41.71,299,12471.29,0.058,0,normal
TRD-104295,2026-09-30 13:11:16.948,BANK,41.71,791,32992.61,-0.006,0,normal
TRD-104296,2026-09-30 13:11:20.455,TECH,218.69,130,28429.7,-0.231,0,normal
TRD-104297,2026-09-30 13:11:24.819,ENERGY,67.14,191,12823.74,-0.309,0,normal
TRD-104298,2026-09-30 13:11:29.918,TECH,218.67,180,39360.6,-0.14,0,normal
TRD-104299,2026-09-30 13:11:30.598,BANK,41.71,1061,44254.31,0.024,0,normal
TRD-104300,2026-09-30 13:11:37.485,AUTO,78.97,162,12793.14,-0.2,0,normal
TRD-104301,2026-09-30 13:11:38.421,ENERGY,67.14,330,22156.2,0.006,0,normal
TRD-104302,2026-09-30 13:11:50.218,TECH,218.73,183,40027.59,0.368,0,normal
TRD-104303,2026-09-30 13:11:52.760,AUTO,78.96,353,27872.88,-0.083,0,normal
TRD-104304,2026-09-30 13:11:53.558,AUTO,78.98,621,49046.58,0.177,0,normal
TRD-104305,2026-09-30 13:11:59.431,BANK,41.73,384,16024.32,0.14,0,normal
TRD-104306,2026-09-30 13:11:59.986,PHARMA,145.9,94,13714.6,0.048,0,normal
TRD-104307,2026-09-30 13:12:01.736,PHARMA,145.89,90,13130.1,-0.07,0,normal
TRD-104308,2026-09-30 13:12:03.430,TECH,218.82,134,29321.88,0.651,0,normal
TRD-104309,2026-09-30 13:12:05.887,TECH,218.81,185,40479.85,-0.118,0,normal
TRD-104310,2026-09-30 13:12:06.235,PHARMA,145.75,89,12971.75,-0.92,0,normal
TRD-104311,2026-09-30 13:12:07.230,AUTO,78.99,201,15876.99,0.004,0,normal
TRD-104312,2026-09-30 13:12:15.418,AUTO,79.02,131,10351.62,0.21,0,normal
TRD-104313,2026-09-30 13:12:19.431,BANK,41.72,446,18607.12,-0.087,0,normal
TRD-104314,2026-09-30 13:12:22.380,PHARMA,145.75,234,34105.5,0.026,0,normal
TRD-104315,2026-09-30 13:12:24.714,AUTO,79.0,138,10902.0,-0.106,0,normal
TRD-104316,2026-09-30 13:12:25.312,BANK,41.72,106,4422.32,0.01,0,normal
TRD-104317,2026-09-30 13:12:32.268,TECH,218.79,195,42664.05,-0.13,0,normal
TRD-104318,2026-09-30 13:12:36.212,BANK,41.73,226,9430.98,0.068,0,normal
TRD-104319,2026-09-30 13:12:37.982,PHARMA,145.68,251,36565.68,-0.5,0,normal
TRD-104320,2026-09-30 13:12:38.531,BANK,41.76,150,6264.0,0.172,0,normal
TRD-104321,2026-09-30 13:12:39.225,BANK,41.75,371,15489.25,-0.039,0,normal
TRD-104322,2026-09-30 13:12:46.060,TECH,218.74,289,63215.86,-0.298,0,normal
TRD-104323,2026-09-30 13:12:46.382,PHARMA,142.47,2,284.94,-3.211,1,liquidity_vacuum
TRD-104324,2026-09-30 13:12:47.494,ENERGY,67.1,195,13084.5,-0.277,0,normal
TRD-104325,2026-09-30 13:12:55.618,TECH,218.69,277,60577.13,-0.322,0,normal
TRD-104326,2026-09-30 13:12:55.736,TECH,218.77,179,39159.83,0.496,0,normal
TRD-104327,2026-09-30 13:12:58.856,TECH,218.81,135,29539.35,0.272,0,normal
TRD-104328,2026-09-30 13:12:59.473,TECH,218.84,192,42017.28,0.169,0,normal
TRD-104329,2026-09-30 13:13:01.811,ENERGY,67.1,2127,142721.7,1.999,1,multivariate_break
TRD-104330,2026-09-30 13:13:02.402,PHARMA,145.72,206,30018.32,0.261,0,normal
TRD-104331,2026-09-30 13:13:04.703,TECH,218.88,161,35239.68,0.306,0,normal
TRD-104332,2026-09-30 13:13:05.938,PHARMA,145.7,131,19086.7,-0.078,0,normal
TRD-104333,2026-09-30 13:13:07.677,BANK,41.76,722,30150.72,0.063,0,normal
TRD-104334,2026-09-30 13:13:11.441,BANK,41.75,389,16240.75,-0.102,0,normal
TRD-104335,2026-09-30 13:13:12.175,BANK,41.71,385,16058.35,-0.225,0,normal
TRD-104336,2026-09-30 13:13:14.340,BANK,41.75,897,37449.75,0.216,0,normal
TRD-104337,2026-09-30 13:13:19.009,ENERGY,67.11,52,3489.72,0.09,0,normal
TRD-104338,2026-09-30 13:13:22.824,TECH,218.85,282,61715.7,-0.238,0,normal
TRD-104339,2026-09-30 13:13:22.876,ENERGY,67.08,167,11202.36,-0.175,0,normal
TRD-104340,2026-09-30 13:13:29.187,TECH,218.84,178,38953.52,-0.015,0,normal
TRD-104341,2026-09-30 13:13:38.446,BANK,41.72,10366,432469.52,-0.095,1,volume_spike
TRD-104342,2026-09-30 13:13:39.707,AUTO,79.02,173,13670.46,0.132,0,normal
TRD-104343,2026-09-30 13:13:40.577,BANK,41.74,553,23082.22,-0.007,0,normal
TRD-104344,2026-09-30 13:13:41.380,TECH,218.87,144,31517.28,0.154,0,normal
TRD-104345,2026-09-30 13:13:48.460,TECH,218.99,115,25183.85,0.828,0,normal
TRD-104346,2026-09-30 13:13:50.426,BANK,41.74,271,11311.54,-0.016,0,normal
TRD-104347,2026-09-30 13:13:51.019,BANK,41.74,310,12939.4,0.004,0,normal
TRD-104348,2026-09-30 13:13:58.329,PHARMA,145.68,233,33943.44,-0.138,0,normal
TRD-104349,2026-09-30 13:14:02.670,PHARMA,145.64,139,20243.96,-0.302,0,normal
TRD-104350,2026-09-30 13:14:16.417,AUTO,79.04,89,7034.56,0.114,0,normal
TRD-104351,2026-09-30 13:14:23.404,TECH,219.07,41,8981.87,0.563,0,normal
TRD-104352,2026-09-30 13:14:26.095,TECH,219.12,176,38565.12,0.292,0,normal
TRD-104353,2026-09-30 13:14:28.886,BANK,41.73,582,24286.86,-0.061,0,normal
TRD-104354,2026-09-30 13:14:30.566,PHARMA,145.65,100,14565.0,0.05,0,normal
TRD-104355,2026-09-30 13:14:33.543,ENERGY,67.08,2754,184738.32,-2.362,1,multivariate_break
TRD-104356,2026-09-30 13:14:45.147,AUTO,79.07,108,8539.56,0.222,0,normal
TRD-104357,2026-09-30 13:14:49.840,BANK,41.72,297,12390.84,-0.094,0,normal
TRD-104358,2026-09-30 13:14:50.485,TECH,219.12,360,78883.2,-0.014,0,normal
TRD-104359,2026-09-30 13:14:51.152,AUTO,79.04,182,14385.28,-0.193,0,normal
TRD-104360,2026-09-30 13:14:54.836,BANK,41.73,269,11225.37,0.071,0,normal
TRD-104361,2026-09-30 13:14:57.305,PHARMA,145.65,276,40199.4,0.02,0,normal
TRD-104362,2026-09-30 13:14:58.462,AUTO,79.04,314,24818.56,0.011,0,normal
TRD-104363,2026-09-30 13:14:59.020,AUTO,79.09,359,28393.31,0.287,0,normal
TRD-104364,2026-09-30 13:14:59.550,AUTO,79.12,362,28641.44,0.241,0,normal
TRD-104365,2026-09-30 13:15:00.305,ENERGY,67.14,144,9668.16,0.371,0,normal
TRD-104366,2026-09-30 13:15:01.369,TECH,219.1,260,56966.0,-0.132,0,normal
TRD-104367,2026-09-30 13:15:04.539,BANK,41.74,663,27673.62,0.063,0,normal
TRD-104368,2026-09-30 13:15:04.668,TECH,219.15,425,93138.75,0.362,0,normal
TRD-104369,2026-09-30 13:15:06.168,ENERGY,67.16,251,16857.16,0.163,0,normal
TRD-104370,2026-09-30 13:15:06.477,PHARMA,145.62,239,34803.18,-0.201,0,normal
TRD-104371,2026-09-30 13:15:08.329,BANK,41.75,1130,47177.5,0.071,0,normal
TRD-104372,2026-09-30 13:15:10.069,TECH,219.2,202,44278.4,0.328,0,normal
TRD-104373,2026-09-30 13:15:15.684,BANK,41.77,824,34418.48,0.128,0,normal
TRD-104374,2026-09-30 13:15:16.146,BANK,41.74,416,17363.84,-0.169,0,normal
TRD-104375,2026-09-30 13:15:16.583,AUTO,79.14,329,26037.06,0.127,0,normal
TRD-104376,2026-09-30 13:15:20.684,BANK,41.75,309,12900.75,0.02,0,normal
TRD-104377,2026-09-30 13:15:22.652,TECH,219.2,126,27619.2,-0.028,0,normal
TRD-104378,2026-09-30 13:15:26.887,ENERGY,67.14,121,8123.94,-0.15,0,normal
TRD-104379,2026-09-30 13:15:31.755,AUTO,79.12,319,25239.28,-0.116,0,normal
TRD-104380,2026-09-30 13:15:32.182,BANK,41.77,269,11236.13,0.169,0,normal
TRD-104381,2026-09-30 13:15:33.618,TECH,219.2,237,51950.4,0.004,0,normal
TRD-104382,2026-09-30 13:15:34.253,TECH,219.25,267,58539.75,0.361,0,normal
TRD-104383,2026-09-30 13:15:36.724,TECH,219.32,227,49785.64,0.487,0,normal
TRD-104384,2026-09-30 13:15:37.878,BANK,41.74,207,8640.18,-0.234,0,normal
TRD-104385,2026-09-30 13:15:38.396,TECH,219.26,176,38589.76,-0.444,0,normal
TRD-104386,2026-09-30 13:15:41.004,BANK,41.75,255,10646.25,0.057,0,normal
TRD-104387,2026-09-30 13:15:42.901,TECH,219.24,70,15346.8,-0.118,0,normal
TRD-104388,2026-09-30 13:15:44.078,PHARMA,145.66,310,45154.6,0.265,0,normal
TRD-104389,2026-09-30 13:15:51.637,ENERGY,67.12,177,11880.24,-0.14,0,normal
TRD-104390,2026-09-30 13:15:55.933,PHARMA,152.08,331,50338.48,6.424,1,price_shock
TRD-104391,2026-09-30 13:15:55.958,PHARMA,152.05,145,22047.25,-0.173,0,normal
TRD-104392,2026-09-30 13:16:05.848,TECH,219.3,295,64693.5,0.426,0,normal
TRD-104393,2026-09-30 13:16:06.651,BANK,41.75,322,13443.5,0.028,0,normal
TRD-104394,2026-09-30 13:16:07.152,TECH,219.26,282,61831.32,-0.305,0,normal
TRD-104395,2026-09-30 13:16:08.012,PHARMA,152.11,338,51413.18,0.36,0,normal
TRD-104396,2026-09-30 13:16:11.620,TECH,219.3,44,9649.2,0.276,0,normal
TRD-104397,2026-09-30 13:16:14.017,TECH,219.19,171,37481.49,-0.746,0,normal
TRD-104398,2026-09-30 13:16:14.078,ENERGY,67.06,191,12808.46,-0.422,0,normal
TRD-104399,2026-09-30 13:16:16.033,AUTO,79.14,683,54052.62,0.113,0,normal
TRD-104400,2026-09-30 13:16:22.941,BANK,41.76,535,22341.6,0.055,0,normal
TRD-104401,2026-09-30 13:16:25.767,TECH,219.12,180,39441.6,-0.429,0,normal
TRD-104402,2026-09-30 13:16:27.098,BANK,41.74,538,22456.12,-0.124,0,normal
TRD-104403,2026-09-30 13:16:28.358,PHARMA,152.06,77,11708.62,-0.298,0,normal
TRD-104404,2026-09-30 13:16:29.690,AUTO,79.19,587,46484.53,0.321,0,normal
TRD-104405,2026-09-30 13:16:29.984,AUTO,79.17,81,6412.77,-0.127,0,normal
TRD-104406,2026-09-30 13:16:34.238,AUTO,79.14,344,27224.16,-0.235,0,normal
TRD-104407,2026-09-30 13:16:34.664,AUTO,79.14,240,18993.6,0.019,0,normal
TRD-104408,2026-09-30 13:16:40.974,TECH,221.84,2,443.68,2.717,1,liquidity_vacuum
TRD-104409,2026-09-30 13:16:49.178,TECH,219.11,206,45136.66,-0.062,0,normal
TRD-104410,2026-09-30 13:16:49.961,BANK,41.74,203,8473.22,0.003,0,normal
TRD-104411,2026-09-30 13:16:52.283,ENERGY,67.09,308,20663.72,0.259,0,normal
TRD-104412,2026-09-30 13:16:52.637,BANK,41.74,171,7137.54,-0.017,0,normal
TRD-104413,2026-09-30 13:16:58.130,AUTO,79.12,241,19067.92,-0.135,0,normal
TRD-104414,2026-09-30 13:17:00.441,TECH,219.17,118,25862.06,0.348,0,normal
TRD-104415,2026-09-30 13:17:02.188,BANK,41.74,168,7012.32,-0.016,0,normal
TRD-104416,2026-09-30 13:17:02.788,AUTO,79.14,209,16540.26,0.164,0,normal
TRD-104417,2026-09-30 13:17:03.450,TECH,219.13,214,46893.82,-0.27,0,normal
TRD-104418,2026-09-30 13:17:08.690,BANK,41.72,524,21861.28,-0.101,0,normal
TRD-104419,2026-09-30 13:17:08.980,AUTO,79.2,255,20196.0,0.405,0,normal
TRD-104420,2026-09-30 13:17:15.518,TECH,219.12,183,40098.96,-0.009,0,normal
TRD-104421,2026-09-30 13:17:17.679,TECH,219.1,139,30454.9,-0.179,0,normal
TRD-104422,2026-09-30 13:17:20.469,TECH,219.1,397,86982.7,-0.008,0,normal
TRD-104423,2026-09-30 13:17:23.172,BANK,41.72,457,19066.04,-0.017,0,normal
TRD-104424,2026-09-30 13:17:24.674,TECH,219.05,116,25409.8,-0.322,0,normal
TRD-104425,2026-09-30 13:17:25.247,BANK,41.72,125,5215.0,0.017,0,normal
TRD-104426,2026-09-30 13:17:26.664,AUTO,79.23,372,29473.56,0.145,0,normal
TRD-104427,2026-09-30 13:17:28.105,TECH,219.05,103,22562.15,0.039,0,normal
TRD-104428,2026-09-30 13:17:29.389,TECH,219.06,112,24534.72,0.02,0,normal
TRD-104429,2026-09-30 13:17:30.829,BANK,41.71,639,26652.69,-0.095,0,normal
TRD-104430,2026-09-30 13:17:31.367,PHARMA,152.18,199,30283.82,0.797,0,normal
TRD-104431,2026-09-30 13:17:37.553,AUTO,79.12,168,13292.16,-0.731,0,normal
TRD-104432,2026-09-30 13:17:38.897,BANK,41.7,316,13177.2,-0.052,0,normal
TRD-104433,2026-09-30 13:17:40.283,TECH,219.07,325,71197.75,0.091,0,normal
TRD-104434,2026-09-30 13:17:52.954,ENERGY,67.11,257,17247.27,0.121,0,normal
TRD-104435,2026-09-30 13:17:56.104,AUTO,79.11,187,14793.57,-0.063,0,normal
TRD-104436,2026-09-30 13:17:58.308,AUTO,79.13,71,5618.23,0.177,0,normal
TRD-104437,2026-09-30 13:18:04.970,BANK,41.69,367,15300.23,-0.049,0,normal
TRD-104438,2026-09-30 13:18:17.292,TECH,219.03,252,55195.56,-0.299,0,normal
TRD-104439,2026-09-30 13:18:22.191,AUTO,79.14,224,17727.36,0.072,0,normal
TRD-104440,2026-09-30 13:18:22.751,ENERGY,67.18,96,6449.28,0.446,0,normal
TRD-104441,2026-09-30 13:18:24.311,TECH,219.1,122,26730.2,0.509,0,normal
TRD-104442,2026-09-30 13:18:27.148,AUTO,79.1,212,16769.2,-0.263,0,normal
TRD-104443,2026-09-30 13:18:27.211,ENERGY,67.21,146,9812.66,0.201,0,normal
TRD-104444,2026-09-30 13:18:27.916,AUTO,79.09,206,16292.54,-0.084,0,normal
TRD-104445,2026-09-30 13:18:29.236,TECH,219.04,693,151794.72,-0.386,0,normal
TRD-104446,2026-09-30 13:18:37.778,AUTO,79.16,166,13140.56,0.43,0,normal
TRD-104447,2026-09-30 13:18:37.910,TECH,219.07,285,62434.95,0.175,0,normal
TRD-104448,2026-09-30 13:18:46.480,BANK,41.69,709,29558.21,-0.006,0,normal
TRD-104449,2026-09-30 13:18:46.638,TECH,219.08,138,30233.04,0.078,0,normal
TRD-104450,2026-09-30 13:18:46.999,ENERGY,67.23,363,24404.49,0.138,0,normal
TRD-104451,2026-09-30 13:18:50.369,TECH,219.07,122,26726.54,-0.094,0,normal
TRD-104452,2026-09-30 13:18:52.082,ENERGY,67.25,456,30666.0,0.106,0,normal
TRD-104453,2026-09-30 13:18:54.314,TECH,219.14,200,43828.0,0.481,0,normal
TRD-104454,2026-09-30 13:19:04.454,TECH,219.13,219,47989.47,-0.084,0,normal
TRD-104455,2026-09-30 13:19:09.509,TECH,219.13,2823,618603.99,2.384,1,multivariate_break
TRD-104456,2026-09-30 13:19:13.803,ENERGY,67.18,904,60730.72,-0.427,0,normal
TRD-104457,2026-09-30 13:19:14.483,ENERGY,58.87,112,6593.44,-8.312,1,price_shock
TRD-104458,2026-09-30 13:19:19.004,AUTO,79.17,259,20505.03,0.119,0,normal
TRD-104459,2026-09-30 13:19:19.210,TECH,219.06,537,117635.22,-0.446,0,normal
TRD-104460,2026-09-30 13:19:23.933,BANK,41.7,506,21100.2,0.06,0,normal
TRD-104461,2026-09-30 13:19:27.441,BANK,41.72,417,17397.24,0.114,0,normal
TRD-104462,2026-09-30 13:19:29.291,ENERGY,58.92,135,7954.2,0.342,0,normal
TRD-104463,2026-09-30 13:19:36.317,BANK,41.72,688,28703.36,0.013,0,normal
TRD-104464,2026-09-30 13:19:38.160,ENERGY,58.93,132,7778.76,0.04,0,normal
TRD-104465,2026-09-30 13:19:53.223,AUTO,79.22,356,28202.32,0.312,0,normal
TRD-104466,2026-09-30 13:20:04.073,PHARMA,152.16,231,35148.96,-0.185,0,normal
TRD-104467,2026-09-30 13:20:11.397,ENERGY,58.94,121,7131.74,0.074,0,normal
TRD-104468,2026-09-30 13:20:12.901,PHARMA,152.16,352,53560.32,0.005,0,normal
TRD-104469,2026-09-30 13:20:14.135,TECH,219.08,171,37462.68,0.145,0,normal
TRD-104470,2026-09-30 13:20:20.925,TECH,219.04,195,42712.8,-0.279,0,normal
TRD-104471,2026-09-30 13:20:24.826,TECH,219.0,318,69642.0,-0.272,0,normal
TRD-104472,2026-09-30 13:20:25.498,PHARMA,152.31,176,26806.56,1.032,0,normal
TRD-104473,2026-09-30 13:20:26.270,TECH,218.88,286,62599.68,-0.806,0,normal
TRD-104474,2026-09-30 13:20:26.894,BANK,41.74,681,28424.94,0.165,0,normal
TRD-104475,2026-09-30 13:20:32.449,TECH,218.96,179,39193.84,0.516,0,normal
TRD-104476,2026-09-30 13:20:35.845,BANK,41.68,9894,412381.92,-0.34,1,volume_spike
TRD-104477,2026-09-30 13:20:45.713,AUTO,79.22,150,11883.0,0.017,0,normal
TRD-104478,2026-09-30 13:20:46.177,BANK,41.74,280,11687.2,-0.038,0,normal
TRD-104479,2026-09-30 13:21:00.997,PHARMA,152.33,444,67634.52,0.149,0,normal
TRD-104480,2026-09-30 13:21:02.342,PHARMA,152.34,254,38694.36,0.046,0,normal
TRD-104481,2026-09-30 13:21:02.500,TECH,219.05,151,33076.55,0.609,0,normal
TRD-104482,2026-09-30 13:21:04.102,PHARMA,152.39,115,17524.85,0.343,0,normal
TRD-104483,2026-09-30 13:21:04.347,AUTO,79.23,142,11250.66,0.022,0,normal
TRD-104484,2026-09-30 13:21:06.095,TECH,219.1,429,93993.9,0.332,0,normal
TRD-104485,2026-09-30 13:21:12.460,PHARMA,152.39,152,23163.28,0.015,0,normal
TRD-104486,2026-09-30 13:21:14.794,AUTO,79.21,346,27406.66,-0.128,0,normal
TRD-104487,2026-09-30 13:21:15.049,ENERGY,58.88,160,9420.8,-0.411,0,normal
TRD-104488,2026-09-30 13:21:17.237,TECH,219.1,325,71207.5,0.036,0,normal
TRD-104489,2026-09-30 13:21:19.902,PHARMA,152.38,180,27428.4,-0.121,0,normal
TRD-104490,2026-09-30 13:21:21.384,AUTO,79.21,183,14495.43,0.008,0,normal
TRD-104491,2026-09-30 13:21:26.996,BANK,41.75,1118,46676.5,0.074,0,normal
TRD-104492,2026-09-30 13:21:27.816,TECH,219.09,95,20813.55,-0.113,0,normal
TRD-104493,2026-09-30 13:21:29.325,PHARMA,152.44,127,19359.88,0.442,0,normal
TRD-104494,2026-09-30 13:21:29.660,TECH,219.15,64,14025.6,0.43,0,normal
TRD-104495,2026-09-30 13:21:30.063,ENERGY,58.88,3196,188180.48,-2.869,1,multivariate_break
TRD-104496,2026-09-30 13:21:31.662,TECH,219.14,123,26954.22,-0.09,0,normal
TRD-104497,2026-09-30 13:21:32.220,TECH,219.14,233,51059.62,0.027,0,normal
TRD-104498,2026-09-30 13:21:34.466,BANK,41.77,309,12906.93,0.12,0,normal
TRD-104499,2026-09-30 13:21:42.658,TECH,219.12,264,57847.68,-0.12,0,normal
TRD-104500,2026-09-30 13:21:45.258,AUTO,79.21,144,11406.24,-0.019,0,normal
TRD-104501,2026-09-30 13:21:50.746,AUTO,79.25,322,25518.5,0.287,0,normal
TRD-104502,2026-09-30 13:21:59.428,ENERGY,58.85,296,17419.6,-0.162,0,normal
TRD-104503,2026-09-30 13:22:04.823,BANK,41.77,327,13658.79,0.057,0,normal
TRD-104504,2026-09-30 13:22:06.081,BANK,41.79,175,7313.25,0.072,0,normal
TRD-104505,2026-09-30 13:22:07.980,BANK,41.8,204,8527.2,0.101,0,normal
TRD-104506,2026-09-30 13:22:08.375,TECH,219.07,524,114792.68,-0.355,0,normal
TRD-104507,2026-09-30 13:22:09.478,TECH,219.06,222,48631.32,-0.053,0,normal
TRD-104508,2026-09-30 13:22:10.096,BANK,41.79,254,10614.66,-0.039,0,normal
TRD-104509,2026-09-30 13:22:11.573,AUTO,79.29,93,7373.97,0.293,0,normal
TRD-104510,2026-09-30 13:22:12.009,TECH,219.08,73,15992.84,0.155,0,normal
TRD-104511,2026-09-30 13:22:12.706,TECH,219.17,66,14465.22,0.597,0,normal
TRD-104512,2026-09-30 13:22:17.946,PHARMA,152.44,101,15396.44,-0.022,0,normal
TRD-104513,2026-09-30 13:22:18.907,BANK,41.79,533,22274.07,-0.028,0,normal
TRD-104514,2026-09-30 13:22:27.420,TECH,219.07,125,27383.75,-0.702,0,normal
TRD-104515,2026-09-30 13:22:27.572,AUTO,79.31,117,9279.27,0.126,0,normal
TRD-104516,2026-09-30 13:22:27.895,PHARMA,152.48,83,12655.84,0.265,0,normal
TRD-104517,2026-09-30 13:22:28.317,TECH,219.05,140,30667.0,-0.125,0,normal
TRD-104518,2026-09-30 13:22:29.737,AUTO,75.55,1,75.55,-3.758,1,liquidity_vacuum
TRD-104519,2026-09-30 13:22:32.450,AUTO,79.31,469,37196.39,0.018,0,normal
TRD-104520,2026-09-30 13:22:32.715,TECH,219.1,84,18404.4,0.306,0,normal
TRD-104521,2026-09-30 13:22:34.508,TECH,219.12,304,66612.48,0.181,0,normal
TRD-104522,2026-09-30 13:22:35.610,BANK,41.79,530,22148.7,-0.024,0,normal
TRD-104523,2026-09-30 13:22:37.329,TECH,219.17,499,109365.83,0.295,0,normal
TRD-104524,2026-09-30 13:22:46.122,BANK,41.77,140,5847.8,-0.13,0,normal
TRD-104525,2026-09-30 13:22:46.333,TECH,219.22,371,81330.62,0.332,0,normal
TRD-104526,2026-09-30 13:22:47.710,BANK,41.74,175,7304.5,-0.199,0,normal
TRD-104527,2026-09-30 13:22:48.518,TECH,219.21,144,31566.24,-0.078,0,normal
TRD-104528,2026-09-30 13:22:52.528,BANK,41.76,404,16871.04,0.181,0,normal
TRD-104529,2026-09-30 13:22:53.434,BANK,41.79,874,36524.46,0.169,0,normal
TRD-104530,2026-09-30 13:22:57.109,TECH,219.24,420,92080.8,0.244,0,normal
TRD-104531,2026-09-30 13:22:59.466,BANK,41.78,959,40067.02,-0.064,0,normal
TRD-104532,2026-09-30 13:22:59.844,BANK,41.81,234,9783.54,0.186,0,normal
TRD-104533,2026-09-30 13:23:05.437,PHARMA,152.5,213,32482.5,0.123,0,normal
TRD-104534,2026-09-30 13:23:05.766,TECH,219.23,229,50203.67,-0.084,0,normal
TRD-104535,2026-09-30 13:23:08.707,PHARMA,152.49,75,11436.75,-0.076,0,normal
TRD-104536,2026-09-30 13:23:10.859,ENERGY,58.81,542,31875.02,-0.272,0,normal
TRD-104537,2026-09-30 13:23:18.471,AUTO,79.26,270,21400.2,-0.345,0,normal
TRD-104538,2026-09-30 13:23:21.565,AUTO,79.28,128,10147.84,0.129,0,normal
TRD-104539,2026-09-30 13:23:26.374,TECH,219.11,327,71648.97,-0.772,0,normal
TRD-104540,2026-09-30 13:23:28.608,TECH,219.23,205,44942.15,0.772,0,normal
TRD-104541,2026-09-30 13:23:36.097,PHARMA,152.51,248,37822.48,0.146,0,normal
TRD-104542,2026-09-30 13:23:36.858,BANK,41.8,332,13877.6,-0.048,0,normal
TRD-104543,2026-09-30 13:23:37.643,BANK,41.8,625,26125.0,-0.042,0,normal
TRD-104544,2026-09-30 13:23:43.093,BANK,41.78,208,8690.24,-0.112,0,normal
TRD-104545,2026-09-30 13:23:43.603,TECH,219.18,584,128001.12,-0.342,0,normal
TRD-104546,2026-09-30 13:23:43.669,AUTO,79.32,248,19671.36,0.28,0,normal
TRD-104547,2026-09-30 13:23:45.017,ENERGY,58.81,472,27758.32,-0.001,0,normal
TRD-104548,2026-09-30 13:23:47.390,BANK,41.77,187,7810.99,-0.031,0,normal
TRD-104549,2026-09-30 13:24:00.480,AUTO,79.3,1032,81837.6,-0.146,0,normal
TRD-104550,2026-09-30 13:24:05.882,BANK,41.75,364,15197.0,-0.149,0,normal
TRD-104551,2026-09-30 13:24:12.094,TECH,219.23,102,22361.46,0.357,0,normal
TRD-104552,2026-09-30 13:24:12.513,AUTO,79.38,146,11589.48,0.532,0,normal
TRD-104553,2026-09-30 13:24:13.646,AUTO,79.36,187,14840.32,-0.121,0,normal
TRD-104554,2026-09-30 13:24:13.907,PHARMA,152.58,250,38145.0,0.451,0,normal
TRD-104555,2026-09-30 13:24:15.234,BANK,41.76,794,33157.44,0.059,0,normal
TRD-104556,2026-09-30 13:24:18.536,TECH,219.21,259,56775.39,-0.116,0,normal
TRD-104557,2026-09-30 13:24:21.340,TECH,219.23,139,30472.97,0.086,0,normal
TRD-104558,2026-09-30 13:24:22.124,AUTO,79.38,251,19924.38,0.102,0,normal
TRD-104559,2026-09-30 13:24:22.398,BANK,41.8,621,25957.8,0.245,0,normal
TRD-104560,2026-09-30 13:24:25.135,PHARMA,152.58,152,23192.16,0.06,0,normal
TRD-104561,2026-09-30 13:24:26.091,TECH,219.26,367,80468.42,0.228,0,normal
TRD-104562,2026-09-30 13:24:36.360,ENERGY,58.82,136,7999.52,0.038,0,normal
TRD-104563,2026-09-30 13:24:37.716,AUTO,79.38,361,28656.18,-0.014,0,normal
TRD-104564,2026-09-30 13:24:39.466,TECH,219.29,243,53287.47,0.22,0,normal
TRD-104565,2026-09-30 13:24:42.277,PHARMA,152.57,155,23648.35,-0.083,0,normal
TRD-104566,2026-09-30 13:24:44.029,TECH,219.32,189,41451.48,0.17,0,normal
TRD-104567,2026-09-30 13:24:45.008,TECH,219.34,123,26978.82,0.129,0,normal
TRD-104568,2026-09-30 13:24:57.316,AUTO,79.4,159,12624.6,0.147,0,normal
TRD-104569,2026-09-30 13:24:57.778,TECH,219.33,128,28074.24,-0.083,0,normal
TRD-104570,2026-09-30 13:25:08.863,TECH,219.43,210,46080.3,0.684,0,normal
TRD-104571,2026-09-30 13:25:13.712,BANK,41.78,766,32003.48,-0.144,0,normal
TRD-104572,2026-09-30 13:25:13.759,TECH,219.42,117,25672.14,-0.032,0,normal
TRD-104573,2026-09-30 13:25:15.185,AUTO,79.41,107,8496.87,0.066,0,normal
TRD-104574,2026-09-30 13:25:15.942,BANK,41.77,288,12029.76,-0.052,0,normal
TRD-104575,2026-09-30 13:25:20.697,ENERGY,58.77,129,7581.33,-0.283,0,normal
TRD-104576,2026-09-30 13:25:21.611,ENERGY,58.74,337,19795.38,-0.226,0,normal
TRD-104577,2026-09-30 13:25:21.738,PHARMA,152.53,329,50182.37,-0.301,0,normal
TRD-104578,2026-09-30 13:25:22.574,BANK,41.75,510,21292.5,-0.105,0,normal
TRD-104579,2026-09-30 13:25:25.110,BANK,41.76,1096,45768.96,0.064,0,normal
TRD-104580,2026-09-30 13:25:28.750,AUTO,79.37,247,19604.39,-0.279,0,normal
TRD-104581,2026-09-30 13:25:28.813,BANK,41.79,384,16047.36,0.181,0,normal
TRD-104582,2026-09-30 13:25:28.992,AUTO,79.38,212,16828.56,0.08,0,normal
TRD-104583,2026-09-30 13:25:33.716,TECH,219.39,97,21280.83,-0.212,0,normal
TRD-104584,2026-09-30 13:25:37.670,TECH,219.37,191,41899.67,-0.146,0,normal
TRD-104585,2026-09-30 13:25:40.723,TECH,219.42,95,20844.9,0.358,0,normal
TRD-104586,2026-09-30 13:25:40.923,PHARMA,152.5,211,32177.5,-0.151,0,normal
TRD-104587,2026-09-30 13:25:42.008,AUTO,79.37,468,37145.16,-0.039,0,normal
TRD-104588,2026-09-30 13:25:58.667,TECH,219.35,154,33779.9,-0.477,0,normal
TRD-104589,2026-09-30 13:25:59.094,BANK,41.75,317,13234.75,-0.262,0,normal
TRD-104590,2026-09-30 13:26:11.926,PHARMA,152.55,180,27459.0,0.331,0,normal
TRD-104591,2026-09-30 13:26:15.130,ENERGY,58.74,644,37828.56,-0.01,0,normal
TRD-104592,2026-09-30 13:26:15.234,TECH,219.27,355,77840.85,-0.551,0,normal
TRD-104593,2026-09-30 13:26:17.985,TECH,219.36,145,31807.2,0.581,0,normal
TRD-104594,2026-09-30 13:26:20.329,PHARMA,152.58,48,7323.84,0.207,0,normal
TRD-104595,2026-09-30 13:26:20.723,ENERGY,58.71,159,9334.89,-0.221,0,normal
TRD-104596,2026-09-30 13:26:24.486,TECH,219.34,59,12941.06,-0.146,0,normal
TRD-104597,2026-09-30 13:26:26.318,ENERGY,58.7,290,17023.0,-0.029,0,normal
TRD-104598,2026-09-30 13:26:30.439,PHARMA,152.57,138,21054.66,-0.076,0,normal
TRD-104599,2026-09-30 13:26:37.132,PHARMA,152.52,163,24860.76,-0.381,0,normal
TRD-104600,2026-09-30 13:26:37.159,BANK,41.76,460,19209.6,0.069,0,normal
TRD-104601,2026-09-30 13:26:37.522,ENERGY,58.74,223,13099.02,0.265,0,normal
TRD-104602,2026-09-30 13:26:40.218,BANK,41.78,482,20137.96,0.169,0,normal
TRD-104603,2026-09-30 13:26:43.170,BANK,41.78,251,10486.78,-0.025,0,normal
TRD-104604,2026-09-30 13:26:45.896,AUTO,79.36,182,14443.52,-0.078,0,normal
TRD-104605,2026-09-30 13:26:46.000,TECH,219.31,147,32238.57,-0.198,0,normal
TRD-104606,2026-09-30 13:26:46.965,AUTO,79.38,201,15955.38,0.121,0,normal
TRD-104607,2026-09-30 13:26:51.391,TECH,219.27,125,27408.75,-0.233,0,normal
TRD-104608,2026-09-30 13:26:56.549,TECH,219.29,301,66006.29,0.153,0,normal
TRD-104609,2026-09-30 13:27:01.041,ENERGY,58.72,98,5754.56,-0.123,0,normal
TRD-104610,2026-09-30 13:27:01.399,AUTO,79.39,347,27548.33,0.071,0,normal
TRD-104611,2026-09-30 13:27:01.412,ENERGY,58.79,177,10405.83,0.451,0,normal
TRD-104612,2026-09-30 13:27:01.648,PHARMA,152.61,193,29453.73,0.616,0,normal
TRD-104613,2026-09-30 13:27:04.979,PHARMA,152.54,60,9152.4,-0.446,0,normal
TRD-104614,2026-09-30 13:27:04.982,BANK,41.78,281,11740.18,-0.0,0,normal
TRD-104615,2026-09-30 13:27:12.146,TECH,219.33,174,38163.42,0.228,0,normal
TRD-104616,2026-09-30 13:27:14.676,PHARMA,152.57,397,60570.29,0.206,0,normal
TRD-104617,2026-09-30 13:27:19.538,TECH,219.29,157,34428.53,-0.257,0,normal
TRD-104618,2026-09-30 13:27:43.805,ENERGY,58.83,101,5941.83,0.293,0,normal
TRD-104619,2026-09-30 13:27:46.556,BANK,41.82,149,6231.18,0.287,0,normal
TRD-104620,2026-09-30 13:27:46.919,ENERGY,58.82,96,5646.72,-0.116,0,normal
TRD-104621,2026-09-30 13:27:49.618,TECH,219.3,121,26535.3,0.062,0,normal
TRD-104622,2026-09-30 13:27:54.173,TECH,219.24,190,41655.6,-0.388,0,normal
TRD-104623,2026-09-30 13:27:56.525,TECH,219.24,101,22143.24,-0.027,0,normal
TRD-104624,2026-09-30 13:27:59.268,AUTO,79.36,271,21506.56,-0.192,0,normal
TRD-104625,2026-09-30 13:28:01.810,AUTO,79.33,59,4680.47,-0.176,0,normal
TRD-104626,2026-09-30 13:28:02.494,ENERGY,58.78,158,9287.24,-0.224,0,normal
TRD-104627,2026-09-30 13:28:02.799,PHARMA,152.54,94,14338.76,-0.192,0,normal
TRD-104628,2026-09-30 13:28:06.794,AUTO,79.37,309,24525.33,0.202,0,normal
TRD-104629,2026-09-30 13:28:08.508,TECH,219.19,149,32659.31,-0.304,0,normal
TRD-104630,2026-09-30 13:28:12.253,AUTO,79.4,118,9369.2,0.205,0,normal
TRD-104631,2026-09-30 13:28:16.955,TECH,219.19,124,27179.56,-0.036,0,normal
TRD-104632,2026-09-30 13:28:25.394,PHARMA,152.52,151,23030.52,-0.157,0,normal
TRD-104633,2026-09-30 13:28:28.029,TECH,219.14,224,49087.36,-0.29,0,normal
TRD-104634,2026-09-30 13:28:28.248,TECH,219.14,123,26954.22,-0.014,0,normal
TRD-104635,2026-09-30 13:28:32.742,TECH,219.13,114,24980.82,-0.063,0,normal
TRD-104636,2026-09-30 13:28:34.265,BANK,41.85,400,16740.0,0.197,0,normal
TRD-104637,2026-09-30 13:28:36.845,TECH,219.24,84,18416.16,0.734,0,normal
TRD-104638,2026-09-30 13:28:37.357,PHARMA,152.47,183,27902.01,-0.328,0,normal
TRD-104639,2026-09-30 13:28:54.219,BANK,41.84,91,3807.44,-0.058,0,normal
TRD-104640,2026-09-30 13:28:59.422,TECH,219.18,180,39452.4,-0.418,0,normal
TRD-104641,2026-09-30 13:29:02.786,ENERGY,58.76,219,12868.44,-0.187,0,normal
TRD-104642,2026-09-30 13:29:06.919,PHARMA,152.41,273,41607.93,-0.432,0,normal
TRD-104643,2026-09-30 13:29:08.186,TECH,219.11,399,87424.89,-0.485,0,normal
TRD-104644,2026-09-30 13:29:11.025,PHARMA,156.14,383,59801.62,3.735,1,price_shock
TRD-104645,2026-09-30 13:29:13.603,PHARMA,156.17,92,14367.64,0.201,0,normal
TRD-104646,2026-09-30 13:29:13.826,ENERGY,58.75,163,9576.25,-0.059,0,normal
TRD-104647,2026-09-30 13:29:13.915,TECH,219.07,302,66159.14,-0.222,0,normal
TRD-104648,2026-09-30 13:29:18.336,BANK,41.84,792,33137.28,-0.003,0,normal
TRD-104649,2026-09-30 13:29:19.126,BANK,41.84,307,12844.88,0.004,0,normal
TRD-104650,2026-09-30 13:29:26.045,TECH,219.03,287,62861.61,-0.272,0,normal
TRD-104651,2026-09-30 13:29:26.905,AUTO,79.43,516,40985.88,0.247,0,normal
TRD-104652,2026-09-30 13:29:31.551,TECH,219.07,143,31327.01,0.226,0,normal
TRD-104653,2026-09-30 13:29:31.958,TECH,219.09,93,20375.37,0.144,0,normal
TRD-104654,2026-09-30 13:29:39.287,ENERGY,58.8,99,5821.2,0.343,0,normal
TRD-104655,2026-09-30 13:29:51.169,AUTO,79.44,157,12472.08,0.034,0,normal
TRD-104656,2026-09-30 13:29:51.303,ENERGY,58.76,531,31201.56,-0.237,0,normal
TRD-104657,2026-09-30 13:29:52.632,TECH,219.04,210,45998.4,-0.326,0,normal
TRD-104658,2026-09-30 13:29:54.021,BANK,41.83,168,7027.44,-0.093,0,normal
TRD-104659,2026-09-30 13:29:56.134,BANK,41.84,113,4727.92,0.092,0,normal
TRD-104660,2026-09-30 13:29:57.973,TECH,219.04,3035,664786.4,-2.114,1,multivariate_break
TRD-104661,2026-09-30 13:29:59.139,BANK,41.86,1021,42739.06,0.102,0,normal
TRD-104662,2026-09-30 13:30:00.846,BANK,41.86,363,15195.18,-0.028,0,normal
TRD-104663,2026-09-30 13:30:01.036,BANK,41.85,355,14856.75,-0.048,0,normal
TRD-104664,2026-09-30 13:30:03.931,BANK,41.87,522,21856.14,0.147,0,normal
TRD-104665,2026-09-30 13:30:10.892,TECH,218.97,121,26495.37,-0.46,0,normal
TRD-104666,2026-09-30 13:30:11.198,AUTO,79.44,388,30822.72,0.011,0,normal
TRD-104667,2026-09-30 13:30:14.059,AUTO,79.4,92,7304.8,-0.249,0,normal
TRD-104668,2026-09-30 13:30:21.203,TECH,218.92,383,83846.36,-0.33,0,normal
TRD-104669,2026-09-30 13:30:21.431,TECH,218.97,147,32188.59,0.349,0,normal
TRD-104670,2026-09-30 13:30:28.954,ENERGY,58.79,172,10111.88,0.167,0,normal
TRD-104671,2026-09-30 13:30:29.617,TECH,219.03,450,98563.5,0.365,0,normal
TRD-104672,2026-09-30 13:30:32.736,AUTO,79.43,340,27006.2,0.217,0,normal
TRD-104673,2026-09-30 13:30:36.089,TECH,219.09,499,109325.91,0.425,0,normal
TRD-104674,2026-09-30 13:30:39.356,PHARMA,156.22,249,38898.78,0.354,0,normal
TRD-104675,2026-09-30 13:30:40.279,TECH,219.06,190,41621.4,-0.233,0,normal
TRD-104676,2026-09-30 13:30:41.192,PHARMA,156.22,117,18277.74,-0.025,0,normal
TRD-104677,2026-09-30 13:30:42.344,TECH,219.08,208,45568.64,0.154,0,normal
TRD-104678,2026-09-30 13:30:56.828,TECH,219.06,192,42059.52,-0.151,0,normal
TRD-104679,2026-09-30 13:30:57.625,BANK,41.85,231,9667.35,-0.118,0,normal
TRD-104680,2026-09-30 13:31:03.609,AUTO,79.47,375,29801.25,0.249,0,normal
TRD-104681,2026-09-30 13:31:04.200,PHARMA,156.22,232,36243.04,0.022,0,normal
TRD-104682,2026-09-30 13:31:04.844,BANK,41.88,207,8669.16,0.149,0,normal
TRD-104683,2026-09-30 13:31:06.302,BANK,41.88,2794,117012.72,-2.234,1,multivariate_break
TRD-104684,2026-09-30 13:31:07.161,TECH,218.94,83,18172.02,-0.795,0,normal
TRD-104685,2026-09-30 13:31:07.869,TECH,218.96,43,9415.28,0.136,0,normal
TRD-104686,2026-09-30 13:31:14.892,TECH,218.99,181,39637.19,0.204,0,normal
TRD-104687,2026-09-30 13:31:15.506,PHARMA,156.28,807,126117.96,0.393,0,normal
TRD-104688,2026-09-30 13:31:27.440,TECH,218.98,179,39197.42,-0.026,0,normal
TRD-104689,2026-09-30 13:31:28.642,BANK,41.88,2969,124341.72,-2.585,1,multivariate_break
TRD-104690,2026-09-30 13:31:33.725,AUTO,79.5,159,12640.5,0.173,0,normal
TRD-104691,2026-09-30 13:31:36.074,TECH,219.05,89,19495.45,0.426,0,normal
TRD-104692,2026-09-30 13:31:36.913,PHARMA,156.29,67,10471.43,0.068,0,normal
TRD-104693,2026-09-30 13:31:38.232,BANK,41.85,296,12387.6,-0.152,0,normal
TRD-104694,2026-09-30 13:31:38.358,TECH,219.01,214,46868.14,-0.278,0,normal
TRD-104695,2026-09-30 13:31:38.390,AUTO,79.47,94,7470.18,-0.198,0,normal
TRD-104696,2026-09-30 13:31:48.031,BANK,41.89,218,9132.02,0.219,0,normal
TRD-104697,2026-09-30 13:31:49.702,ENERGY,58.81,176,10350.56,0.138,0,normal
TRD-104698,2026-09-30 13:31:51.102,PHARMA,156.37,68,10633.16,0.519,0,normal
TRD-104699,2026-09-30 13:31:53.495,TECH,219.05,95,20809.75,0.298,0,normal
TRD-104700,2026-09-30 13:31:55.243,AUTO,79.44,479,38051.76,-0.216,0,normal
TRD-104701,2026-09-30 13:31:59.086,AUTO,79.43,126,10008.18,-0.016,0,normal
TRD-104702,2026-09-30 13:32:03.455,TECH,219.04,151,33075.04,-0.039,0,normal
TRD-104703,2026-09-30 13:32:09.423,TECH,219.12,330,72309.6,0.504,0,normal
TRD-104704,2026-09-30 13:32:09.728,TECH,219.19,177,38796.63,0.47,0,normal
TRD-104705,2026-09-30 13:32:18.243,ENERGY,58.77,315,18512.55,-0.233,0,normal
TRD-104706,2026-09-30 13:32:19.136,ENERGY,58.74,136,7988.64,-0.194,0,normal
TRD-104707,2026-09-30 13:32:23.271,AUTO,79.42,238,18901.96,-0.072,0,normal
TRD-104708,2026-09-30 13:32:36.828,TECH,219.22,220,48228.4,0.162,0,normal
TRD-104709,2026-09-30 13:32:42.832,AUTO,79.46,192,15256.32,0.232,0,normal
TRD-104710,2026-09-30 13:32:44.479,ENERGY,58.68,307,18014.76,-0.441,0,normal
TRD-104711,2026-09-30 13:32:47.599,TECH,219.13,127,27829.51,-0.579,0,normal
TRD-104712,2026-09-30 13:32:47.655,BANK,41.86,361,15111.46,-0.154,0,normal
TRD-104713,2026-09-30 13:32:48.264,ENERGY,58.68,105,6161.4,-0.016,0,normal
TRD-104714,2026-09-30 13:32:49.554,ENERGY,58.59,175,10253.25,-0.561,0,normal
TRD-104715,2026-09-30 13:32:50.935,BANK,41.88,471,19725.48,0.146,0,normal
TRD-104716,2026-09-30 13:32:52.429,TECH,219.21,230,50418.3,0.535,0,normal
TRD-104717,2026-09-30 13:32:55.637,BANK,41.9,272,11396.8,0.09,0,normal
TRD-104718,2026-09-30 13:32:57.124,AUTO,79.51,362,28782.62,0.364,0,normal
TRD-104719,2026-09-30 13:32:57.418,ENERGY,58.56,291,17040.96,-0.214,0,normal
TRD-104720,2026-09-30 13:33:01.425,BANK,41.9,427,17891.3,0.005,0,normal
TRD-104721,2026-09-30 13:33:02.234,PHARMA,156.39,282,44101.98,0.154,0,normal
TRD-104722,2026-09-30 13:33:03.122,BANK,41.92,164,6874.88,0.121,0,normal
TRD-104723,2026-09-30 13:33:05.176,BANK,41.93,521,21845.53,0.076,0,normal
TRD-104724,2026-09-30 13:33:07.081,TECH,219.21,511,112016.31,-0.018,0,normal
TRD-104725,2026-09-30 13:33:07.699,BANK,41.94,313,13127.22,0.108,0,normal
TRD-104726,2026-09-30 13:33:10.024,BANK,41.93,168,7044.24,-0.111,0,normal
TRD-104727,2026-09-30 13:33:11.905,TECH,219.14,195,42732.3,-0.406,0,normal
TRD-104728,2026-09-30 13:33:13.381,ENERGY,58.58,93,5447.94,0.124,0,normal
TRD-104729,2026-09-30 13:33:15.588,TECH,219.14,223,48868.22,-0.013,0,normal
TRD-104730,2026-09-30 13:33:18.308,ENERGY,58.61,339,19868.79,0.191,0,normal
TRD-104731,2026-09-30 13:33:19.162,ENERGY,58.62,138,8089.56,0.074,0,normal
TRD-104732,2026-09-30 13:33:21.564,TECH,219.07,84,18401.88,-0.499,0,normal
TRD-104733,2026-09-30 13:33:25.084,TECH,219.06,115,25191.9,-0.082,0,normal
TRD-104734,2026-09-30 13:33:27.169,PHARMA,156.48,294,46005.12,0.55,0,normal
TRD-104735,2026-09-30 13:33:35.968,BANK,41.93,373,15639.89,0.04,0,normal
TRD-104736,2026-09-30 13:33:37.127,AUTO,79.51,145,11528.95,-0.002,0,normal
TRD-104737,2026-09-30 13:33:39.942,PHARMA,156.53,62,9704.86,0.397,0,normal
TRD-104738,2026-09-30 13:33:42.053,TECH,219.0,98,21462.0,-0.373,0,normal
TRD-104739,2026-09-30 13:33:47.142,BANK,41.92,621,26032.32,-0.062,0,normal
TRD-104740,2026-09-30 13:33:52.725,ENERGY,58.6,252,14767.2,-0.145,0,normal
TRD-104741,2026-09-30 13:33:55.142,TECH,218.97,94,20583.18,-0.199,0,normal
TRD-104742,2026-09-30 13:34:00.207,TECH,219.06,84,18401.04,0.62,0,normal
TRD-104743,2026-09-30 13:34:00.228,AUTO,79.52,547,43497.44,0.028,0,normal
TRD-104744,2026-09-30 13:34:00.956,BANK,41.95,582,24414.9,0.172,0,normal
TRD-104745,2026-09-30 13:34:04.683,BANK,41.93,214,8973.02,-0.144,0,normal
TRD-104746,2026-09-30 13:34:05.122,AUTO,79.53,67,5328.51,0.123,0,normal
TRD-104747,2026-09-30 13:34:05.858,BANK,41.96,905,37973.8,0.217,0,normal
TRD-104748,2026-09-30 13:34:09.680,BANK,41.98,288,12090.24,0.16,0,normal
TRD-104749,2026-09-30 13:34:13.555,TECH,219.13,259,56754.67,0.421,0,normal
TRD-104750,2026-09-30 13:34:13.883,AUTO,79.55,223,17739.65,0.104,0,normal
TRD-104751,2026-09-30 13:34:14.467,TECH,219.1,117,25634.7,-0.167,0,normal
TRD-104752,2026-09-30 13:34:22.264,AUTO,79.58,188,14961.04,0.221,0,normal
TRD-104753,2026-09-30 13:34:26.028,TECH,219.08,164,35929.12,-0.134,0,normal
TRD-104754,2026-09-30 13:34:27.181,TECH,219.12,178,39003.36,0.236,0,normal
TRD-104755,2026-09-30 13:34:27.889,BANK,41.97,1000,41970.0,-0.119,0,normal
TRD-104756,2026-09-30 13:34:39.497,TECH,219.08,180,39434.4,-0.263,0,normal
TRD-104757,2026-09-30 13:34:43.627,PHARMA,156.51,340,53213.4,-0.184,0,normal
TRD-104758,2026-09-30 13:34:44.859,AUTO,79.59,154,12256.86,0.068,0,normal
TRD-104759,2026-09-30 13:34:47.451,ENERGY,58.58,317,18569.86,-0.141,0,normal
TRD-104760,2026-09-30 13:34:48.368,TECH,219.1,182,39876.2,0.179,0,normal
TRD-104761,2026-09-30 13:34:52.869,PHARMA,156.56,114,17847.84,0.343,0,normal
TRD-104762,2026-09-30 13:34:54.234,PHARMA,156.59,119,18634.21,0.205,0,normal
TRD-104763,2026-09-30 13:34:55.912,TECH,219.05,131,28695.55,-0.386,0,normal
TRD-104764,2026-09-30 13:35:00.034,BANK,41.97,683,28665.51,0.012,0,normal
TRD-104765,2026-09-30 13:35:03.322,TECH,219.07,75,16430.25,0.141,0,normal
TRD-104766,2026-09-30 13:35:05.179,AUTO,79.57,237,18858.09,-0.153,0,normal
TRD-104767,2026-09-30 13:35:06.991,ENERGY,58.58,326,19097.08,0.006,0,normal
TRD-104768,2026-09-30 13:35:12.375,AUTO,79.57,2777,220965.89,2.744,1,multivariate_break
TRD-104769,2026-09-30 13:35:17.262,ENERGY,58.6,84,4922.4,0.135,0,normal
TRD-104770,2026-09-30 13:35:23.729,ENERGY,58.62,168,9848.16,0.15,0,normal
TRD-104771,2026-09-30 13:35:27.928,AUTO,79.63,115,9157.45,0.377,0,normal
TRD-104772,2026-09-30 13:35:31.650,BANK,41.97,695,29169.15,-0.008,0,normal
TRD-104773,2026-09-30 13:35:34.596,PHARMA,156.68,171,26792.28,0.596,0,normal
TRD-104774,2026-09-30 13:35:37.803,PHARMA,156.7,110,17237.0,0.126,0,normal
TRD-104775,2026-09-30 13:35:42.437,TECH,219.08,336,73610.88,0.113,0,normal
TRD-104776,2026-09-30 13:35:44.179,PHARMA,156.71,91,14260.61,0.08,0,normal
TRD-104777,2026-09-30 13:35:47.784,BANK,41.97,331,13892.07,-0.013,0,normal
TRD-104778,2026-09-30 13:35:56.865,AUTO,79.64,308,24529.12,0.114,0,normal
TRD-104779,2026-09-30 13:36:00.027,TECH,219.09,128,28043.52,0.024,0,normal
TRD-104780,2026-09-30 13:36:03.569,PHARMA,156.66,78,12219.48,-0.355,0,normal
TRD-104781,2026-09-30 13:36:08.643,TECH,219.15,379,83057.85,0.4,0,normal
TRD-104782,2026-09-30 13:36:12.596,TECH,219.25,144,31572.0,0.713,0,normal
TRD-104783,2026-09-30 13:36:14.182,BANK,41.98,473,19856.54,0.12,0,normal
TRD-104784,2026-09-30 13:36:14.197,AUTO,79.67,265,21112.55,0.207,0,normal
TRD-104785,2026-09-30 13:36:15.202,PHARMA,156.61,128,20046.08,-0.323,0,normal
TRD-104786,2026-09-30 13:36:16.135,ENERGY,58.67,257,15078.19,0.352,0,normal
TRD-104787,2026-09-30 13:36:18.138,BANK,41.98,512,21493.76,-0.008,0,normal
TRD-104788,2026-09-30 13:36:18.509,AUTO,79.7,270,21519.0,0.151,0,normal
TRD-104789,2026-09-30 13:36:22.304,AUTO,76.01,5,380.05,-3.683,1,liquidity_vacuum
TRD-104790,2026-09-30 13:36:24.436,BANK,42.01,365,15333.65,0.167,0,normal
TRD-104791,2026-09-30 13:36:24.990,AUTO,79.72,142,11320.24,0.118,0,normal
TRD-104792,2026-09-30 13:36:34.984,AUTO,79.77,338,26962.26,0.356,0,normal
TRD-104793,2026-09-30 13:36:35.402,AUTO,79.83,154,12293.82,0.424,0,normal
TRD-104794,2026-09-30 13:36:35.956,ENERGY,58.67,85,4986.95,-0.004,0,normal
TRD-104795,2026-09-30 13:36:37.956,BANK,42.0,315,13230.0,-0.079,0,normal
TRD-104796,2026-09-30 13:36:38.072,BANK,42.0,221,9282.0,0.06,0,normal
TRD-104797,2026-09-30 13:36:43.352,AUTO,79.85,82,6547.7,0.094,0,normal
TRD-104798,2026-09-30 13:36:45.457,ENERGY,58.69,201,11796.69,0.142,0,normal
TRD-104799,2026-09-30 13:36:54.574,ENERGY,58.68,291,17075.88,-0.052,0,normal
TRD-104800,2026-09-30 13:36:55.742,AUTO,79.82,177,14128.14,-0.155,0,normal
TRD-104801,2026-09-30 13:36:56.380,TECH,219.23,160,35076.8,-0.145,0,normal
TRD-104802,2026-09-30 13:36:58.492,TECH,219.23,200,43846.0,-0.029,0,normal
TRD-104803,2026-09-30 13:37:01.579,TECH,219.23,2133,467617.59,-2.24,1,multivariate_break
TRD-104804,2026-09-30 13:37:01.647,TECH,219.2,82,17974.4,-0.204,0,normal
TRD-104805,2026-09-30 13:37:03.390,TECH,219.25,240,52620.0,0.349,0,normal
TRD-104806,2026-09-30 13:37:04.595,AUTO,79.77,156,12444.12,-0.335,0,normal
TRD-104807,2026-09-30 13:37:08.851,BANK,42.04,220,9248.8,0.219,0,normal
TRD-104808,2026-09-30 13:37:10.528,PHARMA,156.58,94,14718.52,-0.158,0,normal
TRD-104809,2026-09-30 13:37:13.013,AUTO,79.76,179,14277.04,-0.06,0,normal
TRD-104810,2026-09-30 13:37:15.733,PHARMA,156.57,97,15187.29,-0.065,0,normal
TRD-104811,2026-09-30 13:37:18.034,ENERGY,58.67,303,17777.01,-0.08,0,normal
TRD-104812,2026-09-30 13:37:18.926,TECH,219.3,271,59430.3,0.301,0,normal
TRD-104813,2026-09-30 13:37:24.110,PHARMA,156.59,106,16598.54,0.12,0,normal
TRD-104814,2026-09-30 13:37:29.228,BANK,42.03,540,22696.2,-0.021,0,normal
TRD-104815,2026-09-30 13:37:31.307,BANK,42.03,227,9540.81,-0.045,0,normal
TRD-104816,2026-09-30 13:37:33.012,BANK,42.03,292,12272.76,-0.005,0,normal
TRD-104817,2026-09-30 13:37:36.815,BANK,42.02,369,15505.38,-0.016,0,normal
TRD-104818,2026-09-30 13:37:41.191,ENERGY,58.64,311,18237.04,-0.243,0,normal
TRD-104819,2026-09-30 13:37:46.566,TECH,219.27,258,56571.66,-0.168,0,normal
TRD-104820,2026-09-30 13:37:48.695,TECH,219.21,71,15563.91,-0.416,0,normal
TRD-104821,2026-09-30 13:37:54.100,BANK,42.02,599,25169.98,-0.032,0,normal
TRD-104822,2026-09-30 13:38:01.003,PHARMA,156.63,211,33048.93,0.257,0,normal
TRD-104823,2026-09-30 13:38:01.340,BANK,42.03,347,14584.41,0.061,0,normal
TRD-104824,2026-09-30 13:38:04.647,TECH,219.27,69,15129.63,0.432,0,normal
TRD-104825,2026-09-30 13:38:04.871,AUTO,79.76,590,47058.4,-0.039,0,normal
TRD-104826,2026-09-30 13:38:06.550,TECH,219.16,175,38353.0,-0.736,0,normal
TRD-104827,2026-09-30 13:38:09.217,AUTO,79.75,113,9011.75,-0.08,0,normal
TRD-104828,2026-09-30 13:38:11.158,PHARMA,156.64,103,16133.92,0.055,0,normal
TRD-104829,2026-09-30 13:38:11.792,TECH,219.18,98,21479.64,0.118,0,normal
TRD-104830,2026-09-30 13:38:12.003,BANK,42.05,376,15810.8,0.123,0,normal
TRD-104831,2026-09-30 13:38:12.467,ENERGY,58.65,324,19002.6,0.066,0,normal
TRD-104832,2026-09-30 13:38:18.070,BANK,42.08,299,12581.92,0.201,0,normal
TRD-104833,2026-09-30 13:38:23.514,BANK,42.07,314,13209.98,-0.07,0,normal
TRD-104834,2026-09-30 13:38:30.514,TECH,219.25,240,52620.0,0.48,0,normal
TRD-104835,2026-09-30 13:38:32.870,TECH,219.37,198,43435.26,0.755,0,normal
TRD-104836,2026-09-30 13:38:35.218,BANK,42.05,103,4331.15,-0.109,0,normal
TRD-104837,2026-09-30 13:38:35.267,ENERGY,58.6,302,17697.2,-0.293,0,normal
TRD-104838,2026-09-30 13:38:35.859,BANK,42.05,264,11101.2,-0.016,0,normal
TRD-104839,2026-09-30 13:38:38.844,TECH,219.36,170,37291.2,-0.011,0,normal
TRD-104840,2026-09-30 13:38:41.904,ENERGY,58.61,277,16234.97,0.058,0,normal
TRD-104841,2026-09-30 13:38:43.914,BANK,42.04,166,6978.64,-0.019,0,normal
TRD-104842,2026-09-30 13:38:52.473,BANK,42.07,200,8414.0,0.163,0,normal
TRD-104843,2026-09-30 13:38:54.451,TECH,219.37,1500,329055.0,0.017,0,normal
TRD-104844,2026-09-30 13:39:01.507,ENERGY,58.62,272,15944.64,0.053,0,normal
TRD-104845,2026-09-30 13:39:11.734,TECH,219.31,284,62284.04,-0.381,0,normal
TRD-104846,2026-09-30 13:39:15.123,PHARMA,156.63,320,50121.6,-0.075,0,normal
TRD-104847,2026-09-30 13:39:15.406,ENERGY,58.59,183,10721.97,-0.182,0,normal
TRD-104848,2026-09-30 13:39:17.322,AUTO,79.77,202,16113.54,0.139,0,normal
TRD-104849,2026-09-30 13:39:18.751,TECH,219.33,294,64483.02,0.164,0,normal
TRD-104850,2026-09-30 13:39:21.370,ENERGY,58.58,73,4276.34,-0.085,0,normal
TRD-104851,2026-09-30 13:39:21.642,ENERGY,58.53,424,24816.72,-0.333,0,normal
TRD-104852,2026-09-30 13:39:46.466,BANK,42.09,435,18309.15,0.137,0,normal
TRD-104853,2026-09-30 13:39:47.139,BANK,42.09,493,20750.37,0.009,0,normal
TRD-104854,2026-09-30 13:39:50.395,BANK,42.09,234,9849.06,-0.026,0,normal
TRD-104855,2026-09-30 13:39:55.335,AUTO,79.79,271,21623.09,0.14,0,normal
TRD-104856,2026-09-30 13:39:56.469,PHARMA,156.64,99,15507.36,0.061,0,normal
TRD-104857,2026-09-30 13:39:58.593,AUTO,80.12,12342,988841.04,0.11,1,volume_spike
TRD-104858,2026-09-30 13:39:58.746,BANK,42.07,632,26588.24,-0.136,0,normal
TRD-104859,2026-09-30 13:40:01.414,BANK,42.05,770,32378.5,-0.099,0,normal
TRD-104860,2026-09-30 13:40:02.854,ENERGY,58.48,342,20000.16,-0.316,0,normal
TRD-104861,2026-09-30 13:40:11.204,PHARMA,156.56,61,9550.16,-0.535,0,normal
TRD-104862,2026-09-30 13:40:12.964,AUTO,79.78,521,41565.38,-0.029,0,normal
TRD-104863,2026-09-30 13:40:16.584,TECH,219.3,327,71711.1,-0.25,0,normal
TRD-104864,2026-09-30 13:40:18.576,TECH,219.26,205,44948.3,-0.258,0,normal
TRD-104865,2026-09-30 13:40:22.133,PHARMA,156.56,156,24423.36,0.034,0,normal
TRD-104866,2026-09-30 13:40:23.540,TECH,219.26,3040,666550.4,2.451,1,multivariate_break
TRD-104867,2026-09-30 13:40:25.379,TECH,219.15,194,42515.1,-0.719,0,normal
TRD-104868,2026-09-30 13:40:30.417,BANK,42.03,441,18535.23,-0.126,0,normal
TRD-104869,2026-09-30 13:40:32.611,ENERGY,58.51,218,12755.18,0.201,0,normal
TRD-104870,2026-09-30 13:40:36.025,BANK,42.03,412,17316.36,0.006,0,normal
TRD-104871,2026-09-30 13:40:40.991,PHARMA,156.62,193,30227.66,0.372,0,normal
TRD-104872,2026-09-30 13:40:41.404,AUTO,79.79,177,14122.83,0.035,0,normal
TRD-104873,2026-09-30 13:40:41.674,TECH,219.13,124,27172.12,-0.147,0,normal
TRD-104874,2026-09-30 13:40:43.436,AUTO,79.78,128,10211.84,-0.072,0,normal
TRD-104875,2026-09-30 13:40:52.944,ENERGY,58.44,163,9525.72,-0.495,0,normal
TRD-104876,2026-09-30 13:40:54.851,AUTO,79.76,96,7656.96,-0.124,0,normal
TRD-104877,2026-09-30 13:40:56.237,BANK,42.03,818,34380.54,-0.043,0,normal
TRD-104878,2026-09-30 13:40:59.718,BANK,42.03,258,10843.74,0.043,0,normal
TRD-104879,2026-09-30 13:41:07.359,AUTO,79.78,401,31991.78,0.156,0,normal
TRD-104880,2026-09-30 13:41:07.446,TECH,219.16,203,44489.48,0.197,0,normal
TRD-104881,2026-09-30 13:41:08.583,PHARMA,156.63,255,39940.65,0.101,0,normal
TRD-104882,2026-09-30 13:41:09.589,TECH,219.15,167,36598.05,-0.054,0,normal
TRD-104883,2026-09-30 13:41:13.091,TECH,219.11,275,60255.25,-0.281,0,normal
TRD-104884,2026-09-30 13:41:14.584,TECH,219.08,46,10077.68,-0.146,0,normal
TRD-104885,2026-09-30 13:41:27.038,TECH,219.05,205,44905.25,-0.199,0,normal
TRD-104886,2026-09-30 13:41:27.307,AUTO,79.77,176,14039.52,-0.069,0,normal
TRD-104887,2026-09-30 13:41:29.082,BANK,42.01,183,7687.83,-0.159,0,normal
TRD-104888,2026-09-30 13:41:36.511,ENERGY,58.46,288,16836.48,0.141,0,normal
TRD-104889,2026-09-30 13:41:37.043,TECH,219.03,230,50376.9,-0.155,0,normal
TRD-104890,2026-09-30 13:41:38.114,TECH,219.06,157,34392.42,0.185,0,normal
TRD-104891,2026-09-30 13:41:38.560,TECH,219.06,281,61555.86,-0.003,0,normal
TRD-104892,2026-09-30 13:41:44.051,ENERGY,58.45,241,14086.45,-0.033,0,normal
TRD-104893,2026-09-30 13:41:45.503,BANK,41.99,630,26453.7,-0.117,0,normal
TRD-104894,2026-09-30 13:41:46.389,ENERGY,58.45,129,7540.05,0.011,0,normal
TRD-104895,2026-09-30 13:41:47.100,TECH,219.01,111,24310.11,-0.358,0,normal
TRD-104896,2026-09-30 13:41:49.966,ENERGY,58.47,149,8712.03,0.133,0,normal
TRD-104897,2026-09-30 13:41:51.973,ENERGY,58.41,199,11623.59,-0.397,0,normal
TRD-104898,2026-09-30 13:41:52.243,TECH,218.99,178,38980.22,-0.086,0,normal
TRD-104899,2026-09-30 13:41:54.463,BANK,42.0,365,15330.0,0.061,0,normal
TRD-104900,2026-09-30 13:41:54.712,ENERGY,58.43,239,13964.77,0.075,0,normal
TRD-104901,2026-09-30 13:41:57.498,TECH,218.88,173,37866.24,-0.777,0,normal
TRD-104902,2026-09-30 13:42:03.652,BANK,41.98,246,10327.08,-0.133,0,normal
TRD-104903,2026-09-30 13:42:05.932,AUTO,79.73,815,64979.95,-0.285,0,normal
TRD-104904,2026-09-30 13:42:07.134,TECH,218.85,234,51210.9,-0.184,0,normal
TRD-104905,2026-09-30 13:42:27.805,TECH,218.78,446,97575.88,-0.476,0,normal
TRD-104906,2026-09-30 13:42:30.908,TECH,218.84,125,27355.0,0.431,0,normal
TRD-104907,2026-09-30 13:42:31.963,AUTO,79.7,166,13230.2,-0.229,0,normal
TRD-104908,2026-09-30 13:42:36.649,AUTO,79.7,343,27337.1,0.061,0,normal
TRD-104909,2026-09-30 13:42:38.928,ENERGY,58.49,220,12867.8,0.452,0,normal
TRD-104910,2026-09-30 13:42:43.909,PHARMA,156.64,172,26942.08,0.057,0,normal
TRD-104911,2026-09-30 13:42:45.589,BANK,41.99,539,22632.61,0.028,0,normal
TRD-104912,2026-09-30 13:42:48.663,PHARMA,156.65,135,21147.75,0.03,0,normal
TRD-104913,2026-09-30 13:42:49.212,ENERGY,58.51,114,6670.14,0.125,0,normal
TRD-104914,2026-09-30 13:42:50.162,ENERGY,58.49,83,4854.67,-0.179,0,normal
TRD-104915,2026-09-30 13:42:50.641,AUTO,79.69,222,17691.18,-0.114,0,normal
TRD-104916,2026-09-30 13:42:54.070,TECH,218.83,139,30417.37,-0.097,0,normal
TRD-104917,2026-09-30 13:42:55.012,TECH,218.85,429,93886.65,0.166,0,normal
TRD-104918,2026-09-30 13:42:58.151,ENERGY,58.49,130,7603.7,-0.007,0,normal
TRD-104919,2026-09-30 13:42:59.181,BANK,41.99,537,22548.63,0.056,0,normal
TRD-104920,2026-09-30 13:43:00.682,ENERGY,58.53,218,12759.54,0.323,0,normal
TRD-104921,2026-09-30 13:43:01.110,BANK,41.98,361,15154.78,-0.078,0,normal
TRD-104922,2026-09-30 13:43:10.202,AUTO,79.71,179,14268.09,0.175,0,normal
TRD-104923,2026-09-30 13:43:11.521,PHARMA,156.63,220,34458.6,-0.088,0,normal
TRD-104924,2026-09-30 13:43:14.142,TECH,218.84,620,135680.8,-0.067,0,normal
TRD-104925,2026-09-30 13:43:15.464,TECH,218.88,501,109658.88,0.231,0,normal
TRD-104926,2026-09-30 13:43:18.508,ENERGY,58.58,572,33507.76,0.324,0,normal
TRD-104927,2026-09-30 13:43:19.610,BANK,41.99,340,14276.6,0.073,0,normal
TRD-104928,2026-09-30 13:43:21.409,TECH,218.98,123,26934.54,0.697,0,normal
TRD-104929,2026-09-30 13:43:21.731,BANK,41.98,201,8437.98,-0.119,0,normal
TRD-104930,2026-09-30 13:43:25.040,TECH,219.03,147,32197.41,0.3,0,normal
TRD-104931,2026-09-30 13:43:26.815,BANK,41.96,164,6881.44,-0.073,0,normal
TRD-104932,2026-09-30 13:43:29.155,TECH,219.02,286,62639.72,-0.067,0,normal
TRD-104933,2026-09-30 13:43:34.379,PHARMA,156.67,124,19427.08,0.281,0,normal
TRD-104934,2026-09-30 13:43:34.705,TECH,218.93,295,64584.35,-0.558,0,normal
TRD-104935,2026-09-30 13:43:35.968,BANK,41.95,518,21730.1,-0.068,0,normal
TRD-104936,2026-09-30 13:43:37.621,TECH,218.93,351,76844.43,-0.009,0,normal
TRD-104937,2026-09-30 13:43:46.950,ENERGY,58.53,80,4682.4,-0.334,0,normal
TRD-104938,2026-09-30 13:43:48.446,TECH,218.93,202,44223.86,-0.015,0,normal
TRD-104939,2026-09-30 13:43:49.374,ENERGY,58.49,57,3333.93,-0.304,0,normal
TRD-104940,2026-09-30 13:43:50.530,ENERGY,58.47,143,8361.21,-0.13,0,normal
TRD-104941,2026-09-30 13:43:52.738,TECH,218.9,356,77928.4,-0.192,0,normal
TRD-104942,2026-09-30 13:43:52.779,BANK,41.97,165,6925.05,0.08,0,normal
TRD-104943,2026-09-30 13:43:56.853,ENERGY,58.47,140,8185.8,0.045,0,normal
TRD-104944,2026-09-30 13:43:58.851,TECH,218.81,198,43324.38,-0.589,0,normal
TRD-104945,2026-09-30 13:44:03.237,TECH,218.85,174,38079.9,0.274,0,normal
TRD-104946,2026-09-30 13:44:08.370,AUTO,79.72,290,23118.8,0.037,0,normal
TRD-104947,2026-09-30 13:44:09.003,TECH,218.88,156,34145.28,0.154,0,normal
TRD-104948,2026-09-30 13:44:15.893,AUTO,79.69,102,8128.38,-0.189,0,normal
TRD-104949,2026-09-30 13:44:22.047,BANK,41.96,144,6042.24,-0.044,0,normal
TRD-104950,2026-09-30 13:44:23.378,AUTO,79.68,193,15378.24,-0.104,0,normal
TRD-104951,2026-09-30 13:44:23.624,AUTO,79.74,88,7017.12,0.454,0,normal
TRD-104952,2026-09-30 13:44:33.838,BANK,44.59,1,44.59,2.628,1,liquidity_vacuum
TRD-104953,2026-09-30 13:44:34.258,ENERGY,58.44,87,5084.28,-0.253,0,normal
TRD-104954,2026-09-30 13:44:44.009,BANK,41.93,356,14927.08,-0.175,0,normal
TRD-104955,2026-09-30 13:45:03.464,AUTO,79.72,279,22241.88,-0.161,0,normal
TRD-104956,2026-09-30 13:45:06.706,BANK,41.91,441,18482.31,-0.145,0,normal
TRD-104957,2026-09-30 13:45:07.685,PHARMA,156.63,156,24434.28,-0.286,0,normal
TRD-104958,2026-09-30 13:45:09.117,BANK,41.91,347,14542.77,-0.033,0,normal
TRD-104959,2026-09-30 13:45:10.445,TECH,218.88,124,27141.12,0.02,0,normal
TRD-104960,2026-09-30 13:45:11.602,BANK,41.91,589,24684.99,0.017,0,normal
TRD-104961,2026-09-30 13:45:15.562,ENERGY,58.44,589,34421.16,0.053,0,normal
TRD-104962,2026-09-30 13:45:18.826,ENERGY,52.63,219,11525.97,-5.813,1,price_shock
TRD-104963,2026-09-30 13:45:24.826,ENERGY,52.55,354,18602.7,-0.504,0,normal
TRD-104964,2026-09-30 13:45:31.064,TECH,218.79,176,38507.04,-0.587,0,normal
TRD-104965,2026-09-30 13:45:32.662,PHARMA,156.62,159,24902.58,-0.075,0,normal
TRD-104966,2026-09-30 13:45:37.201,TECH,218.76,155,33907.8,-0.176,0,normal
TRD-104967,2026-09-30 13:45:38.933,PHARMA,156.66,336,52637.76,0.267,0,normal
TRD-104968,2026-09-30 13:45:46.205,PHARMA,156.68,255,39953.4,0.113,0,normal
TRD-104969,2026-09-30 13:45:54.187,TECH,218.87,103,22543.61,0.676,0,normal
TRD-104970,2026-09-30 13:45:59.984,AUTO,79.73,281,22404.13,0.089,0,normal
TRD-104971,2026-09-30 13:46:01.599,AUTO,79.73,198,15786.54,-0.01,0,normal
TRD-104972,2026-09-30 13:46:03.567,TECH,211.66,101,21377.66,-7.204,1,price_shock
TRD-104973,2026-09-30 13:46:05.167,TECH,211.73,152,32182.96,0.489,0,normal
TRD-104974,2026-09-30 13:46:07.469,TECH,211.71,320,67747.2,-0.122,0,normal
TRD-104975,2026-09-30 13:46:07.637,TECH,211.75,188,39809.0,0.207,0,normal
TRD-104976,2026-09-30 13:46:08.091,AUTO,79.76,300,23928.0,0.191,0,normal
TRD-104977,2026-09-30 13:46:08.654,ENERGY,52.56,174,9145.44,0.035,0,normal
TRD-104978,2026-09-30 13:46:12.750,PHARMA,156.71,211,33065.81,0.238,0,normal
TRD-104979,2026-09-30 13:46:14.513,BANK,41.91,1884,78958.44,-2.489,1,multivariate_break
TRD-104980,2026-09-30 13:46:22.071,PHARMA,156.7,236,36981.2,-0.085,0,normal
TRD-104981,2026-09-30 13:46:28.141,TECH,211.7,596,126173.2,-0.283,0,normal
TRD-104982,2026-09-30 13:46:33.580,PHARMA,156.73,158,24763.34,0.221,0,normal
TRD-104983,2026-09-30 13:46:36.027,TECH,211.73,258,54626.34,0.18,0,normal
TRD-104984,2026-09-30 13:46:39.591,AUTO,79.8,157,12528.6,0.239,0,normal
TRD-104985,2026-09-30 13:46:40.939,BANK,41.92,918,38482.56,0.051,0,normal
TRD-104986,2026-09-30 13:46:44.394,TECH,211.72,130,27523.6,-0.063,0,normal
TRD-104987,2026-09-30 13:46:47.772,PHARMA,152.4,2,304.8,-4.338,1,liquidity_vacuum
TRD-104988,2026-09-30 13:46:49.848,AUTO,79.79,193,15399.47,-0.048,0,normal
TRD-104989,2026-09-30 13:46:52.675,BANK,41.93,554,23229.22,0.11,0,normal
TRD-104990,2026-09-30 13:46:53.430,TECH,211.71,114,24134.94,-0.083,0,normal
TRD-104991,2026-09-30 13:46:53.761,PHARMA,156.65,209,32739.85,-0.541,0,normal
TRD-104992,2026-09-30 13:46:53.992,BANK,41.93,191,8008.63,-0.01,0,normal
TRD-104993,2026-09-30 13:46:55.530,ENERGY,52.56,1816,95448.96,-2.034,1,multivariate_break
TRD-104994,2026-09-30 13:46:57.920,AUTO,79.79,224,17872.96,-0.012,0,normal
TRD-104995,2026-09-30 13:46:58.302,ENERGY,52.56,404,21234.24,-0.027,0,normal
TRD-104996,2026-09-30 13:46:58.820,AUTO,79.82,421,33604.22,0.196,0,normal
TRD-104997,2026-09-30 13:47:01.662,TECH,211.69,425,89968.25,-0.128,0,normal
TRD-104998,2026-09-30 13:47:08.881,AUTO,79.8,419,33436.2,-0.137,0,normal
TRD-104999,2026-09-30 13:47:10.497,ENERGY,52.48,117,6140.16,-0.517,0,normal
TRD-105000,2026-09-30 13:47:12.439,BANK,41.92,440,18444.8,-0.064,0,normal
TRD-105001,2026-09-30 13:47:12.551,TECH,211.74,79,16727.46,0.337,0,normal
TRD-105002,2026-09-30 13:47:16.752,AUTO,79.78,85,6781.3,-0.083,0,normal
TRD-105003,2026-09-30 13:47:23.626,TECH,211.74,125,26467.5,0.009,0,normal
TRD-105004,2026-09-30 13:47:28.618,BANK,41.93,362,15178.66,0.079,0,normal
TRD-105005,2026-09-30 13:47:31.083,TECH,211.84,150,31776.0,0.641,0,normal
TRD-105006,2026-09-30 13:47:34.991,AUTO,79.72,210,16741.2,-0.443,0,normal
TRD-105007,2026-09-30 13:47:47.733,TECH,211.91,76,16105.16,0.492,0,normal
TRD-105008,2026-09-30 13:47:55.418,TECH,211.93,401,84983.93,0.142,0,normal
TRD-105009,2026-09-30 13:47:56.072,TECH,211.96,180,38152.8,0.195,0,normal
TRD-105010,2026-09-30 13:47:58.309,TECH,211.95,83,17591.85,-0.083,0,normal
TRD-105011,2026-09-30 13:48:03.013,AUTO,79.74,263,20971.62,0.173,0,normal
TRD-105012,2026-09-30 13:48:03.412,BANK,41.93,646,27086.78,-0.05,0,normal
TRD-105013,2026-09-30 13:48:04.217,TECH,211.95,261,55318.95,-0.022,0,normal
TRD-105014,2026-09-30 13:48:05.598,PHARMA,156.72,183,28679.76,0.447,0,normal
TRD-105015,2026-09-30 13:48:06.929,TECH,212.04,177,37531.08,0.604,0,normal
TRD-105016,2026-09-30 13:48:07.037,ENERGY,52.47,105,5509.35,-0.068,0,normal
TRD-105017,2026-09-30 13:48:07.531,BANK,41.92,209,8761.28,-0.016,0,normal
TRD-105018,2026-09-30 13:48:08.496,ENERGY,52.45,75,3933.75,-0.149,0,normal
TRD-105019,2026-09-30 13:48:08.779,PHARMA,156.72,126,19746.72,0.023,0,normal
TRD-105020,2026-09-30 13:48:10.073,ENERGY,52.48,339,17790.72,0.199,0,normal
TRD-105021,2026-09-30 13:48:16.232,ENERGY,52.48,136,7137.28,0.014,0,normal
TRD-105022,2026-09-30 13:48:18.141,ENERGY,52.5,322,16905.0,0.147,0,normal
TRD-105023,2026-09-30 13:48:18.239,BANK,41.95,327,13717.65,0.196,0,normal
TRD-105024,2026-09-30 13:48:20.955,AUTO,79.76,305,24326.8,0.11,0,normal
TRD-105025,2026-09-30 13:48:23.021,TECH,212.0,110,23320.0,-0.271,0,normal
TRD-105026,2026-09-30 13:48:30.919,ENERGY,52.5,426,22365.0,-0.005,0,normal
TRD-105027,2026-09-30 13:48:34.836,AUTO,79.74,365,29105.1,-0.106,0,normal
TRD-105028,2026-09-30 13:48:35.304,TECH,212.04,176,37319.04,0.304,0,normal
TRD-105029,2026-09-30 13:48:37.622,ENERGY,52.48,181,9498.88,-0.146,0,normal
TRD-105030,2026-09-30 13:48:41.470,AUTO,79.76,375,29910.0,0.096,0,normal
TRD-105031,2026-09-30 13:48:45.674,BANK,41.94,233,9772.02,-0.109,0,normal
TRD-105032,2026-09-30 13:48:45.941,ENERGY,52.42,352,18451.84,-0.373,0,normal
TRD-105033,2026-09-30 13:48:46.452,TECH,212.06,88,18661.28,0.124,0,normal
TRD-105034,2026-09-30 13:48:46.774,TECH,212.05,196,41561.8,-0.046,0,normal
TRD-105035,2026-09-30 13:48:48.818,BANK,41.98,409,17169.82,0.298,0,normal
TRD-105036,2026-09-30 13:48:49.905,BANK,41.98,622,26111.56,-0.019,0,normal
TRD-105037,2026-09-30 13:48:51.384,AUTO,79.73,260,20729.8,-0.172,0,normal
TRD-105038,2026-09-30 13:48:52.678,AUTO,79.76,234,18663.84,0.186,0,normal
TRD-105039,2026-09-30 13:48:53.025,PHARMA,156.79,308,48291.32,0.452,0,normal
TRD-105040,2026-09-30 13:48:53.492,TECH,212.03,80,16962.4,-0.13,0,normal
TRD-105041,2026-09-30 13:48:57.886,TECH,211.93,381,80745.33,-0.67,0,normal
TRD-105042,2026-09-30 13:49:02.733,TECH,211.88,126,26696.88,-0.36,0,normal
TRD-105043,2026-09-30 13:49:14.897,BANK,41.99,205,8607.95,0.077,0,normal
TRD-105044,2026-09-30 13:49:18.934,TECH,211.91,207,43865.37,0.208,0,normal
TRD-105045,2026-09-30 13:49:20.646,TECH,211.88,121,25637.48,-0.192,0,normal
TRD-105046,2026-09-30 13:49:21.858,TECH,211.92,68,14410.56,0.246,0,normal
TRD-105047,2026-09-30 13:49:22.310,TECH,211.85,126,26693.1,-0.484,0,normal
TRD-105048,2026-09-30 13:49:25.614,AUTO,79.76,265,21136.4,0.002,0,normal
TRD-105049,2026-09-30 13:49:38.906,BANK,42.01,255,10712.55,0.149,0,normal
TRD-105050,2026-09-30 13:49:39.354,TECH,211.85,2993,634067.05,2.239,1,multivariate_break
TRD-105051,2026-09-30 13:49:43.163,PHARMA,156.8,217,34025.6,0.051,0,normal
TRD-105052,2026-09-30 13:49:53.418,TECH,211.8,348,73706.4,-0.278,0,normal
TRD-105053,2026-09-30 13:49:53.930,BANK,37.71,5,188.55,-4.299,1,liquidity_vacuum
TRD-105054,2026-09-30 13:49:55.235,ENERGY,52.46,152,7973.92,0.294,0,normal
TRD-105055,2026-09-30 13:49:56.614,TECH,211.8,3134,663781.2,1.827,1,multivariate_break
TRD-105056,2026-09-30 13:49:58.451,PHARMA,156.78,193,30258.54,-0.134,0,normal
TRD-105057,2026-09-30 13:50:00.444,ENERGY,52.51,193,10134.43,0.285,0,normal
TRD-105058,2026-09-30 13:50:00.987,TECH,211.86,258,54659.88,0.38,0,normal
TRD-105059,2026-09-30 13:50:04.228,TECH,211.93,240,50863.2,0.452,0,normal
TRD-105060,2026-09-30 13:50:04.623,BANK,42.01,356,14955.56,-0.02,0,normal
TRD-105061,2026-09-30 13:50:06.102,BANK,42.04,545,22911.8,0.218,0,normal
TRD-105062,2026-09-30 13:50:08.662,TECH,211.97,115,24376.55,0.278,0,normal
TRD-105063,2026-09-30 13:50:12.768,TECH,211.89,135,28605.15,-0.531,0,normal
TRD-105064,2026-09-30 13:50:17.523,AUTO,79.74,102,8133.48,-0.158,0,normal
TRD-105065,2026-09-30 13:50:20.667,PHARMA,156.76,257,40287.32,-0.149,0,normal
TRD-105066,2026-09-30 13:50:20.851,AUTO,79.71,339,27021.69,-0.156,0,normal
TRD-105067,2026-09-30 13:50:21.685,AUTO,79.7,190,15143.0,-0.104,0,normal
TRD-105068,2026-09-30 13:50:25.597,BANK,42.03,393,16517.79,-0.093,0,normal
TRD-105069,2026-09-30 13:50:26.629,BANK,42.07,405,17038.35,0.277,0,normal
TRD-105070,2026-09-30 13:50:28.109,TECH,211.98,90,19078.2,0.583,0,normal
TRD-105071,2026-09-30 13:50:29.327,PHARMA,156.78,91,14266.98,0.178,0,normal
TRD-105072,2026-09-30 13:50:33.192,TECH,211.98,84,17806.32,0.014,0,normal
TRD-105073,2026-09-30 13:50:36.179,AUTO,79.71,310,24710.1,0.085,0,normal
TRD-105074,2026-09-30 13:50:43.992,TECH,212.03,241,51099.23,0.329,0,normal
TRD-105075,2026-09-30 13:50:44.599,BANK,42.06,614,25824.84,-0.064,0,normal
TRD-105076,2026-09-30 13:50:46.251,AUTO,79.68,402,32031.36,-0.22,0,normal
TRD-105077,2026-09-30 13:50:48.826,PHARMA,156.84,107,16781.88,0.402,0,normal
TRD-105078,2026-09-30 13:50:51.710,ENERGY,52.43,291,15257.13,-0.497,0,normal
TRD-105079,2026-09-30 13:50:55.122,ENERGY,52.39,178,9325.42,-0.302,0,normal
TRD-105080,2026-09-30 13:50:55.852,BANK,42.03,166,6976.98,-0.193,0,normal
TRD-105081,2026-09-30 13:50:58.207,AUTO,79.66,117,9320.22,-0.084,0,normal
TRD-105082,2026-09-30 13:50:59.286,ENERGY,52.35,203,10627.05,-0.224,0,normal
TRD-105083,2026-09-30 13:50:59.725,PHARMA,156.85,315,49407.75,0.053,0,normal
TRD-105084,2026-09-30 13:51:00.878,BANK,42.03,364,15298.92,-0.009,0,normal
TRD-105085,2026-09-30 13:51:01.980,TECH,212.06,84,17813.04,0.172,0,normal
TRD-105086,2026-09-30 13:51:05.994,TECH,211.99,121,25650.79,-0.441,0,normal
TRD-105087,2026-09-30 13:51:08.903,PHARMA,156.88,115,18041.2,0.205,0,normal
TRD-105088,2026-09-30 13:51:16.911,TECH,212.02,107,22686.14,0.204,0,normal
TRD-105089,2026-09-30 13:51:28.163,TECH,211.96,175,37093.0,-0.386,0,normal
TRD-105090,2026-09-30 13:51:35.019,ENERGY,52.31,172,8997.32,-0.264,0,normal
TRD-105091,2026-09-30 13:51:35.136,ENERGY,52.32,121,6330.72,0.043,0,normal
TRD-105092,2026-09-30 13:51:35.901,AUTO,79.66,2365,188395.9,2.715,1,multivariate_break
TRD-105093,2026-09-30 13:51:41.703,BANK,42.03,86,3614.58,0.006,0,normal
TRD-105094,2026-09-30 13:51:43.579,TECH,212.06,144,30536.64,0.673,0,normal
TRD-105095,2026-09-30 13:51:45.084,BANK,42.01,167,7015.67,-0.157,0,normal
TRD-105096,2026-09-30 13:51:47.737,TECH,212.16,137,29065.92,0.651,0,normal
TRD-105097,2026-09-30 13:51:48.523,TECH,212.08,204,43264.32,-0.518,0,normal
TRD-105098,2026-09-30 13:51:52.612,ENERGY,52.28,113,5907.64,-0.282,0,normal
TRD-105099,2026-09-30 13:51:54.812,TECH,212.04,121,25656.84,-0.306,0,normal
TRD-105100,2026-09-30 13:51:57.796,BANK,42.01,192,8065.92,0.035,0,normal
TRD-105101,2026-09-30 13:51:57.987,TECH,212.01,281,59574.81,-0.185,0,normal
TRD-105102,2026-09-30 13:52:02.290,TECH,211.96,182,38576.72,-0.355,0,normal
TRD-105103,2026-09-30 13:52:06.192,TECH,211.99,57,12083.43,0.206,0,normal
TRD-105104,2026-09-30 13:52:07.971,BANK,42.0,844,35448.0,-0.081,0,normal
TRD-105105,2026-09-30 13:52:10.666,ENERGY,52.25,206,10763.5,-0.184,0,normal
TRD-105106,2026-09-30 13:52:13.781,TECH,211.94,171,36241.74,-0.332,0,normal
TRD-105107,2026-09-30 13:52:15.575,AUTO,74.93,2,149.86,-4.735,1,liquidity_vacuum
TRD-105108,2026-09-30 13:52:16.669,PHARMA,156.97,262,41126.14,0.6,0,normal
TRD-105109,2026-09-30 13:52:16.931,ENERGY,52.22,273,14256.06,-0.23,0,normal
TRD-105110,2026-09-30 13:52:18.889,BANK,41.96,471,19763.16,-0.259,0,normal
TRD-105111,2026-09-30 13:52:21.250,TECH,211.89,255,54031.95,-0.285,0,normal
TRD-105112,2026-09-30 13:52:22.691,TECH,211.85,136,28811.6,-0.28,0,normal
TRD-105113,2026-09-30 13:52:25.197,ENERGY,52.26,245,12803.7,0.281,0,normal
TRD-105114,2026-09-30 13:52:27.418,BANK,42.01,435,18274.35,0.285,0,normal
TRD-105115,2026-09-30 13:52:28.391,BANK,42.06,309,12996.54,0.368,0,normal
TRD-105116,2026-09-30 13:52:30.355,PHARMA,156.98,141,22134.18,0.025,0,normal
TRD-105117,2026-09-30 13:52:38.021,TECH,211.81,61,12920.41,-0.298,0,normal
TRD-105118,2026-09-30 13:52:38.318,BANK,42.07,152,6394.64,0.053,0,normal
TRD-105119,2026-09-30 13:52:42.470,TECH,211.81,196,41514.76,-0.009,0,normal
TRD-105120,2026-09-30 13:52:43.302,ENERGY,52.28,222,11606.16,0.14,0,normal
TRD-105121,2026-09-30 13:52:45.895,AUTO,79.72,374,29815.28,0.364,0,normal
TRD-105122,2026-09-30 13:52:47.830,ENERGY,52.27,261,13642.47,-0.071,0,normal
TRD-105123,2026-09-30 13:52:51.464,TECH,211.8,148,31346.4,-0.035,0,normal
TRD-105124,2026-09-30 13:52:52.066,ENERGY,52.27,131,6847.37,0.017,0,normal
TRD-105125,2026-09-30 13:52:54.648,AUTO,79.73,419,33406.87,0.058,0,normal
TRD-105126,2026-09-30 13:52:55.974,TECH,211.79,193,40875.47,-0.068,0,normal
TRD-105127,2026-09-30 13:52:58.469,TECH,211.8,225,47655.0,0.09,0,normal
TRD-105128,2026-09-30 13:53:09.999,BANK,42.06,1126,47359.56,-0.079,0,normal
TRD-105129,2026-09-30 13:53:12.500,TECH,211.85,277,58682.45,0.328,0,normal
TRD-105130,2026-09-30 13:53:20.401,PHARMA,157.06,206,32354.36,0.554,0,normal
TRD-105131,2026-09-30 13:53:25.671,BANK,42.04,136,5717.44,-0.1,0,normal
TRD-105132,2026-09-30 13:53:28.730,PHARMA,157.04,110,17274.4,-0.141,0,normal
TRD-105133,2026-09-30 13:53:30.511,AUTO,79.71,203,16181.13,-0.102,0,normal
TRD-105134,2026-09-30 13:53:34.256,ENERGY,52.24,97,5067.28,-0.207,0,normal
TRD-105135,2026-09-30 13:53:39.015,BANK,42.1,311,13093.1,0.41,0,normal
TRD-105136,2026-09-30 13:53:40.576,BANK,42.1,111,4673.1,0.007,0,normal
TRD-105137,2026-09-30 13:53:42.554,TECH,211.92,442,93668.64,0.417,0,normal
TRD-105138,2026-09-30 13:53:42.980,TECH,212.0,518,109816.0,0.531,0,normal
TRD-105139,2026-09-30 13:53:46.848,BANK,42.1,419,17639.9,0.003,0,normal
TRD-105140,2026-09-30 13:53:47.721,ENERGY,52.23,139,7259.97,-0.085,0,normal
TRD-105141,2026-09-30 13:53:49.349,TECH,211.9,281,59543.9,-0.636,0,normal
TRD-105142,2026-09-30 13:53:49.719,AUTO,79.69,260,20719.4,-0.17,0,normal
TRD-105143,2026-09-30 13:53:50.413,BANK,42.12,623,26240.76,0.113,0,normal
TRD-105144,2026-09-30 13:53:52.843,TECH,211.88,71,15043.48,-0.154,0,normal
TRD-105145,2026-09-30 13:53:57.589,TECH,211.88,186,39409.68,-0.008,0,normal
TRD-105146,2026-09-30 13:53:57.618,PHARMA,157.03,239,37530.17,-0.068,0,normal
TRD-105147,2026-09-30 13:53:58.811,TECH,211.84,269,56984.96,-0.256,0,normal
TRD-105148,2026-09-30 13:54:00.414,BANK,42.12,216,9097.92,-0.031,0,normal
TRD-105149,2026-09-30 13:54:02.684,TECH,211.89,91,19281.99,0.331,0,normal
TRD-105150,2026-09-30 13:54:03.994,PHARMA,157.02,63,9892.26,-0.051,0,normal
TRD-105151,2026-09-30 13:54:04.622,BANK,42.12,181,7623.72,0.05,0,normal
TRD-105152,2026-09-30 13:54:04.707,ENERGY,57.2,1,57.2,4.973,1,liquidity_vacuum
TRD-105153,2026-09-30 13:54:08.836,TECH,211.87,330,69917.1,-0.137,0,normal
TRD-105154,2026-09-30 13:54:10.999,AUTO,79.65,87,6929.55,-0.265,0,normal
TRD-105155,2026-09-30 13:54:12.050,TECH,211.87,2814,596202.18,-2.065,1,multivariate_break
TRD-105156,2026-09-30 13:54:14.239,AUTO,79.67,215,17129.05,0.171,0,normal
TRD-105157,2026-09-30 13:54:14.489,AUTO,79.68,120,9561.6,0.029,0,normal
TRD-105158,2026-09-30 13:54:14.571,TECH,211.82,60,12709.2,-0.322,0,normal
TRD-105159,2026-09-30 13:54:15.006,BANK,42.14,242,10197.88,0.109,0,normal
TRD-105160,2026-09-30 13:54:18.723,AUTO,79.72,95,7573.4,0.286,0,normal
TRD-105161,2026-09-30 13:54:20.828,TECH,211.88,131,27756.28,0.387,0,normal
TRD-105162,2026-09-30 13:54:25.577,BANK,42.14,564,23766.96,0.019,0,normal
TRD-105163,2026-09-30 13:54:36.899,PHARMA,157.02,193,30304.86,-0.009,0,normal
TRD-105164,2026-09-30 13:54:40.646,AUTO,79.71,301,23992.71,-0.095,0,normal
TRD-105165,2026-09-30 13:54:40.876,ENERGY,52.29,284,14850.36,0.393,0,normal
TRD-105166,2026-09-30 13:54:50.158,TECH,211.84,323,68424.32,-0.265,0,normal
TRD-105167,2026-09-30 13:54:50.994,ENERGY,52.22,208,10861.76,-0.446,0,normal
TRD-105168,2026-09-30 13:54:52.404,PHARMA,157.08,79,12409.32,0.395,0,normal
TRD-105169,2026-09-30 13:54:52.617,AUTO,79.7,225,17932.5,-0.021,0,normal
TRD-105170,2026-09-30 13:55:03.115,TECH,211.83,285,60371.55,-0.055,0,normal
TRD-105171,2026-09-30 13:55:03.416,PHARMA,166.56,303,50467.68,9.485,1,price_shock
TRD-105172,2026-09-30 13:55:03.746,ENERGY,48.94,5,244.7,-3.283,1,liquidity_vacuum
TRD-105173,2026-09-30 13:55:04.914,TECH,211.88,120,25425.6,0.354,0,normal
TRD-105174,2026-09-30 13:55:14.618,BANK,42.17,378,15940.26,0.152,0,normal
TRD-105175,2026-09-30 13:55:15.294,ENERGY,52.23,102,5327.46,0.045,0,normal
TRD-105176,2026-09-30 13:55:17.330,TECH,211.88,185,39197.8,0.017,0,normal
TRD-105177,2026-09-30 13:55:17.340,ENERGY,52.22,553,28877.66,-0.075,0,normal
TRD-105178,2026-09-30 13:55:17.866,BANK,42.15,320,13488.0,-0.079,0,normal
TRD-105179,2026-09-30 13:55:23.683,PHARMA,166.59,152,25321.68,0.211,0,normal
TRD-105180,2026-09-30 13:55:38.157,PHARMA,166.61,309,51482.49,0.09,0,normal
TRD-105181,2026-09-30 13:55:42.001,TECH,211.93,73,15470.89,0.336,0,normal
TRD-105182,2026-09-30 13:55:47.163,TECH,211.94,156,33062.64,0.035,0,normal
TRD-105183,2026-09-30 13:56:03.285,PHARMA,166.6,183,30487.8,-0.064,0,normal
TRD-105184,2026-09-30 13:56:10.774,PHARMA,166.64,275,45826.0,0.304,0,normal
TRD-105185,2026-09-30 13:56:11.259,TECH,211.99,315,66776.85,0.347,0,normal
TRD-105186,2026-09-30 13:56:11.447,AUTO,79.74,165,13157.1,0.224,0,normal
TRD-105187,2026-09-30 13:56:13.242,PHARMA,166.63,214,35658.82,-0.103,0,normal
TRD-105188,2026-09-30 13:56:14.504,BANK,42.18,204,8604.72,0.154,0,normal
TRD-105189,2026-09-30 13:56:22.358,ENERGY,52.17,290,15129.3,-0.27,0,normal
TRD-105190,2026-09-30 13:56:24.874,BANK,42.18,215,9068.7,0.026,0,normal
TRD-105191,2026-09-30 13:56:26.308,TECH,212.05,292,61918.6,0.381,0,normal
TRD-105192,2026-09-30 13:56:28.003,BANK,42.19,225,9492.75,0.026,0,normal
TRD-105193,2026-09-30 13:56:28.255,BANK,42.19,500,21095.0,0.002,0,normal
TRD-105194,2026-09-30 13:56:29.111,TECH,212.11,250,53027.5,0.434,0,normal
TRD-105195,2026-09-30 13:56:32.248,TECH,212.2,149,31617.8,0.573,0,normal
TRD-105196,2026-09-30 13:56:42.474,TECH,212.24,234,49664.16,0.257,0,normal
TRD-105197,2026-09-30 13:56:42.560,BANK,42.2,107,4515.4,0.122,0,normal
TRD-105198,2026-09-30 13:56:50.492,ENERGY,52.12,373,19440.76,-0.348,0,normal
TRD-105199,2026-09-30 13:56:51.052,BANK,42.21,833,35160.93,0.025,0,normal
TRD-105200,2026-09-30 13:56:52.953,TECH,212.25,165,35021.25,0.056,0,normal
TRD-105201,2026-09-30 13:56:55.787,PHARMA,166.58,67,11160.86,-0.305,0,normal
TRD-105202,2026-09-30 13:57:02.568,TECH,212.22,79,16765.38,-0.149,0,normal
TRD-105203,2026-09-30 13:57:02.709,TECH,212.24,499,105907.76,0.122,0,normal
TRD-105204,2026-09-30 13:57:12.142,ENERGY,52.1,247,12868.7,-0.16,0,normal
TRD-105205,2026-09-30 13:57:19.386,TECH,212.19,170,36072.3,-0.381,0,normal
TRD-105206,2026-09-30 13:57:22.227,PHARMA,166.67,198,33000.66,0.594,0,normal
TRD-105207,2026-09-30 13:57:25.678,ENERGY,52.12,195,10163.4,0.155,0,normal
TRD-105208,2026-09-30 13:57:32.966,TECH,212.18,134,28432.12,-0.072,0,normal
TRD-105209,2026-09-30 13:57:34.533,AUTO,79.76,358,28554.08,0.179,0,normal
TRD-105210,2026-09-30 13:57:40.056,TECH,212.16,250,53040.0,-0.12,0,normal
TRD-105211,2026-09-30 13:57:46.203,TECH,212.09,238,50477.42,-0.45,0,normal
TRD-105212,2026-09-30 13:57:48.279,BANK,42.18,266,11219.88,-0.171,0,normal
TRD-105213,2026-09-30 13:57:56.250,TECH,211.99,110,23318.9,-0.657,0,normal
TRD-105214,2026-09-30 13:58:01.283,BANK,42.17,467,19693.39,-0.089,0,normal
TRD-105215,2026-09-30 13:58:06.022,AUTO,79.79,306,24415.74,0.205,0,normal
TRD-105216,2026-09-30 13:58:12.695,ENERGY,52.12,189,9850.68,-0.026,0,normal
TRD-105217,2026-09-30 13:58:13.799,AUTO,79.77,364,29036.28,-0.163,0,normal
TRD-105218,2026-09-30 13:58:16.525,BANK,42.18,526,22186.68,0.087,0,normal
TRD-105219,2026-09-30 13:58:20.266,AUTO,79.76,210,16749.6,-0.065,0,normal
TRD-105220,2026-09-30 13:58:22.352,PHARMA,166.69,88,14668.72,0.115,0,normal
TRD-105221,2026-09-30 13:58:25.617,AUTO,79.78,259,20663.02,0.15,0,normal
TRD-105222,2026-09-30 13:58:28.616,BANK,42.2,232,9790.4,0.094,0,normal
TRD-105223,2026-09-30 13:58:28.677,BANK,42.22,329,13890.38,0.157,0,normal
TRD-105224,2026-09-30 13:58:33.980,TECH,211.93,259,54889.87,-0.375,0,normal
TRD-105225,2026-09-30 13:58:39.916,TECH,211.89,217,45980.13,-0.283,0,normal
TRD-105226,2026-09-30 13:58:44.651,ENERGY,52.06,118,6143.08,-0.363,0,normal
TRD-105227,2026-09-30 13:58:49.136,BANK,42.21,371,15659.91,-0.045,0,normal
TRD-105228,2026-09-30 13:58:49.863,PHARMA,166.68,213,35502.84,-0.026,0,normal
TRD-105229,2026-09-30 13:58:53.480,BANK,42.21,608,25663.68,-0.023,0,normal
TRD-105230,2026-09-30 13:58:54.925,ENERGY,52.06,153,7965.18,-0.003,0,normal
TRD-105231,2026-09-30 13:59:06.114,PHARMA,166.65,97,16165.05,-0.239,0,normal
TRD-105232,2026-09-30 13:59:07.097,AUTO,79.79,304,24256.16,0.046,0,normal
TRD-105233,2026-09-30 13:59:07.763,PHARMA,166.68,310,51670.8,0.239,0,normal
TRD-105234,2026-09-30 13:59:13.554,ENERGY,52.03,274,14256.22,-0.23,0,normal
TRD-105235,2026-09-30 13:59:15.238,ENERGY,52.0,297,15444.0,-0.161,0,normal
TRD-105236,2026-09-30 13:59:20.398,TECH,211.94,180,38149.2,0.349,0,normal
TRD-105237,2026-09-30 13:59:26.685,ENERGY,52.0,2220,115440.0,2.17,1,multivariate_break
TRD-105238,2026-09-30 13:59:27.943,BANK,42.2,198,8355.6,-0.043,0,normal
TRD-105239,2026-09-30 13:59:30.706,AUTO,79.83,222,17722.26,0.26,0,normal
TRD-105240,2026-09-30 13:59:35.171,AUTO,79.83,12904,1030126.32,-0.12,1,volume_spike
TRD-105241,2026-09-30 13:59:44.455,TECH,211.98,103,21833.94,0.236,0,normal
TRD-105242,2026-09-30 13:59:44.742,ENERGY,52.03,280,14568.4,0.143,0,normal
TRD-105243,2026-09-30 13:59:46.250,TECH,211.99,176,37310.24,0.065,0,normal
TRD-105244,2026-09-30 13:59:47.596,PHARMA,166.75,244,40687.0,0.44,0,normal
TRD-105245,2026-09-30 13:59:50.347,PHARMA,166.7,147,24504.9,-0.309,0,normal
TRD-105246,2026-09-30 13:59:51.100,AUTO,79.82,456,36397.92,-0.068,0,normal
TRD-105247,2026-09-30 13:59:53.063,TECH,211.97,179,37942.63,-0.109,0,normal
TRD-105248,2026-09-30 13:59:53.982,PHARMA,166.75,159,26513.25,0.353,0,normal
TRD-105249,2026-09-30 13:59:54.523,AUTO,79.83,139,11096.37,0.048,0,normal
TRD-105250,2026-09-30 13:59:56.575,PHARMA,166.73,74,12338.02,-0.156,0,normal
TRD-105251,2026-09-30 13:59:59.271,BANK,42.2,590,24898.0,0.001,0,normal
TRD-105252,2026-09-30 14:00:01.090,BANK,42.21,1023,43180.83,0.032,0,normal
TRD-105253,2026-09-30 14:00:01.198,PHARMA,166.67,159,26500.53,-0.429,0,normal
TRD-105254,2026-09-30 14:00:03.005,ENERGY,52.04,182,9471.28,0.087,0,normal
TRD-105255,2026-09-30 14:00:04.332,TECH,211.97,89,18865.33,-0.009,0,normal
TRD-105256,2026-09-30 14:00:05.258,TECH,211.97,133,28192.01,-0.002,0,normal
TRD-105257,2026-09-30 14:00:06.203,TECH,211.84,135,28598.4,-0.847,0,normal
TRD-105258,2026-09-30 14:00:07.447,TECH,211.93,254,53830.22,0.585,0,normal
TRD-105259,2026-09-30 14:00:13.355,AUTO,79.79,186,14840.94,-0.203,0,normal
TRD-105260,2026-09-30 14:00:14.068,BANK,48.52,142,6889.84,6.312,1,price_shock
TRD-105261,2026-09-30 14:00:14.333,TECH,211.87,101,21398.87,-0.397,0,normal
TRD-105262,2026-09-30 14:00:25.034,PHARMA,166.67,77,12833.59,0.04,0,normal
TRD-105263,2026-09-30 14:00:25.579,AUTO,79.78,207,16514.46,-0.094,0,normal
TRD-105264,2026-09-30 14:00:26.077,TECH,211.88,300,63564.0,0.019,0,normal
TRD-105265,2026-09-30 14:00:30.662,ENERGY,52.06,209,10880.54,0.166,0,normal
TRD-105266,2026-09-30 14:00:32.164,PHARMA,166.59,144,23988.96,-0.56,0,normal
TRD-105267,2026-09-30 14:00:36.402,AUTO,86.27,343,29590.61,6.49,1,price_shock
TRD-105268,2026-09-30 14:00:38.393,TECH,211.94,97,20558.18,0.437,0,normal
TRD-105269,2026-09-30 14:00:38.420,TECH,211.97,173,36670.81,0.18,0,normal
TRD-105270,2026-09-30 14:00:42.680,AUTO,86.29,522,45043.38,0.129,0,normal
TRD-105271,2026-09-30 14:00:43.123,TECH,211.88,193,40892.84,-0.584,0,normal
TRD-105272,2026-09-30 14:00:53.532,PHARMA,166.55,105,17487.75,-0.247,0,normal
TRD-105273,2026-09-30 14:00:54.598,AUTO,86.28,221,19067.88,-0.083,0,normal
TRD-105274,2026-09-30 14:00:55.897,TECH,211.88,383,81150.04,-0.025,0,normal
TRD-105275,2026-09-30 14:01:01.855,TECH,211.79,158,33462.82,-0.578,0,normal
TRD-105276,2026-09-30 14:01:01.902,TECH,211.78,224,47438.72,-0.043,0,normal
TRD-105277,2026-09-30 14:01:02.301,TECH,211.75,78,16516.5,-0.196,0,normal
TRD-105278,2026-09-30 14:01:02.576,ENERGY,52.1,68,3542.8,0.23,0,normal
TRD-105279,2026-09-30 14:01:03.824,BANK,48.55,181,8787.55,0.203,0,normal
TRD-105280,2026-09-30 14:01:06.382,BANK,48.55,201,9758.55,-0.011,0,normal
TRD-105281,2026-09-30 14:01:13.932,AUTO,86.26,543,46839.18,-0.143,0,normal
TRD-105282,2026-09-30 14:01:17.464,ENERGY,52.11,123,6409.53,0.091,0,normal
TRD-105283,2026-09-30 14:01:20.519,ENERGY,52.12,335,17460.2,0.048,0,normal
TRD-105284,2026-09-30 14:01:24.039,TECH,211.73,104,22019.92,-0.16,0,normal
TRD-105285,2026-09-30 14:01:25.796,BANK,48.57,413,20059.41,0.17,0,normal
TRD-105286,2026-09-30 14:01:26.882,TECH,211.6,254,53746.4,-0.869,0,normal
TRD-105287,2026-09-30 14:01:27.097,TECH,211.64,57,12063.48,0.283,0,normal
TRD-105288,2026-09-30 14:01:28.268,BANK,48.55,831,40345.05,-0.141,0,normal
TRD-105289,2026-09-30 14:01:30.053,BANK,48.55,380,18449.0,-0.054,0,normal
TRD-105290,2026-09-30 14:01:33.157,TECH,211.55,153,32367.15,-0.597,0,normal
TRD-105291,2026-09-30 14:01:36.457,TECH,211.59,90,19043.1,0.265,0,normal
TRD-105292,2026-09-30 14:01:41.629,PHARMA,166.59,125,20823.75,0.22,0,normal
TRD-105293,2026-09-30 14:01:42.522,BANK,48.54,442,21454.68,-0.006,0,normal
TRD-105294,2026-09-30 14:01:43.649,PHARMA,166.66,41,6833.06,0.498,0,normal
TRD-105295,2026-09-30 14:01:50.104,ENERGY,52.15,445,23206.75,0.195,0,normal
TRD-105296,2026-09-30 14:01:50.168,BANK,48.54,326,15824.04,0.003,0,normal
TRD-105297,2026-09-30 14:01:50.365,ENERGY,52.19,273,14247.87,0.279,0,normal
TRD-105298,2026-09-30 14:01:52.977,PHARMA,166.69,272,45339.68,0.235,0,normal
TRD-105299,2026-09-30 14:01:53.630,PHARMA,166.71,188,31341.48,0.071,0,normal
TRD-105300,2026-09-30 14:01:53.690,TECH,211.61,76,16082.36,0.118,0,normal
TRD-105301,2026-09-30 14:01:54.699,AUTO,86.24,188,16213.12,-0.115,0,normal
TRD-105302,2026-09-30 14:01:59.634,TECH,211.63,214,45288.82,0.154,0,normal
TRD-105303,2026-09-30 14:01:59.899,PHARMA,166.64,73,12164.72,-0.415,0,normal
TRD-105304,2026-09-30 14:02:00.832,BANK,48.57,188,9131.16,0.18,0,normal
TRD-105305,2026-09-30 14:02:09.287,BANK,48.57,286,13891.02,-0.006,0,normal
TRD-105306,2026-09-30 14:02:14.850,TECH,211.63,138,29204.94,-0.01,0,normal
TRD-105307,2026-09-30 14:02:16.984,TECH,211.54,146,30884.84,-0.608,0,normal
TRD-105308,2026-09-30 14:02:35.402,AUTO,86.24,250,21560.0,0.005,0,normal
TRD-105309,2026-09-30 14:02:43.922,AUTO,86.23,322,27766.06,-0.042,0,normal
TRD-105310,2026-09-30 14:02:48.952,TECH,211.5,75,15862.5,-0.246,0,normal
TRD-105311,2026-09-30 14:02:51.565,AUTO,86.22,260,22417.2,-0.071,0,normal
TRD-105312,2026-09-30 14:03:08.140,AUTO,86.23,206,17763.38,0.03,0,normal
TRD-105313,2026-09-30 14:03:14.309,TECH,211.53,157,33210.21,0.205,0,normal
TRD-105314,2026-09-30 14:03:18.916,TECH,211.52,87,18402.24,-0.117,0,normal
TRD-105315,2026-09-30 14:03:20.257,AUTO,86.27,419,36147.13,0.27,0,normal
TRD-105316,2026-09-30 14:03:22.677,PHARMA,166.65,89,14831.85,0.017,0,normal
TRD-105317,2026-09-30 14:03:25.683,ENERGY,52.16,626,32652.16,-0.197,0,normal
TRD-105318,2026-09-30 14:03:26.666,TECH,211.47,150,31720.5,-0.283,0,normal
TRD-105319,2026-09-30 14:03:27.374,BANK,48.58,250,12145.0,0.063,0,normal
TRD-105320,2026-09-30 14:03:35.078,PHARMA,166.66,41,6833.06,0.07,0,normal
TRD-105321,2026-09-30 14:03:36.627,PHARMA,166.66,161,26832.26,0.048,0,normal
TRD-105322,2026-09-30 14:03:40.675,TECH,214.03,1,214.03,2.557,1,liquidity_vacuum
TRD-105323,2026-09-30 14:03:46.024,PHARMA,166.66,199,33165.34,-0.028,0,normal
TRD-105324,2026-09-30 14:03:49.314,PHARMA,163.68,1,163.68,-2.98,1,liquidity_vacuum
TRD-105325,2026-09-30 14:03:50.218,TECH,211.44,365,77175.6,-0.198,0,normal
TRD-105326,2026-09-30 14:03:52.855,TECH,211.37,140,29591.8,-0.5,0,normal
TRD-105327,2026-09-30 14:03:56.130,AUTO,81.3,2,162.6,-4.967,1,liquidity_vacuum
TRD-105328,2026-09-30 14:03:57.680,TECH,211.35,279,58966.65,-0.14,0,normal
TRD-105329,2026-09-30 14:03:58.127,ENERGY,52.19,578,30165.82,0.187,0,normal
TRD-105330,2026-09-30 14:03:59.447,BANK,48.56,895,43461.2,-0.111,0,normal
TRD-105331,2026-09-30 14:04:01.532,AUTO,86.22,306,26383.32,-0.311,0,normal
TRD-105332,2026-09-30 14:04:01.630,BANK,48.55,478,23206.9,-0.085,0,normal
TRD-105333,2026-09-30 14:04:07.074,BANK,48.52,217,10528.84,-0.217,0,normal
TRD-105334,2026-09-30 14:04:10.643,ENERGY,52.22,305,15927.1,0.229,0,normal
TRD-105335,2026-09-30 14:04:16.687,PHARMA,166.73,346,57688.58,0.474,0,normal
TRD-105336,2026-09-30 14:04:16.753,ENERGY,52.25,247,12905.75,0.198,0,normal
TRD-105337,2026-09-30 14:04:25.593,ENERGY,52.22,246,12846.12,-0.193,0,normal
TRD-105338,2026-09-30 14:04:26.251,ENERGY,52.27,149,7788.23,0.285,0,normal
TRD-105339,2026-09-30 14:04:26.574,PHARMA,166.76,126,21011.76,0.175,0,normal
TRD-105340,2026-09-30 14:04:30.255,ENERGY,52.23,472,24652.56,-0.262,0,normal
TRD-105341,2026-09-30 14:04:34.335,TECH,211.3,176,37188.8,-0.34,0,normal
TRD-105342,2026-09-30 14:04:35.466,BANK,48.51,251,12176.01,-0.07,0,normal
TRD-105343,2026-09-30 14:04:45.151,ENERGY,52.26,193,10086.18,0.213,0,normal
TRD-105344,2026-09-30 14:04:46.573,ENERGY,52.24,233,12171.92,-0.119,0,normal
TRD-105345,2026-09-30 14:04:49.529,TECH,211.24,123,25982.52,-0.369,0,normal
TRD-105346,2026-09-30 14:04:53.981,AUTO,86.26,49,4226.74,0.253,0,normal
TRD-105347,2026-09-30 14:04:57.957,ENERGY,52.34,97,5076.98,0.685,0,normal
TRD-105348,2026-09-30 14:05:00.256,ENERGY,48.54,1,48.54,-3.804,1,liquidity_vacuum
TRD-105349,2026-09-30 14:05:07.783,AUTO,86.21,230,19828.3,-0.34,0,normal
TRD-105350,2026-09-30 14:05:10.459,TECH,211.19,142,29988.98,-0.376,0,normal
TRD-105351,2026-09-30 14:05:10.709,AUTO,86.25,459,39588.75,0.31,0,normal
TRD-105352,2026-09-30 14:05:26.068,TECH,211.23,123,25981.29,0.271,0,normal
TRD-105353,2026-09-30 14:05:26.160,AUTO,86.25,376,32430.0,-0.05,0,normal
TRD-105354,2026-09-30 14:05:29.104,AUTO,86.25,344,29670.0,0.058,0,normal
TRD-105355,2026-09-30 14:05:31.532,TECH,211.17,277,58494.09,-0.36,0,normal
TRD-105356,2026-09-30 14:05:34.536,TECH,211.23,280,59144.4,0.366,0,normal
TRD-105357,2026-09-30 14:05:35.138,AUTO,86.26,62,5348.12,0.037,0,normal
TRD-105358,2026-09-30 14:05:35.435,PHARMA,166.76,422,70372.72,0.01,0,normal
TRD-105359,2026-09-30 14:05:38.586,AUTO,86.26,321,27689.46,-0.034,0,normal
TRD-105360,2026-09-30 14:05:39.204,TECH,211.18,68,14360.24,-0.298,0,normal
TRD-105361,2026-09-30 14:05:40.461,TECH,211.08,210,44326.8,-0.668,0,normal
TRD-105362,2026-09-30 14:05:43.249,TECH,211.01,315,66468.15,-0.511,0,normal
TRD-105363,2026-09-30 14:05:45.823,BANK,48.54,335,16260.9,0.247,0,normal
TRD-105364,2026-09-30 14:05:49.142,AUTO,86.26,309,26654.34,0.036,0,normal
TRD-105365,2026-09-30 14:05:49.384,PHARMA,166.72,215,35844.8,-0.225,0,normal
TRD-105366,2026-09-30 14:05:50.326,TECH,210.95,192,40502.4,-0.369,0,normal
TRD-105367,2026-09-30 14:05:53.089,ENERGY,52.32,341,17841.12,-0.167,0,normal
TRD-105368,2026-09-30 14:05:58.321,TECH,210.94,136,28687.84,-0.069,0,normal
TRD-105369,2026-09-30 14:05:59.733,PHARMA,166.72,356,59352.32,-0.027,0,normal
TRD-105370,2026-09-30 14:06:00.679,TECH,210.92,175,36911.0,-0.105,0,normal
TRD-105371,2026-09-30 14:06:03.341,AUTO,86.26,131,11300.06,0.009,0,normal
TRD-105372,2026-09-30 14:06:05.979,AUTO,86.25,194,16732.5,-0.095,0,normal
TRD-105373,2026-09-30 14:06:08.898,ENERGY,52.28,198,10351.44,-0.274,0,normal
TRD-105374,2026-09-30 14:06:11.226,PHARMA,166.7,228,38007.6,-0.141,0,normal
TRD-105375,2026-09-30 14:06:15.693,PHARMA,166.68,143,23835.24,-0.128,0,normal
TRD-105376,2026-09-30 14:06:20.854,TECH,210.91,66,13920.06,-0.076,0,normal
TRD-105377,2026-09-30 14:06:24.625,TECH,210.82,291,61348.62,-0.627,0,normal
TRD-105378,2026-09-30 14:06:25.116,BANK,48.55,137,6651.35,0.025,0,normal
TRD-105379,2026-09-30 14:06:28.260,TECH,210.78,162,34146.36,-0.249,0,normal
TRD-105380,2026-09-30 14:06:31.682,TECH,210.84,119,25089.96,0.369,0,normal
TRD-105381,2026-09-30 14:06:32.016,TECH,210.71,130,27392.3,-0.878,0,normal
TRD-105382,2026-09-30 14:06:37.529,PHARMA,166.68,1828,304691.04,-2.083,1,multivariate_break
TRD-105383,2026-09-30 14:06:38.107,AUTO,86.22,232,20003.04,-0.156,0,normal
TRD-105384,2026-09-30 14:06:39.698,BANK,48.51,277,13437.27,-0.234,0,normal
TRD-105385,2026-09-30 14:06:40.869,TECH,210.66,134,28228.44,-0.292,0,normal
TRD-105386,2026-09-30 14:06:46.309,AUTO,86.25,227,19578.75,0.171,0,normal
TRD-105387,2026-09-30 14:06:47.847,ENERGY,52.25,246,12853.5,-0.157,0,normal
TRD-105388,2026-09-30 14:06:48.970,AUTO,86.28,336,28990.08,0.21,0,normal
TRD-105389,2026-09-30 14:06:59.681,TECH,210.73,417,87874.41,0.452,0,normal
TRD-105390,2026-09-30 14:07:02.225,BANK,48.5,402,19497.0,-0.077,0,normal
TRD-105391,2026-09-30 14:07:03.870,AUTO,86.28,2983,257373.24,2.945,1,multivariate_break
TRD-105392,2026-09-30 14:07:20.250,PHARMA,166.66,615,102495.9,-0.133,0,normal
TRD-105393,2026-09-30 14:07:34.313,BANK,48.5,348,16878.0,-0.026,0,normal
TRD-105394,2026-09-30 14:07:41.128,AUTO,89.28,1,89.28,2.999,1,liquidity_vacuum
TRD-105395,2026-09-30 14:07:44.006,BANK,48.53,247,11986.91,0.236,0,normal
TRD-105396,2026-09-30 14:07:44.993,TECH,210.73,316,66590.68,0.01,0,normal
TRD-105397,2026-09-30 14:07:45.952,PHARMA,174.08,386,67194.88,7.421,1,price_shock
TRD-105398,2026-09-30 14:07:55.339,PHARMA,174.05,148,25759.4,-0.178,0,normal
TRD-105399,2026-09-30 14:08:04.534,TECH,210.73,2194,462341.62,-2.893,1,multivariate_break
TRD-105400,2026-09-30 14:08:05.277,BANK,48.53,445,21595.85,-0.053,0,normal
TRD-105401,2026-09-30 14:08:09.041,BANK,48.54,320,15532.8,0.126,0,normal
TRD-105402,2026-09-30 14:08:09.928,PHARMA,174.05,153,26629.65,-0.037,0,normal
TRD-105403,2026-09-30 14:08:12.380,AUTO,86.37,235,20296.95,0.569,0,normal
TRD-105404,2026-09-30 14:08:18.412,TECH,210.69,269,56675.61,-0.251,0,normal
TRD-105405,2026-09-30 14:08:19.650,BANK,48.55,231,11215.05,0.063,0,normal
TRD-105406,2026-09-30 14:08:26.491,TECH,210.7,210,44247.0,0.044,0,normal
TRD-105407,2026-09-30 14:08:26.615,TECH,210.7,185,38979.5,0.023,0,normal
TRD-105408,2026-09-30 14:08:28.363,PHARMA,174.04,311,54126.44,-0.054,0,normal
TRD-105409,2026-09-30 14:08:28.833,AUTO,86.3,194,16742.2,-0.439,0,normal
TRD-105410,2026-09-30 14:08:29.634,AUTO,86.32,441,38067.12,0.128,0,normal
TRD-105411,2026-09-30 14:08:30.387,ENERGY,52.24,107,5589.68,-0.11,0,normal
TRD-105412,2026-09-30 14:08:35.243,TECH,210.69,85,17908.65,-0.088,0,normal
TRD-105413,2026-09-30 14:08:37.525,PHARMA,173.96,190,33052.4,-0.504,0,normal
TRD-105414,2026-09-30 14:08:41.544,BANK,48.53,681,33048.93,-0.189,0,normal
TRD-105415,2026-09-30 14:08:43.888,BANK,48.51,172,8343.72,-0.105,0,normal
TRD-105416,2026-09-30 14:08:44.034,AUTO,86.29,242,20882.18,-0.169,0,normal
TRD-105417,2026-09-30 14:08:44.420,PHARMA,174.01,281,48896.81,0.297,0,normal
TRD-105418,2026-09-30 14:08:45.226,TECH,210.67,189,39816.63,-0.104,0,normal
TRD-105419,2026-09-30 14:08:53.343,PHARMA,173.97,220,38273.4,-0.261,0,normal
TRD-105420,2026-09-30 14:08:53.925,TECH,210.78,314,66184.92,0.68,0,normal
TRD-105421,2026-09-30 14:08:58.542,ENERGY,52.23,314,16400.22,-0.055,0,normal
TRD-105422,2026-09-30 14:09:10.304,ENERGY,52.16,780,40684.8,-0.43,0,normal
TRD-105423,2026-09-30 14:09:13.750,AUTO,86.29,167,14410.43,-0.058,0,normal
TRD-105424,2026-09-30 14:09:14.041,ENERGY,43.22,108,4667.76,-8.948,1,price_shock
TRD-105425,2026-09-30 14:09:15.569,TECH,210.72,64,13486.08,-0.349,0,normal
TRD-105426,2026-09-30 14:09:17.925,PHARMA,173.98,54,9394.92,0.054,0,normal
TRD-105427,2026-09-30 14:09:21.967,BANK,48.51,825,40020.75,0.012,0,normal
TRD-105428,2026-09-30 14:09:23.692,AUTO,91.03,1,91.03,4.741,1,liquidity_vacuum
TRD-105429,2026-09-30 14:09:42.045,BANK,48.52,404,19602.08,0.062,0,normal
TRD-105430,2026-09-30 14:09:43.927,ENERGY,43.3,214,9266.2,0.503,0,normal
TRD-105431,2026-09-30 14:09:48.680,BANK,48.5,537,26044.5,-0.154,0,normal
TRD-105432,2026-09-30 14:09:50.936,BANK,48.52,402,19505.04,0.125,0,normal
TRD-105433,2026-09-30 14:09:51.787,TECH,210.71,83,17488.93,-0.064,0,normal
TRD-105434,2026-09-30 14:09:53.622,AUTO,86.33,229,19769.57,0.267,0,normal
TRD-105435,2026-09-30 14:10:01.531,TECH,210.78,92,19391.76,0.463,0,normal
TRD-105436,2026-09-30 14:10:02.794,TECH,210.8,75,15810.0,0.074,0,normal
TRD-105437,2026-09-30 14:10:04.079,PHARMA,173.97,58,10090.26,-0.03,0,normal
TRD-105438,2026-09-30 14:10:08.949,BANK,48.54,395,19173.3,0.139,0,normal
TRD-105439,2026-09-30 14:10:11.822,PHARMA,173.94,364,63314.16,-0.254,0,normal
TRD-105440,2026-09-30 14:10:17.562,BANK,48.56,141,6846.96,0.139,0,normal
TRD-105441,2026-09-30 14:10:18.003,ENERGY,43.28,397,17182.16,-0.081,0,normal
TRD-105442,2026-09-30 14:10:18.507,AUTO,86.35,475,41016.25,0.188,0,normal
TRD-105443,2026-09-30 14:10:25.674,BANK,48.55,319,15487.45,-0.023,0,normal
TRD-105444,2026-09-30 14:10:29.321,BANK,48.56,184,8935.04,0.032,0,normal
TRD-105445,2026-09-30 14:10:30.337,AUTO,86.34,223,19253.82,-0.109,0,normal
TRD-105446,2026-09-30 14:10:32.874,TECH,210.78,170,35832.6,-0.071,0,normal
TRD-105447,2026-09-30 14:10:33.682,AUTO,86.31,288,24857.28,-0.209,0,normal
TRD-105448,2026-09-30 14:10:47.053,PHARMA,173.91,233,40521.03,-0.173,0,normal
TRD-105449,2026-09-30 14:10:47.925,BANK,48.52,255,12372.6,-0.249,0,normal
TRD-105450,2026-09-30 14:10:48.854,ENERGY,43.28,120,5193.6,-0.05,0,normal
TRD-105451,2026-09-30 14:10:50.605,BANK,48.54,331,16066.74,0.135,0,normal
TRD-105452,2026-09-30 14:10:51.684,TECH,210.8,113,23820.4,0.086,0,normal
TRD-105453,2026-09-30 14:10:55.800,TECH,210.79,118,24873.22,-0.046,0,normal
TRD-105454,2026-09-30 14:10:56.733,TECH,210.72,118,24864.96,-0.465,0,normal
TRD-105455,2026-09-30 14:10:56.985,TECH,210.7,185,38979.5,-0.151,0,normal
TRD-105456,2026-09-30 14:10:58.687,PHARMA,173.96,90,15656.4,0.36,0,normal
TRD-105457,2026-09-30 14:11:12.679,ENERGY,43.31,125,5413.75,0.239,0,normal
TRD-105458,2026-09-30 14:11:21.910,ENERGY,43.29,275,11904.75,-0.16,0,normal
TRD-105459,2026-09-30 14:11:36.345,AUTO,86.32,216,18645.12,0.096,0,normal
TRD-105460,2026-09-30 14:11:36.459,BANK,48.54,152,7378.08,0.009,0,normal
TRD-105461,2026-09-30 14:11:38.151,AUTO,86.39,99,8552.61,0.46,0,normal
TRD-105462,2026-09-30 14:11:40.710,BANK,48.55,356,17283.8,0.075,0,normal
TRD-105463,2026-09-30 14:11:41.046,BANK,48.57,225,10928.25,0.101,0,normal
TRD-105464,2026-09-30 14:11:43.540,BANK,48.56,300,14568.0,-0.08,0,normal
TRD-105465,2026-09-30 14:11:45.379,TECH,210.64,426,89732.64,-0.398,0,normal
TRD-105466,2026-09-30 14:11:50.795,PHARMA,173.88,173,30081.24,-0.527,0,normal
TRD-105467,2026-09-30 14:11:51.342,ENERGY,43.33,263,11395.79,0.304,0,normal
TRD-105468,2026-09-30 14:11:52.063,AUTO,86.4,129,11145.6,0.098,0,normal
TRD-105469,2026-09-30 14:11:53.854,BANK,48.57,336,16319.52,0.098,0,normal
TRD-105470,2026-09-30 14:11:54.437,BANK,48.54,713,34609.02,-0.189,0,normal
TRD-105471,2026-09-30 14:12:05.929,TECH,210.76,99,20865.24,0.782,0,normal
TRD-105472,2026-09-30 14:12:08.030,BANK,48.57,280,13599.6,0.142,0,normal
TRD-105473,2026-09-30 14:12:08.581,TECH,210.8,129,27193.2,0.317,0,normal
TRD-105474,2026-09-30 14:12:08.678,PHARMA,173.92,142,24696.64,0.26,0,normal
TRD-105475,2026-09-30 14:12:10.709,TECH,210.83,142,29937.86,0.187,0,normal
TRD-105476,2026-09-30 14:12:20.969,PHARMA,173.91,128,22260.48,-0.065,0,normal
TRD-105477,2026-09-30 14:12:22.283,ENERGY,43.22,290,12533.8,-0.755,0,normal
TRD-105478,2026-09-30 14:12:29.528,AUTO,86.42,246,21259.32,0.092,0,normal
TRD-105479,2026-09-30 14:12:34.655,TECH,210.86,287,60516.82,0.175,0,normal
TRD-105480,2026-09-30 14:12:35.599,TECH,210.89,84,17714.76,0.19,0,normal
TRD-105481,2026-09-30 14:12:39.542,BANK,48.54,382,18542.28,-0.188,0,normal
TRD-105482,2026-09-30 14:12:45.142,AUTO,86.4,98,8467.2,-0.139,0,normal
TRD-105483,2026-09-30 14:12:51.029,BANK,48.54,2679,130038.66,2.088,1,multivariate_break
TRD-105484,2026-09-30 14:12:52.637,TECH,210.88,157,33108.16,-0.063,0,normal
TRD-105485,2026-09-30 14:12:53.695,AUTO,86.42,436,37679.12,0.172,0,normal
TRD-105486,2026-09-30 14:12:55.955,BANK,48.55,205,9952.75,0.059,0,normal
TRD-105487,2026-09-30 14:13:01.836,PHARMA,173.87,235,40859.45,-0.28,0,normal
TRD-105488,2026-09-30 14:13:07.362,TECH,210.88,147,30999.36,0.03,0,normal
TRD-105489,2026-09-30 14:13:07.929,AUTO,86.44,335,28957.4,0.115,0,normal
TRD-105490,2026-09-30 14:13:10.385,TECH,210.95,83,17508.85,0.443,0,normal
TRD-105491,2026-09-30 14:13:10.537,BANK,48.54,444,21551.76,-0.064,0,normal
TRD-105492,2026-09-30 14:13:19.204,TECH,210.97,335,70674.95,0.134,0,normal
TRD-105493,2026-09-30 14:13:24.101,AUTO,86.52,141,12199.32,0.533,0,normal
TRD-105494,2026-09-30 14:13:32.233,AUTO,86.54,663,57376.02,0.124,0,normal
TRD-105495,2026-09-30 14:13:33.128,TECH,210.97,2694,568353.18,-2.264,1,multivariate_break
TRD-105496,2026-09-30 14:13:35.609,PHARMA,173.86,432,75107.52,-0.072,0,normal
TRD-105497,2026-09-30 14:13:35.756,PHARMA,173.87,415,72156.05,0.037,0,normal
TRD-105498,2026-09-30 14:13:46.568,ENERGY,43.18,312,13472.16,-0.254,0,normal
TRD-105499,2026-09-30 14:13:53.779,BANK,48.5,1100,53350.0,-0.218,0,normal
TRD-105500,2026-09-30 14:13:57.924,TECH,210.93,108,22780.44,-0.257,0,normal
TRD-105501,2026-09-30 14:13:59.616,TECH,210.94,243,51258.42,0.086,0,normal
TRD-105502,2026-09-30 14:14:00.262,AUTO,86.59,319,27622.21,0.355,0,normal
TRD-105503,2026-09-30 14:14:03.877,PHARMA,173.93,102,17740.86,0.42,0,normal
TRD-105504,2026-09-30 14:14:06.681,BANK,48.49,279,13528.71,-0.089,0,normal
TRD-105505,2026-09-30 14:14:06.758,BANK,48.46,343,16621.78,-0.203,0,normal
TRD-105506,2026-09-30 14:14:10.557,ENERGY,43.21,156,6740.76,0.172,0,normal
TRD-105507,2026-09-30 14:14:13.406,TECH,211.01,79,16669.79,0.479,0,normal
TRD-105508,2026-09-30 14:14:15.357,AUTO,86.62,254,22001.48,0.2,0,normal
TRD-105509,2026-09-30 14:14:17.177,ENERGY,43.24,210,9080.4,0.217,0,normal
TRD-105510,2026-09-30 14:14:18.156,ENERGY,43.24,412,17814.88,-0.031,0,normal
TRD-105511,2026-09-30 14:14:18.767,TECH,211.03,231,48747.93,0.087,0,normal
TRD-105512,2026-09-30 14:14:22.659,TECH,211.09,98,20686.82,0.45,0,normal
TRD-105513,2026-09-30 14:14:24.221,BANK,48.45,667,32316.15,-0.098,0,normal
TRD-105514,2026-09-30 14:14:25.849,BANK,48.46,547,26507.62,0.092,0,normal
TRD-105515,2026-09-30 14:14:26.668,TECH,211.11,112,23644.32,0.068,0,normal
TRD-105516,2026-09-30 14:14:30.492,ENERGY,43.22,114,4927.08,-0.093,0,normal
TRD-105517,2026-09-30 14:14:30.801,PHARMA,173.93,231,40177.83,-0.019,0,normal
TRD-105518,2026-09-30 14:14:32.784,TECH,211.06,117,24694.02,-0.296,0,normal
TRD-105519,2026-09-30 14:14:39.405,TECH,204.06,119,24283.14,-6.999,1,price_shock
TRD-105520,2026-09-30 14:14:47.188,PHARMA,173.98,403,70113.94,0.382,0,normal
TRD-105521,2026-09-30 14:14:47.831,PHARMA,174.01,177,30799.77,0.178,0,normal
TRD-105522,2026-09-30 14:14:57.221,TECH,204.07,74,15101.18,0.036,0,normal
TRD-105523,2026-09-30 14:15:01.210,BANK,48.47,201,9742.47,0.088,0,normal
TRD-105524,2026-09-30 14:15:02.298,TECH,204.04,509,103856.36,-0.149,0,normal
TRD-105525,2026-09-30 14:15:02.366,AUTO,86.64,217,18800.88,0.085,0,normal
TRD-105526,2026-09-30 14:15:11.263,BANK,48.46,1001,48508.46,-0.057,0,normal
TRD-105527,2026-09-30 14:15:16.780,ENERGY,43.24,276,11934.24,0.153,0,normal
TRD-105528,2026-09-30 14:15:17.017,TECH,204.02,247,50392.94,-0.179,0,normal
TRD-105529,2026-09-30 14:15:17.017,TECH,204.01,78,15912.78,-0.039,0,normal
TRD-105530,2026-09-30 14:15:19.194,ENERGY,43.23,174,7522.02,-0.085,0,normal
TRD-105531,2026-09-30 14:15:25.822,AUTO,86.64,246,21313.44,0.009,0,normal
TRD-105532,2026-09-30 14:15:28.658,AUTO,86.68,261,22623.48,0.29,0,normal
TRD-105533,2026-09-30 14:15:33.929,PHARMA,173.91,311,54086.01,-0.639,0,normal
TRD-105534,2026-09-30 14:15:34.062,ENERGY,43.28,244,10560.32,0.342,0,normal
TRD-105535,2026-09-30 14:15:38.184,BANK,48.5,199,9651.5,0.209,0,normal
TRD-105536,2026-09-30 14:15:42.187,TECH,204.06,215,43872.9,0.316,0,normal
TRD-105537,2026-09-30 14:15:43.137,ENERGY,43.32,254,11003.28,0.247,0,normal
TRD-105538,2026-09-30 14:15:45.157,TECH,204.12,473,96548.76,0.407,0,normal
TRD-105539,2026-09-30 14:15:45.963,AUTO,86.66,142,12305.72,-0.106,0,normal
TRD-105540,2026-09-30 14:15:47.556,TECH,204.14,187,38174.18,0.126,0,normal
TRD-105541,2026-09-30 14:15:52.202,PHARMA,173.88,90,15649.2,-0.206,0,normal
TRD-105542,2026-09-30 14:15:53.868,TECH,204.2,148,30221.6,0.401,0,normal
TRD-105543,2026-09-30 14:15:54.844,PHARMA,173.85,98,17037.3,-0.22,0,normal
TRD-105544,2026-09-30 14:15:55.952,TECH,204.26,133,27166.58,0.391,0,normal
TRD-105545,2026-09-30 14:16:06.576,AUTO,86.68,470,40739.6,0.08,0,normal
TRD-105546,2026-09-30 14:16:19.139,TECH,204.28,227,46371.56,0.183,0,normal
TRD-105547,2026-09-30 14:16:24.156,ENERGY,43.32,197,8534.04,0.004,0,normal
TRD-105548,2026-09-30 14:16:25.988,TECH,204.28,107,21857.96,-0.05,0,normal
TRD-105549,2026-09-30 14:16:29.834,BANK,48.51,600,29106.0,0.067,0,normal
TRD-105550,2026-09-30 14:16:37.264,TECH,204.24,106,21649.44,-0.26,0,normal
TRD-105551,2026-09-30 14:16:39.589,TECH,204.29,107,21859.03,0.352,0,normal
TRD-105552,2026-09-30 14:16:40.662,TECH,204.28,358,73132.24,-0.04,0,normal
TRD-105553,2026-09-30 14:16:44.347,BANK,48.53,240,11647.2,0.197,0,normal
TRD-105554,2026-09-30 14:16:54.516,BANK,48.54,1500,72810.0,0.064,0,normal
TRD-105555,2026-09-30 14:17:00.537,TECH,204.32,121,24722.72,0.266,0,normal
TRD-105556,2026-09-30 14:17:03.228,PHARMA,173.76,202,35099.52,-0.604,0,normal
TRD-105557,2026-09-30 14:17:11.807,TECH,204.26,303,61890.78,-0.403,0,normal
TRD-105558,2026-09-30 14:17:12.795,TECH,204.25,568,116014.0,-0.063,0,normal
TRD-105559,2026-09-30 14:17:13.472,TECH,204.27,125,25533.75,0.117,0,normal
TRD-105560,2026-09-30 14:17:14.924,TECH,204.25,276,56373.0,-0.141,0,normal
TRD-105561,2026-09-30 14:17:20.992,TECH,204.26,435,88853.1,0.053,0,normal
TRD-105562,2026-09-30 14:17:22.845,TECH,204.24,174,35537.76,-0.108,0,normal
TRD-105563,2026-09-30 14:17:28.898,AUTO,86.72,135,11707.2,0.28,0,normal
TRD-105564,2026-09-30 14:17:34.155,AUTO,86.75,304,26372.0,0.229,0,normal
TRD-105565,2026-09-30 14:17:35.770,AUTO,86.7,104,9016.8,-0.366,0,normal
TRD-105566,2026-09-30 14:17:35.895,TECH,204.28,272,55564.16,0.247,0,normal
TRD-105567,2026-09-30 14:17:35.950,TECH,204.29,320,65372.8,0.09,0,normal
TRD-105568,2026-09-30 14:17:37.529,BANK,48.54,320,15532.8,-0.005,0,normal
TRD-105569,2026-09-30 14:17:37.695,AUTO,86.7,136,11791.2,-0.017,0,normal
TRD-105570,2026-09-30 14:17:39.425,PHARMA,173.78,422,73335.16,0.107,0,normal
TRD-105571,2026-09-30 14:17:46.146,BANK,48.55,458,22235.9,0.025,0,normal
TRD-105572,2026-09-30 14:17:46.508,TECH,204.26,134,27370.84,-0.199,0,normal
TRD-105573,2026-09-30 14:17:46.787,BANK,48.56,203,9857.68,0.079,0,normal
TRD-105574,2026-09-30 14:17:47.267,AUTO,86.71,171,14827.41,0.094,0,normal
TRD-105575,2026-09-30 14:17:47.509,BANK,48.54,319,15484.26,-0.105,0,normal
TRD-105576,2026-09-30 14:17:48.052,AUTO,86.68,137,11875.16,-0.192,0,normal
TRD-105577,2026-09-30 14:17:49.986,TECH,204.28,242,49435.76,0.142,0,normal
TRD-105578,2026-09-30 14:17:52.727,BANK,48.54,157,7620.78,-0.004,0,normal
TRD-105579,2026-09-30 14:17:56.114,BANK,48.57,447,21710.79,0.172,0,normal
TRD-105580,2026-09-30 14:17:59.711,BANK,48.58,270,13116.6,0.05,0,normal
TRD-105581,2026-09-30 14:18:01.813,BANK,48.59,227,11029.93,0.116,0,normal
TRD-105582,2026-09-30 14:18:01.977,PHARMA,173.74,160,27798.4,-0.254,0,normal
TRD-105583,2026-09-30 14:18:03.180,PHARMA,173.71,115,19976.65,-0.175,0,normal
TRD-105584,2026-09-30 14:18:06.121,PHARMA,173.71,89,15460.19,-0.011,0,normal
TRD-105585,2026-09-30 14:18:09.480,ENERGY,43.28,224,9694.72,-0.264,0,normal
TRD-105586,2026-09-30 14:18:14.167,TECH,204.29,332,67824.28,0.029,0,normal
TRD-105587,2026-09-30 14:18:23.580,AUTO,86.7,64,5548.8,0.115,0,normal
TRD-105588,2026-09-30 14:18:23.706,PHARMA,173.76,83,14422.08,0.34,0,normal
TRD-105589,2026-09-30 14:18:25.780,TECH,204.3,146,29827.8,0.099,0,normal
TRD-105590,2026-09-30 14:18:26.199,ENERGY,43.25,257,11115.25,-0.234,0,normal
TRD-105591,2026-09-30 14:18:33.756,TECH,204.29,236,48212.44,-0.09,0,normal
TRD-105592,2026-09-30 14:18:47.141,ENERGY,43.26,186,8046.36,0.068,0,normal
TRD-105593,2026-09-30 14:18:47.922,PHARMA,173.74,117,20327.58,-0.135,0,normal
TRD-105594,2026-09-30 14:18:51.527,BANK,48.56,540,26222.4,-0.216,0,normal
TRD-105595,2026-09-30 14:18:53.985,AUTO,86.72,966,83771.52,0.132,0,normal
TRD-105596,2026-09-30 14:18:56.667,AUTO,86.74,257,22292.18,0.151,0,normal
TRD-105597,2026-09-30 14:18:57.154,BANK,48.57,1066,51775.62,0.03,0,normal
TRD-105598,2026-09-30 14:19:02.223,AUTO,86.71,172,14914.12,-0.175,0,normal
TRD-105599,2026-09-30 14:19:06.623,AUTO,86.71,91,7890.61,-0.055,0,normal
TRD-105600,2026-09-30 14:19:12.646,BANK,48.61,255,12395.55,0.296,0,normal
TRD-105601,2026-09-30 14:19:14.078,TECH,204.22,151,30837.22,-0.458,0,normal
TRD-105602,2026-09-30 14:19:14.409,TECH,204.16,336,68597.76,-0.423,0,normal
TRD-105603,2026-09-30 14:19:15.408,TECH,204.23,69,14091.87,0.468,0,normal
TRD-105604,2026-09-30 14:19:20.374,AUTO,86.73,269,23330.37,0.184,0,normal
TRD-105605,2026-09-30 14:19:22.278,TECH,204.19,208,42471.52,-0.273,0,normal
TRD-105606,2026-09-30 14:19:22.692,AUTO,86.69,275,23839.75,-0.278,0,normal
TRD-105607,2026-09-30 14:19:28.724,BANK,48.61,406,19735.66,-0.035,0,normal
TRD-105608,2026-09-30 14:19:29.150,BANK,48.61,531,25811.91,0.001,0,normal
TRD-105609,2026-09-30 14:19:29.638,ENERGY,43.24,266,11501.84,-0.119,0,normal
TRD-105610,2026-09-30 14:19:31.456,TECH,204.23,281,57388.63,0.278,0,normal
TRD-105611,2026-09-30 14:19:37.682,TECH,204.18,72,14700.96,-0.329,0,normal
TRD-105612,2026-09-30 14:19:39.332,ENERGY,43.27,185,8004.95,0.186,0,normal
TRD-105613,2026-09-30 14:19:43.426,PHARMA,173.77,296,51435.92,0.187,0,normal
TRD-105614,2026-09-30 14:19:50.720,BANK,48.61,236,11471.96,0.014,0,normal
TRD-105615,2026-09-30 14:19:54.457,BANK,48.63,194,9434.22,0.161,0,normal
TRD-105616,2026-09-30 14:19:58.093,BANK,48.62,775,37680.5,-0.07,0,normal
TRD-105617,2026-09-30 14:20:00.097,TECH,204.21,174,35532.54,0.22,0,normal
TRD-105618,2026-09-30 14:20:07.381,ENERGY,43.25,98,4238.5,-0.118,0,normal
TRD-105619,2026-09-30 14:20:08.343,PHARMA,173.75,118,20502.5,-0.1,0,normal
TRD-105620,2026-09-30 14:20:19.946,TECH,204.11,413,84297.43,-0.666,0,normal
TRD-105621,2026-09-30 14:20:27.167,TECH,208.21,274,57049.54,4.094,1,price_shock
TRD-105622,2026-09-30 14:20:38.024,BANK,48.61,347,16867.67,-0.091,0,normal
TRD-105623,2026-09-30 14:20:42.307,AUTO,86.63,96,8316.48,-0.387,0,normal
TRD-105624,2026-09-30 14:20:43.283,AUTO,86.63,224,19405.12,-0.033,0,normal
TRD-105625,2026-09-30 14:20:50.170,TECH,208.25,97,20200.25,0.264,0,normal
TRD-105626,2026-09-30 14:20:57.450,AUTO,86.65,353,30587.45,0.161,0,normal
TRD-105627,2026-09-30 14:21:06.979,ENERGY,43.19,103,4448.57,-0.377,0,normal
TRD-105628,2026-09-30 14:21:07.898,ENERGY,43.18,84,3627.12,-0.058,0,normal
TRD-105629,2026-09-30 14:21:21.631,TECH,208.24,278,57890.72,-0.062,0,normal
TRD-105630,2026-09-30 14:21:30.199,TECH,203.27,381,77445.87,-4.968,1,price_shock
TRD-105631,2026-09-30 14:21:30.819,BANK,48.59,714,34693.26,-0.146,0,normal
TRD-105632,2026-09-30 14:21:31.982,ENERGY,43.18,2488,107431.84,2.988,1,multivariate_break
TRD-105633,2026-09-30 14:21:34.059,TECH,203.28,260,52852.8,0.069,0,normal
TRD-105634,2026-09-30 14:21:35.052,ENERGY,43.15,282,12168.3,-0.253,0,normal
TRD-105635,2026-09-30 14:21:44.912,AUTO,86.66,161,13952.26,0.054,0,normal
TRD-105636,2026-09-30 14:21:47.503,BANK,48.6,609,29597.4,0.08,0,normal
TRD-105637,2026-09-30 14:21:49.276,AUTO,86.67,292,25307.64,0.067,0,normal
TRD-105638,2026-09-30 14:21:51.526,PHARMA,173.67,471,81798.57,-0.542,0,normal
TRD-105639,2026-09-30 14:21:52.193,PHARMA,173.76,118,20503.68,0.603,0,normal
TRD-105640,2026-09-30 14:21:57.443,BANK,48.62,559,27178.58,0.166,0,normal
TRD-105641,2026-09-30 14:21:58.298,AUTO,86.61,237,20526.57,-0.381,0,normal
TRD-105642,2026-09-30 14:21:58.928,AUTO,86.62,303,26245.86,0.045,0,normal
TRD-105643,2026-09-30 14:22:02.536,PHARMA,173.72,588,102147.36,-0.306,0,normal
TRD-105644,2026-09-30 14:22:05.737,ENERGY,43.13,110,4744.3,-0.095,0,normal
TRD-105645,2026-09-30 14:22:06.577,BANK,48.61,157,7631.77,-0.111,0,normal
TRD-105646,2026-09-30 14:22:15.244,TECH,203.25,99,20121.75,-0.205,0,normal
TRD-105647,2026-09-30 14:22:21.852,ENERGY,43.11,111,4785.21,-0.129,0,normal
TRD-105648,2026-09-30 14:22:23.582,TECH,203.36,325,66092.0,0.733,0,normal
TRD-105649,2026-09-30 14:22:26.722,ENERGY,43.09,319,13745.71,-0.143,0,normal
TRD-105650,2026-09-30 14:22:29.075,TECH,203.35,190,38636.5,-0.097,0,normal
TRD-105651,2026-09-30 14:22:29.480,TECH,208.09,337,70126.33,4.747,1,price_shock
TRD-105652,2026-09-30 14:22:33.763,AUTO,86.6,770,66682.0,-0.15,0,normal
TRD-105653,2026-09-30 14:22:36.218,TECH,208.17,259,53916.03,0.563,0,normal
TRD-105654,2026-09-30 14:22:44.385,BANK,48.63,353,17166.39,0.149,0,normal
TRD-105655,2026-09-30 14:22:48.009,TECH,208.07,252,52433.64,-0.72,0,normal
TRD-105656,2026-09-30 14:22:50.382,AUTO,86.62,462,40018.44,0.169,0,normal
TRD-105657,2026-09-30 14:22:51.991,PHARMA,173.83,425,73877.75,0.76,0,normal
TRD-105658,2026-09-30 14:22:57.545,AUTO,86.62,212,18363.44,-0.035,0,normal
TRD-105659,2026-09-30 14:22:57.566,TECH,208.03,94,19554.82,-0.258,0,normal
TRD-105660,2026-09-30 14:22:59.926,PHARMA,173.84,70,12168.8,0.092,0,normal
TRD-105661,2026-09-30 14:23:02.177,PHARMA,173.87,27,4694.49,0.142,0,normal
TRD-105662,2026-09-30 14:23:03.305,TECH,207.93,87,18089.91,-0.649,0,normal
TRD-105663,2026-09-30 14:23:10.879,BANK,48.63,502,24412.26,0.009,0,normal
TRD-105664,2026-09-30 14:23:12.077,AUTO,86.63,121,10482.23,0.106,0,normal
TRD-105665,2026-09-30 14:23:12.708,PHARMA,173.83,121,21033.43,-0.24,0,normal
TRD-105666,2026-09-30 14:23:19.475,TECH,207.87,259,53838.33,-0.373,0,normal
TRD-105667,2026-09-30 14:23:25.563,AUTO,86.65,362,31367.3,0.076,0,normal
TRD-105668,2026-09-30 14:23:26.110,TECH,207.77,372,77290.44,-0.669,0,normal
TRD-105669,2026-09-30 14:23:27.759,BANK,48.64,312,15175.68,0.058,0,normal
TRD-105670,2026-09-30 14:23:33.569,ENERGY,43.09,108,4653.72,-0.018,0,normal
TRD-105671,2026-09-30 14:23:33.815,TECH,207.72,85,17656.2,-0.387,0,normal
TRD-105672,2026-09-30 14:23:49.049,AUTO,86.6,207,17926.2,-0.297,0,normal
TRD-105673,2026-09-30 14:23:50.213,AUTO,86.64,107,9270.48,0.242,0,normal
TRD-105674,2026-09-30 14:23:51.247,BANK,48.66,690,33575.4,0.124,0,normal
TRD-105675,2026-09-30 14:23:51.329,BANK,48.65,961,46752.65,-0.042,0,normal
TRD-105676,2026-09-30 14:23:59.240,TECH,207.69,121,25130.49,-0.198,0,normal
TRD-105677,2026-09-30 14:24:00.513,TECH,207.64,391,81187.24,-0.31,0,normal
TRD-105678,2026-09-30 14:24:02.708,TECH,207.67,304,63131.68,0.192,0,normal
TRD-105679,2026-09-30 14:24:09.409,BANK,48.64,272,13230.08,-0.075,0,normal
TRD-105680,2026-09-30 14:24:09.800,BANK,48.64,379,18434.56,-0.014,0,normal
TRD-105681,2026-09-30 14:24:16.303,AUTO,86.64,269,23306.16,0.022,0,normal
TRD-105682,2026-09-30 14:24:16.923,BANK,48.65,474,23060.1,0.099,0,normal
TRD-105683,2026-09-30 14:24:22.962,AUTO,86.64,399,34569.36,0.009,0,normal
TRD-105684,2026-09-30 14:24:25.421,ENERGY,43.09,283,12194.47,0.0,0,normal
TRD-105685,2026-09-30 14:24:27.981,AUTO,86.68,292,25310.56,0.265,0,normal
TRD-105686,2026-09-30 14:24:30.126,ENERGY,43.11,343,14786.73,0.174,0,normal
TRD-105687,2026-09-30 14:24:30.211,AUTO,86.68,162,14042.16,-0.014,0,normal
TRD-105688,2026-09-30 14:24:33.327,ENERGY,43.16,241,10401.56,0.33,0,normal
TRD-105689,2026-09-30 14:24:39.896,ENERGY,43.16,204,8804.64,-0.045,0,normal
TRD-105690,2026-09-30 14:24:54.221,ENERGY,43.18,330,14249.4,0.187,0,normal
TRD-105691,2026-09-30 14:24:54.898,ENERGY,43.19,198,8551.62,0.027,0,normal
TRD-105692,2026-09-30 14:24:55.398,ENERGY,43.21,214,9246.94,0.174,0,normal
TRD-105693,2026-09-30 14:24:56.338,PHARMA,177.11,1,177.11,3.278,1,liquidity_vacuum
TRD-105694,2026-09-30 14:24:57.656,TECH,207.64,338,70182.32,-0.184,0,normal
TRD-105695,2026-09-30 14:24:58.731,TECH,207.64,2142,444764.88,-2.882,1,multivariate_break
TRD-105696,2026-09-30 14:25:00.955,AUTO,86.73,278,24110.94,0.35,0,normal
TRD-105697,2026-09-30 14:25:05.529,BANK,48.67,277,13481.59,0.09,0,normal
TRD-105698,2026-09-30 14:25:07.485,BANK,48.68,230,11196.4,0.075,0,normal
TRD-105699,2026-09-30 14:25:07.985,BANK,48.68,456,22198.08,-0.004,0,normal
TRD-105700,2026-09-30 14:25:08.867,TECH,207.66,211,43816.26,0.156,0,normal
TRD-105701,2026-09-30 14:25:12.088,BANK,48.67,302,14698.34,-0.009,0,normal
TRD-105702,2026-09-30 14:25:14.925,TECH,207.68,620,128761.6,0.109,0,normal
TRD-105703,2026-09-30 14:25:20.421,BANK,48.69,942,45865.98,0.123,0,normal
TRD-105704,2026-09-30 14:25:21.058,PHARMA,173.84,651,113169.84,0.057,0,normal
TRD-105705,2026-09-30 14:25:31.971,ENERGY,43.19,132,5701.08,-0.16,0,normal
TRD-105706,2026-09-30 14:25:33.598,ENERGY,43.11,96,4138.56,-0.523,0,normal
TRD-105707,2026-09-30 14:25:38.145,PHARMA,173.89,205,35647.45,0.349,0,normal
TRD-105708,2026-09-30 14:25:42.780,ENERGY,43.12,126,5433.12,0.084,0,normal
TRD-105709,2026-09-30 14:25:43.358,PHARMA,173.96,147,25572.12,0.487,0,normal
TRD-105710,2026-09-30 14:25:46.203,AUTO,86.71,161,13960.31,-0.116,0,normal
TRD-105711,2026-09-30 14:25:53.938,BANK,48.7,48,2337.6,0.08,0,normal
TRD-105712,2026-09-30 14:25:55.364,PHARMA,173.95,102,17742.9,-0.068,0,normal
TRD-105713,2026-09-30 14:25:57.514,BANK,48.7,474,23083.8,0.001,0,normal
TRD-105714,2026-09-30 14:26:00.057,ENERGY,43.14,474,20448.36,0.105,0,normal
TRD-105715,2026-09-30 14:26:00.723,TECH,207.72,11436,2375485.92,-0.066,1,volume_spike
TRD-105716,2026-09-30 14:26:07.444,ENERGY,43.2,249,10756.8,0.427,0,normal
TRD-105717,2026-09-30 14:26:09.919,TECH,202.12,368,74380.16,-5.56,1,price_shock
TRD-105718,2026-09-30 14:26:12.771,TECH,202.12,59,11925.08,-0.005,0,normal
TRD-105719,2026-09-30 14:26:19.873,ENERGY,43.17,290,12519.3,-0.197,0,normal
TRD-105720,2026-09-30 14:26:24.129,TECH,202.12,2737,553202.44,2.555,1,multivariate_break
TRD-105721,2026-09-30 14:26:24.816,BANK,48.69,971,47277.99,-0.099,0,normal
TRD-105722,2026-09-30 14:26:27.765,PHARMA,173.98,74,12874.52,0.206,0,normal
TRD-105723,2026-09-30 14:26:29.331,AUTO,86.69,90,7802.1,-0.13,0,normal
TRD-105724,2026-09-30 14:26:30.781,BANK,48.69,171,8325.99,-0.011,0,normal
TRD-105725,2026-09-30 14:26:33.361,BANK,48.68,171,8324.28,-0.024,0,normal
TRD-105726,2026-09-30 14:26:34.871,BANK,48.71,592,28836.32,0.161,0,normal
TRD-105727,2026-09-30 14:26:37.470,PHARMA,173.99,111,19312.89,0.013,0,normal
TRD-105728,2026-09-30 14:26:42.370,AUTO,86.73,174,15091.02,0.26,0,normal
TRD-105729,2026-09-30 14:26:43.921,AUTO,86.73,201,17432.73,-0.017,0,normal
TRD-105730,2026-09-30 14:26:47.183,TECH,202.11,225,45474.75,-0.065,0,normal
TRD-105731,2026-09-30 14:26:47.540,AUTO,86.7,141,12224.7,-0.223,0,normal
TRD-105732,2026-09-30 14:26:47.585,TECH,202.16,76,15364.16,0.349,0,normal
TRD-105733,2026-09-30 14:26:47.961,PHARMA,174.05,623,108433.15,0.39,0,normal
TRD-105734,2026-09-30 14:26:48.052,TECH,202.17,294,59437.98,0.03,0,normal
TRD-105735,2026-09-30 14:26:48.284,TECH,202.17,178,35986.26,0.051,0,normal
TRD-105736,2026-09-30 14:26:50.243,TECH,202.14,148,29916.72,-0.202,0,normal
TRD-105737,2026-09-30 14:26:59.348,AUTO,86.7,192,16646.4,0.032,0,normal
TRD-105738,2026-09-30 14:27:01.898,PHARMA,174.01,171,29755.71,-0.251,0,normal
TRD-105739,2026-09-30 14:27:06.077,AUTO,86.71,459,39799.89,0.032,0,normal
TRD-105740,2026-09-30 14:27:08.223,PHARMA,173.98,256,44538.88,-0.178,0,normal
TRD-105741,2026-09-30 14:27:08.502,AUTO,86.76,123,10671.48,0.344,0,normal
TRD-105742,2026-09-30 14:27:09.264,ENERGY,43.2,321,13867.2,0.187,0,normal
TRD-105743,2026-09-30 14:27:13.833,TECH,202.17,508,102702.36,0.174,0,normal
TRD-105744,2026-09-30 14:27:14.885,AUTO,86.75,269,23335.75,-0.036,0,normal
TRD-105745,2026-09-30 14:27:15.187,BANK,48.7,300,14610.0,-0.038,0,normal
TRD-105746,2026-09-30 14:27:15.762,TECH,202.21,190,38419.9,0.285,0,normal
TRD-105747,2026-09-30 14:27:17.472,BANK,48.72,125,6090.0,0.081,0,normal
TRD-105748,2026-09-30 14:27:17.881,BANK,48.71,530,25816.3,-0.027,0,normal
TRD-105749,2026-09-30 14:27:19.252,BANK,48.74,385,18764.9,0.179,0,normal
TRD-105750,2026-09-30 14:27:21.258,AUTO,86.74,182,15786.68,-0.098,0,normal
TRD-105751,2026-09-30 14:27:21.533,PHARMA,174.0,313,54462.0,0.096,0,normal
TRD-105752,2026-09-30 14:27:41.100,BANK,48.75,220,10725.0,0.076,0,normal
TRD-105753,2026-09-30 14:27:46.270,TECH,202.17,110,22238.7,-0.274,0,normal
TRD-105754,2026-09-30 14:27:48.375,TECH,202.08,164,33141.12,-0.637,0,normal
TRD-105755,2026-09-30 14:27:50.399,PHARMA,174.06,461,80241.66,0.449,0,normal
TRD-105756,2026-09-30 14:27:59.836,TECH,202.02,157,31717.14,-0.344,0,normal
TRD-105757,2026-09-30 14:28:05.869,ENERGY,43.25,129,5579.25,0.294,0,normal
TRD-105758,2026-09-30 14:28:06.320,BANK,48.75,440,21450.0,0.016,0,normal
TRD-105759,2026-09-30 14:28:07.913,TECH,202.07,188,37989.16,0.307,0,normal
TRD-105760,2026-09-30 14:28:09.950,TECH,202.09,142,28696.78,0.142,0,normal
TRD-105761,2026-09-30 14:28:12.832,PHARMA,174.07,99,17232.93,0.027,0,normal
TRD-105762,2026-09-30 14:28:16.549,AUTO,86.77,316,27419.32,0.191,0,normal
TRD-105763,2026-09-30 14:28:18.268,PHARMA,174.05,149,25933.45,-0.115,0,normal
TRD-105764,2026-09-30 14:28:23.494,BANK,48.73,501,24413.73,-0.131,0,normal
TRD-105765,2026-09-30 14:28:24.483,ENERGY,43.31,207,8965.17,0.445,0,normal
TRD-105766,2026-09-30 14:28:28.401,BANK,48.73,837,40787.01,-0.047,0,normal
TRD-105767,2026-09-30 14:28:29.502,TECH,202.11,135,27284.85,0.092,0,normal
TRD-105768,2026-09-30 14:28:33.001,BANK,48.73,561,27337.53,0.01,0,normal
TRD-105769,2026-09-30 14:28:33.793,BANK,48.71,286,13931.06,-0.106,0,normal
TRD-105770,2026-09-30 14:28:41.092,AUTO,86.81,268,23265.08,0.266,0,normal
TRD-105771,2026-09-30 14:28:45.915,TECH,202.08,153,30918.24,-0.193,0,normal
TRD-105772,2026-09-30 14:28:47.112,TECH,202.1,172,34761.2,0.173,0,normal
TRD-105773,2026-09-30 14:28:48.076,AUTO,86.79,400,34716.0,-0.134,0,normal
TRD-105774,2026-09-30 14:28:50.144,TECH,202.06,111,22428.66,-0.303,0,normal
TRD-105775,2026-09-30 14:28:51.515,AUTO,86.81,176,15278.56,0.181,0,normal
TRD-105776,2026-09-30 14:28:52.524,PHARMA,174.1,92,16017.2,0.362,0,normal
TRD-105777,2026-09-30 14:28:52.619,AUTO,86.83,140,12156.2,0.128,0,normal
TRD-105778,2026-09-30 14:28:56.452,BANK,48.7,107,5210.9,-0.086,0,normal
TRD-105779,2026-09-30 14:28:56.739,ENERGY,43.29,185,8008.65,-0.15,0,normal
TRD-105780,2026-09-30 14:28:58.345,AUTO,86.85,277,24057.45,0.115,0,normal
TRD-105781,2026-09-30 14:29:02.379,ENERGY,43.3,236,10218.8,0.045,0,normal
TRD-105782,2026-09-30 14:29:04.264,PHARMA,174.1,74,12883.4,-0.0,0,normal
TRD-105783,2026-09-30 14:29:12.205,PHARMA,174.14,195,33957.3,0.211,0,normal
TRD-105784,2026-09-30 14:29:13.261,TECH,202.08,269,54359.52,0.136,0,normal
TRD-105785,2026-09-30 14:29:21.082,TECH,202.09,251,50724.59,0.087,0,normal
TRD-105786,2026-09-30 14:29:25.692,PHARMA,174.17,152,26473.84,0.199,0,normal
TRD-105787,2026-09-30 14:29:37.597,BANK,48.69,282,13730.58,-0.055,0,normal
TRD-105788,2026-09-30 14:29:44.803,PHARMA,178.63,82,14647.66,4.46,1,price_shock
TRD-105789,2026-09-30 14:29:48.682,TECH,202.1,310,62651.0,0.03,0,normal
TRD-105790,2026-09-30 14:29:49.081,AUTO,86.85,345,29963.25,0.005,0,normal
TRD-105791,2026-09-30 14:29:52.793,ENERGY,43.31,162,7016.22,0.051,0,normal
TRD-105792,2026-09-30 14:29:54.305,AUTO,86.84,112,9726.08,-0.088,0,normal
TRD-105793,2026-09-30 14:29:56.030,TECH,202.1,112,22635.2,0.062,0,normal
TRD-105794,2026-09-30 14:29:59.821,PHARMA,178.7,535,95604.5,0.467,0,normal
TRD-105795,2026-09-30 14:30:01.734,TECH,202.11,96,19402.56,0.015,0,normal
TRD-105796,2026-09-30 14:30:04.956,PHARMA,178.69,251,44851.19,-0.098,0,normal
TRD-105797,2026-09-30 14:30:05.104,AUTO,86.9,295,25635.5,0.376,0,normal
TRD-105798,2026-09-30 14:30:06.134,AUTO,86.92,214,18600.88,0.166,0,normal
TRD-105799,2026-09-30 14:30:11.715,BANK,48.68,381,18547.08,-0.099,0,normal
TRD-105800,2026-09-30 14:30:12.070,BANK,48.69,258,12562.02,0.122,0,normal
TRD-105801,2026-09-30 14:30:17.382,TECH,202.06,453,91533.18,-0.301,0,normal
TRD-105802,2026-09-30 14:30:17.849,AUTO,86.93,108,9388.44,0.095,0,normal
TRD-105803,2026-09-30 14:30:21.702,AUTO,86.98,551,47925.98,0.304,0,normal
TRD-105804,2026-09-30 14:30:27.533,TECH,202.07,173,34958.11,0.068,0,normal
TRD-105805,2026-09-30 14:30:28.244,AUTO,86.99,286,24879.14,0.039,0,normal
TRD-105806,2026-09-30 14:30:39.345,TECH,202.08,145,29301.6,0.07,0,normal
TRD-105807,2026-09-30 14:30:39.571,AUTO,86.99,130,11308.7,0.058,0,normal
TRD-105808,2026-09-30 14:30:40.632,ENERGY,43.27,313,13543.51,-0.204,0,normal
TRD-105809,2026-09-30 14:30:44.273,TECH,202.13,134,27085.42,0.333,0,normal
TRD-105810,2026-09-30 14:30:46.660,TECH,202.1,137,27687.7,-0.181,0,normal
TRD-105811,2026-09-30 14:30:47.087,TECH,202.12,330,66699.6,0.086,0,normal
TRD-105812,2026-09-30 14:30:47.726,TECH,202.14,227,45885.78,0.13,0,normal
TRD-105813,2026-09-30 14:30:52.476,TECH,202.21,290,58640.9,0.468,0,normal
TRD-105814,2026-09-30 14:30:56.069,AUTO,86.97,294,25569.18,-0.158,0,normal
TRD-105815,2026-09-30 14:31:00.963,TECH,202.19,310,62678.9,-0.118,0,normal
TRD-105816,2026-09-30 14:31:05.091,BANK,48.68,130,6328.4,-0.119,0,normal
TRD-105817,2026-09-30 14:31:08.357,BANK,48.66,374,18198.84,-0.095,0,normal
TRD-105818,2026-09-30 14:31:10.527,PHARMA,178.7,250,44675.0,0.096,0,normal
TRD-105819,2026-09-30 14:31:11.060,TECH,202.19,58,11727.02,0.016,0,normal
TRD-105820,2026-09-30 14:31:12.250,PHARMA,178.74,37,6613.38,0.281,0,normal
TRD-105821,2026-09-30 14:31:22.851,AUTO,86.92,249,21643.08,-0.354,0,normal
TRD-105822,2026-09-30 14:31:23.744,PHARMA,178.73,574,102591.02,-0.085,0,normal
TRD-105823,2026-09-30 14:31:24.457,AUTO,86.9,284,24679.6,-0.131,0,normal
TRD-105824,2026-09-30 14:31:26.362,ENERGY,43.28,268,11599.04,0.02,0,normal
TRD-105825,2026-09-30 14:31:31.519,AUTO,86.89,378,32844.42,-0.069,0,normal
TRD-105826,2026-09-30 14:31:39.271,PHARMA,178.7,426,76126.2,-0.21,0,normal
TRD-105827,2026-09-30 14:31:48.783,AUTO,86.86,226,19630.36,-0.2,0,normal
TRD-105828,2026-09-30 14:31:51.398,ENERGY,43.33,236,10225.88,0.346,0,normal
TRD-105829,2026-09-30 14:31:51.485,TECH,202.27,203,41060.81,0.545,0,normal
TRD-105830,2026-09-30 14:32:02.963,PHARMA,178.73,121,21626.33,0.185,0,normal
TRD-105831,2026-09-30 14:32:06.430,TECH,202.26,166,33575.16,-0.065,0,normal
TRD-105832,2026-09-30 14:32:06.871,ENERGY,43.35,85,3684.75,0.11,0,normal
TRD-105833,2026-09-30 14:32:06.892,PHARMA,178.78,46,8223.88,0.357,0,normal
TRD-105834,2026-09-30 14:32:07.346,TECH,202.23,144,29121.12,-0.221,0,normal
TRD-105835,2026-09-30 14:32:18.108,BANK,48.63,506,24606.78,-0.193,0,normal
TRD-105836,2026-09-30 14:32:20.488,ENERGY,43.33,108,4679.64,-0.132,0,normal
TRD-105837,2026-09-30 14:32:20.710,BANK,48.64,495,24076.8,0.029,0,normal
TRD-105838,2026-09-30 14:32:23.099,TECH,202.22,59,11930.98,-0.06,0,normal
TRD-105839,2026-09-30 14:32:26.823,ENERGY,43.29,87,3766.23,-0.25,0,normal
TRD-105840,2026-09-30 14:32:27.346,BANK,48.63,234,11379.42,-0.051,0,normal
TRD-105841,2026-09-30 14:32:29.317,TECH,202.26,178,36002.28,0.267,0,normal
TRD-105842,2026-09-30 14:32:35.242,TECH,202.24,175,35392.0,-0.136,0,normal
TRD-105843,2026-09-30 14:32:35.527,ENERGY,43.34,342,14822.28,0.345,0,normal
TRD-105844,2026-09-30 14:32:48.063,BANK,48.63,552,26843.76,-0.022,0,normal
TRD-105845,2026-09-30 14:32:48.870,BANK,48.63,1007,48970.41,0.024,0,normal
TRD-105846,2026-09-30 14:32:52.366,TECH,202.21,154,31140.34,-0.214,0,normal
TRD-105847,2026-09-30 14:32:55.027,BANK,48.61,404,19638.44,-0.111,0,normal
TRD-105848,2026-09-30 14:32:57.083,AUTO,86.85,331,28747.35,-0.062,0,normal
TRD-105849,2026-09-30 14:32:57.619,TECH,202.23,258,52175.34,0.112,0,normal
TRD-105850,2026-09-30 14:33:02.953,TECH,202.32,109,22052.88,0.598,0,normal
TRD-105851,2026-09-30 14:33:05.237,AUTO,79.95,335,26783.25,-6.903,1,price_shock
TRD-105852,2026-09-30 14:33:18.833,BANK,48.64,267,12986.88,0.155,0,normal
TRD-105853,2026-09-30 14:33:23.080,TECH,202.33,165,33384.45,0.104,0,normal
TRD-105854,2026-09-30 14:33:24.848,TECH,202.33,78,15781.74,-0.032,0,normal
TRD-105855,2026-09-30 14:33:25.790,BANK,48.61,459,22311.99,-0.141,0,normal
TRD-105856,2026-09-30 14:33:26.283,TECH,202.35,51,10319.85,0.148,0,normal
TRD-105857,2026-09-30 14:33:37.271,AUTO,79.98,738,59025.24,0.211,0,normal
TRD-105858,2026-09-30 14:33:51.000,TECH,202.34,196,39658.64,-0.085,0,normal
TRD-105859,2026-09-30 14:34:00.690,TECH,202.29,306,61900.74,-0.311,0,normal
TRD-105860,2026-09-30 14:34:02.276,BANK,48.62,112,5445.44,0.01,0,normal
TRD-105861,2026-09-30 14:34:07.808,BANK,48.63,408,19841.04,0.102,0,normal
TRD-105862,2026-09-30 14:34:08.382,AUTO,80.04,583,46663.32,0.373,0,normal
TRD-105863,2026-09-30 14:34:08.513,BANK,48.64,589,28648.96,0.026,0,normal
TRD-105864,2026-09-30 14:34:09.087,ENERGY,43.35,142,6155.7,0.09,0,normal
TRD-105865,2026-09-30 14:34:13.125,BANK,48.65,786,38238.9,0.125,0,normal
TRD-105866,2026-09-30 14:34:13.966,TECH,202.2,192,38822.4,-0.627,0,normal
TRD-105867,2026-09-30 14:34:16.975,AUTO,80.03,244,19527.32,-0.067,0,normal
TRD-105868,2026-09-30 14:34:20.552,BANK,48.63,562,27330.06,-0.18,0,normal
TRD-105869,2026-09-30 14:34:20.801,PHARMA,178.72,167,29846.24,-0.376,0,normal
TRD-105870,2026-09-30 14:34:23.024,TECH,202.08,269,54359.52,-0.767,0,normal
TRD-105871,2026-09-30 14:34:24.297,TECH,202.08,139,28089.12,0.023,0,normal
TRD-105872,2026-09-30 14:34:26.782,AUTO,80.04,123,9844.92,0.059,0,normal
TRD-105873,2026-09-30 14:34:27.960,PHARMA,178.7,221,39492.7,-0.158,0,normal
TRD-105874,2026-09-30 14:34:28.363,TECH,202.19,105,21229.95,0.734,0,normal
TRD-105875,2026-09-30 14:34:29.821,ENERGY,43.35,84,3641.4,-0.03,0,normal
TRD-105876,2026-09-30 14:34:42.201,AUTO,79.98,67,5358.66,-0.36,0,normal
TRD-105877,2026-09-30 14:34:42.931,TECH,197.54,5,987.7,-4.65,1,liquidity_vacuum
TRD-105878,2026-09-30 14:34:46.212,BANK,48.6,360,17496.0,-0.18,0,normal
TRD-105879,2026-09-30 14:34:53.647,AUTO,80.0,270,21600.0,0.11,0,normal
TRD-105880,2026-09-30 14:34:54.678,PHARMA,178.65,75,13398.75,-0.334,0,normal
TRD-105881,2026-09-30 14:34:56.247,TECH,202.17,218,44073.06,-0.154,0,normal
TRD-105882,2026-09-30 14:34:57.863,TECH,202.12,80,16169.6,-0.313,0,normal
TRD-105883,2026-09-30 14:34:59.457,BANK,48.61,366,17791.26,0.075,0,normal
TRD-105884,2026-09-30 14:35:07.820,TECH,202.16,327,66106.32,0.241,0,normal
TRD-105885,2026-09-30 14:35:08.764,TECH,202.21,309,62482.89,0.311,0,normal
TRD-105886,2026-09-30 14:35:16.248,AUTO,86.94,323,28081.62,6.94,1,price_shock
TRD-105887,2026-09-30 14:35:18.657,AUTO,86.96,378,32870.88,0.122,0,normal
TRD-105888,2026-09-30 14:35:20.412,TECH,202.23,102,20627.46,0.136,0,normal
TRD-105889,2026-09-30 14:35:25.944,ENERGY,43.34,172,7454.48,-0.062,0,normal
TRD-105890,2026-09-30 14:35:25.977,TECH,202.35,484,97937.4,0.839,0,normal
TRD-105891,2026-09-30 14:35:26.842,BANK,48.6,130,6318.0,-0.084,0,normal
TRD-105892,2026-09-30 14:35:29.172,ENERGY,43.32,148,6411.36,-0.126,0,normal
TRD-105893,2026-09-30 14:35:31.260,AUTO,86.95,354,30780.3,-0.075,0,normal
TRD-105894,2026-09-30 14:35:33.187,PHARMA,178.72,134,23948.48,0.49,0,normal
TRD-105895,2026-09-30 14:35:33.935,BANK,48.59,360,17492.4,-0.054,0,normal
TRD-105896,2026-09-30 14:35:37.480,BANK,48.59,143,6948.37,0.012,0,normal
TRD-105897,2026-09-30 14:35:39.475,BANK,48.6,850,41310.0,0.031,0,normal
TRD-105898,2026-09-30 14:35:39.980,AUTO,86.95,221,19215.95,0.053,0,normal
TRD-105899,2026-09-30 14:35:40.727,ENERGY,43.35,417,18076.95,0.167,0,normal
TRD-105900,2026-09-30 14:35:44.941,BANK,48.62,247,12009.14,0.139,0,normal
TRD-105901,2026-09-30 14:35:55.088,TECH,202.38,385,77916.3,0.183,0,normal
TRD-105902,2026-09-30 14:36:06.589,TECH,202.36,612,123844.32,-0.131,0,normal
TRD-105903,2026-09-30 14:36:09.387,TECH,202.4,255,51612.0,0.263,0,normal
TRD-105904,2026-09-30 14:36:10.495,PHARMA,178.79,590,105486.1,0.469,0,normal
TRD-105905,2026-09-30 14:36:13.117,PHARMA,178.82,236,42201.52,0.174,0,normal
TRD-105906,2026-09-30 14:36:13.435,ENERGY,43.32,199,8620.68,-0.147,0,normal
TRD-105907,2026-09-30 14:36:24.247,TECH,202.34,446,90243.64,-0.419,0,normal
TRD-105908,2026-09-30 14:36:37.212,AUTO,86.89,573,49787.97,-0.414,0,normal
TRD-105909,2026-09-30 14:36:38.909,TECH,202.36,207,41888.52,0.169,0,normal
TRD-105910,2026-09-30 14:36:40.473,ENERGY,43.33,113,4896.29,0.026,0,normal
TRD-105911,2026-09-30 14:36:49.318,ENERGY,43.28,619,26790.32,-0.341,0,normal
TRD-105912,2026-09-30 14:36:53.539,TECH,202.3,118,23871.4,-0.406,0,normal
TRD-105913,2026-09-30 14:37:04.503,TECH,202.32,756,152953.92,0.096,0,normal
TRD-105914,2026-09-30 14:37:04.856,ENERGY,43.26,70,3028.2,-0.097,0,normal
TRD-105915,2026-09-30 14:37:08.648,AUTO,86.89,260,22591.4,-0.02,0,normal
TRD-105916,2026-09-30 14:37:20.022,TECH,202.41,145,29349.45,0.602,0,normal
TRD-105917,2026-09-30 14:37:29.667,PHARMA,178.88,174,31125.12,0.379,0,normal
TRD-105918,2026-09-30 14:37:33.174,BANK,48.6,276,13413.6,-0.088,0,normal
TRD-105919,2026-09-30 14:37:33.590,PHARMA,178.84,130,23249.2,-0.252,0,normal
TRD-105920,2026-09-30 14:37:40.586,TECH,202.36,182,36829.52,-0.307,0,normal
TRD-105921,2026-09-30 14:37:41.019,BANK,48.62,400,19448.0,0.073,0,normal
TRD-105922,2026-09-30 14:37:42.252,BANK,48.65,586,28508.9,0.238,0,normal
TRD-105923,2026-09-30 14:37:46.606,TECH,202.43,97,19635.71,0.452,0,normal
TRD-105924,2026-09-30 14:37:49.401,ENERGY,43.26,178,7700.28,0.004,0,normal
TRD-105925,2026-09-30 14:37:49.452,AUTO,86.94,278,24169.32,0.343,0,normal
TRD-105926,2026-09-30 14:37:57.064,PHARMA,178.79,163,29142.77,-0.322,0,normal
TRD-105927,2026-09-30 14:37:58.945,BANK,48.66,287,13965.42,0.034,0,normal
TRD-105928,2026-09-30 14:38:06.712,PHARMA,178.81,233,41662.73,0.169,0,normal
TRD-105929,2026-09-30 14:38:07.948,TECH,202.42,199,40281.58,-0.088,0,normal
TRD-105930,2026-09-30 14:38:09.074,TECH,202.52,424,85868.48,0.696,0,normal
TRD-105931,2026-09-30 14:38:17.929,AUTO,86.98,30,2609.4,0.256,0,normal
TRD-105932,2026-09-30 14:38:18.018,TECH,202.63,211,42754.93,0.71,0,normal
TRD-105933,2026-09-30 14:38:22.922,AUTO,86.99,51,4436.49,0.075,0,normal
TRD-105934,2026-09-30 14:38:36.670,TECH,202.55,181,36661.55,-0.511,0,normal
TRD-105935,2026-09-30 14:38:42.461,PHARMA,178.82,158,28253.56,0.039,0,normal
TRD-105936,2026-09-30 14:38:42.949,TECH,202.54,100,20254.0,-0.056,0,normal
TRD-105937,2026-09-30 14:38:57.273,PHARMA,178.89,199,35599.11,0.468,0,normal
TRD-105938,2026-09-30 14:39:05.430,BANK,48.66,287,13965.42,0.014,0,normal
TRD-105939,2026-09-30 14:39:06.718,AUTO,86.91,113,9820.83,-0.535,0,normal
TRD-105940,2026-09-30 14:39:06.725,ENERGY,43.32,109,4721.88,0.396,0,normal
TRD-105941,2026-09-30 14:39:08.301,AUTO,86.94,564,49034.16,0.227,0,normal
TRD-105942,2026-09-30 14:39:10.539,ENERGY,43.36,258,11186.88,0.249,0,normal
TRD-105943,2026-09-30 14:39:12.457,AUTO,86.93,136,11822.48,-0.097,0,normal
TRD-105944,2026-09-30 14:39:12.793,BANK,48.66,252,12262.32,0.034,0,normal
TRD-105945,2026-09-30 14:39:19.543,AUTO,86.91,883,76741.53,-0.121,0,normal
TRD-105946,2026-09-30 14:39:22.315,AUTO,86.88,354,30755.52,-0.226,0,normal
TRD-105947,2026-09-30 14:39:35.343,TECH,202.48,114,23082.72,-0.411,0,normal
TRD-105948,2026-09-30 14:39:38.082,TECH,202.46,172,34823.12,-0.134,0,normal
TRD-105949,2026-09-30 14:39:38.548,TECH,202.43,316,63967.88,-0.227,0,normal
TRD-105950,2026-09-30 14:39:39.938,AUTO,86.88,2908,252647.04,2.821,1,multivariate_break
TRD-105951,2026-09-30 14:39:40.189,BANK,48.66,289,14062.74,-0.052,0,normal
TRD-105952,2026-09-30 14:39:42.748,ENERGY,43.3,172,7447.6,-0.384,0,normal
TRD-105953,2026-09-30 14:39:44.217,PHARMA,178.93,46,8230.78,0.247,0,normal
TRD-105954,2026-09-30 14:39:44.529,ENERGY,43.32,357,15465.24,0.109,0,normal
TRD-105955,2026-09-30 14:39:51.663,PHARMA,178.88,64,11448.32,-0.316,0,normal
TRD-105956,2026-09-30 14:39:53.131,TECH,202.52,316,63996.32,0.6,0,normal
TRD-105957,2026-09-30 14:39:55.111,TECH,202.48,394,79777.12,-0.25,0,normal
TRD-105958,2026-09-30 14:39:58.543,TECH,202.48,241,48797.68,0.036,0,normal
TRD-105959,2026-09-30 14:39:58.584,TECH,202.48,197,39888.56,-0.014,0,normal
TRD-105960,2026-09-30 14:40:03.269,AUTO,86.86,540,46904.4,-0.113,0,normal
TRD-105961,2026-09-30 14:40:05.580,BANK,48.65,145,7054.25,-0.025,0,normal
TRD-105962,2026-09-30 14:40:07.356,TECH,202.58,243,49226.94,0.688,0,normal
TRD-105963,2026-09-30 14:40:09.255,AUTO,86.86,265,23017.9,-0.037,0,normal
TRD-105964,2026-09-30 14:40:13.529,AUTO,86.92,539,46849.88,0.413,0,normal
TRD-105965,2026-09-30 14:40:15.738,AUTO,86.97,129,11219.13,0.323,0,normal
TRD-105966,2026-09-30 14:40:16.534,ENERGY,43.33,189,8189.37,0.053,0,normal
TRD-105967,2026-09-30 14:40:21.548,BANK,48.67,584,28423.28,0.11,0,normal
TRD-105968,2026-09-30 14:40:24.677,AUTO,87.0,111,9657.0,0.233,0,normal
TRD-105969,2026-09-30 14:40:32.049,TECH,202.56,142,28763.52,-0.156,0,normal
TRD-105970,2026-09-30 14:40:32.100,ENERGY,43.31,175,7579.25,-0.096,0,normal
TRD-105971,2026-09-30 14:40:35.542,TECH,202.54,248,50229.92,-0.116,0,normal
TRD-105972,2026-09-30 14:40:36.709,AUTO,86.96,153,13304.88,-0.296,0,normal
TRD-105973,2026-09-30 14:40:38.972,TECH,202.54,233,47191.82,0.007,0,normal
TRD-105974,2026-09-30 14:40:42.344,TECH,202.52,88,17821.76,-0.14,0,normal
TRD-105975,2026-09-30 14:40:56.711,AUTO,86.94,139,12084.66,-0.115,0,normal
TRD-105976,2026-09-30 14:40:59.640,ENERGY,43.31,140,6063.4,-0.022,0,normal
TRD-105977,2026-09-30 14:40:59.768,TECH,202.55,116,23495.8,0.192,0,normal
TRD-105978,2026-09-30 14:41:01.828,BANK,48.71,273,13297.83,0.3,0,normal
TRD-105979,2026-09-30 14:41:02.882,ENERGY,43.3,165,7144.5,-0.082,0,normal
TRD-105980,2026-09-30 14:41:06.934,TECH,202.56,261,52868.16,0.042,0,normal
TRD-105981,2026-09-30 14:41:08.629,TECH,202.6,110,22286.0,0.253,0,normal
TRD-105982,2026-09-30 14:41:08.839,TECH,202.62,205,41537.1,0.155,0,normal
TRD-105983,2026-09-30 14:41:11.191,TECH,199.85,1,199.85,-2.773,1,liquidity_vacuum
TRD-105984,2026-09-30 14:41:13.154,AUTO,86.94,161,13997.34,-0.018,0,normal
TRD-105985,2026-09-30 14:41:20.060,BANK,48.71,575,28008.25,-0.007,0,normal
TRD-105986,2026-09-30 14:41:20.107,TECH,202.67,92,18645.64,0.345,0,normal
TRD-105987,2026-09-30 14:41:22.099,TECH,202.62,205,41537.1,-0.345,0,normal
TRD-105988,2026-09-30 14:41:23.812,TECH,202.71,213,43177.23,0.627,0,normal
TRD-105989,2026-09-30 14:41:26.206,AUTO,86.94,224,19474.56,0.05,0,normal
TRD-105990,2026-09-30 14:41:28.545,TECH,202.73,158,32031.34,0.088,0,normal
TRD-105991,2026-09-30 14:41:29.912,TECH,202.76,60,12165.6,0.2,0,normal
TRD-105992,2026-09-30 14:41:31.527,BANK,48.72,307,14957.04,0.055,0,normal
TRD-105993,2026-09-30 14:41:38.522,TECH,202.73,228,46222.44,-0.163,0,normal
TRD-105994,2026-09-30 14:41:40.296,ENERGY,43.29,108,4675.32,-0.066,0,normal
TRD-105995,2026-09-30 14:41:46.203,ENERGY,43.25,107,4627.75,-0.229,0,normal
TRD-105996,2026-09-30 14:41:46.331,AUTO,86.96,146,12696.16,0.119,0,normal
TRD-105997,2026-09-30 14:41:52.789,ENERGY,43.21,161,6956.81,-0.262,0,normal
TRD-105998,2026-09-30 14:41:54.930,TECH,202.65,149,30194.85,-0.575,0,normal
TRD-105999,2026-09-30 14:41:56.612,TECH,202.66,191,38708.06,0.104,0,normal
TRD-106000,2026-09-30 14:41:58.036,TECH,202.63,231,46807.53,-0.219,0,normal
TRD-106001,2026-09-30 14:42:00.081,ENERGY,43.27,123,5322.21,0.357,0,normal
TRD-106002,2026-09-30 14:42:01.660,PHARMA,178.91,178,31845.98,0.197,0,normal
TRD-106003,2026-09-30 14:42:03.219,TECH,202.62,108,21882.96,-0.07,0,normal
TRD-106004,2026-09-30 14:42:08.342,PHARMA,178.91,102,18248.82,-0.025,0,normal
TRD-106005,2026-09-30 14:42:13.728,ENERGY,43.22,134,5791.48,-0.326,0,normal
TRD-106006,2026-09-30 14:42:19.143,AUTO,86.99,235,20442.65,0.212,0,normal
TRD-106007,2026-09-30 14:42:21.966,AUTO,87.05,129,11229.45,0.369,0,normal
TRD-106008,2026-09-30 14:42:22.948,ENERGY,43.22,241,10416.02,0.04,0,normal
TRD-106009,2026-09-30 14:42:33.831,AUTO,87.07,189,16456.23,0.168,0,normal
TRD-106010,2026-09-30 14:42:35.968,ENERGY,43.23,154,6657.42,0.055,0,normal
TRD-106011,2026-09-30 14:42:40.437,BANK,48.72,210,10231.2,0.018,0,normal
TRD-106012,2026-09-30 14:42:42.726,TECH,202.56,306,61983.36,-0.36,0,normal
TRD-106013,2026-09-30 14:42:43.059,TECH,202.56,113,22889.28,-0.007,0,normal
TRD-106014,2026-09-30 14:42:44.786,TECH,202.57,351,71102.07,0.026,0,normal
TRD-106015,2026-09-30 14:42:51.409,PHARMA,178.9,150,26835.0,-0.043,0,normal
TRD-106016,2026-09-30 14:42:53.204,AUTO,87.05,487,42393.35,-0.178,0,normal
TRD-106017,2026-09-30 14:42:56.067,TECH,202.49,136,27538.64,-0.5,0,normal
TRD-106018,2026-09-30 14:42:56.201,BANK,48.76,362,17651.12,0.228,0,normal
TRD-106019,2026-09-30 14:43:00.504,PHARMA,178.92,100,17892.0,0.12,0,normal
TRD-106020,2026-09-30 14:43:01.783,TECH,202.52,90,18226.8,0.209,0,normal
TRD-106021,2026-09-30 14:43:01.853,ENERGY,43.22,146,6310.12,-0.113,0,normal
TRD-106022,2026-09-30 14:43:02.156,ENERGY,43.15,228,9838.2,-0.466,0,normal
TRD-106023,2026-09-30 14:43:03.119,BANK,48.76,406,19796.56,0.02,0,normal
TRD-106024,2026-09-30 14:43:05.775,BANK,48.72,521,25383.12,-0.241,0,normal
TRD-106025,2026-09-30 14:43:06.770,ENERGY,43.14,248,10698.72,-0.064,0,normal
TRD-106026,2026-09-30 14:43:10.248,ENERGY,43.05,303,13044.15,-0.578,0,normal
TRD-106027,2026-09-30 14:43:10.478,ENERGY,43.12,337,14531.44,0.495,0,normal
TRD-106028,2026-09-30 14:43:10.806,TECH,202.44,267,54051.48,-0.587,0,normal
TRD-106029,2026-09-30 14:43:14.189,BANK,48.73,169,8235.37,0.065,0,normal
TRD-106030,2026-09-30 14:43:15.163,TECH,202.43,158,31983.94,-0.066,0,normal
TRD-106031,2026-09-30 14:43:21.453,ENERGY,43.13,142,6124.46,0.032,0,normal
TRD-106032,2026-09-30 14:43:21.496,ENERGY,43.1,143,6163.3,-0.171,0,normal
TRD-106033,2026-09-30 14:43:22.781,TECH,202.37,288,58282.56,-0.368,0,normal
TRD-106034,2026-09-30 14:43:24.322,BANK,48.73,190,9258.7,-0.014,0,normal
TRD-106035,2026-09-30 14:43:25.926,AUTO,87.02,399,34720.98,-0.156,0,normal
TRD-106036,2026-09-30 14:43:26.426,AUTO,87.05,174,15146.7,0.157,0,normal
TRD-106037,2026-09-30 14:43:29.034,BANK,48.74,480,23395.2,0.053,0,normal
TRD-106038,2026-09-30 14:43:29.260,TECH,202.39,133,26917.87,0.154,0,normal
TRD-106039,2026-09-30 14:43:32.629,BANK,48.74,1022,49812.28,0.001,0,normal
TRD-106040,2026-09-30 14:43:37.474,TECH,202.32,101,20434.32,-0.512,0,normal
TRD-106041,2026-09-30 14:43:42.361,PHARMA,178.89,154,27549.06,-0.172,0,normal
TRD-106042,2026-09-30 14:43:43.288,ENERGY,43.09,164,7066.76,-0.058,0,normal
TRD-106043,2026-09-30 14:43:43.830,ENERGY,43.08,121,5212.68,-0.114,0,normal
TRD-106044,2026-09-30 14:43:45.174,BANK,48.76,439,21405.64,0.162,0,normal
TRD-106045,2026-09-30 14:43:54.818,TECH,202.28,124,25082.72,-0.221,0,normal
TRD-106046,2026-09-30 14:43:56.223,BANK,48.76,354,17261.04,-0.038,0,normal
TRD-106047,2026-09-30 14:43:56.742,ENERGY,43.08,147,6332.76,0.007,0,normal
TRD-106048,2026-09-30 14:43:59.113,ENERGY,43.11,170,7328.7,0.186,0,normal
TRD-106049,2026-09-30 14:43:59.185,PHARMA,178.89,84,15026.76,-0.006,0,normal
TRD-106050,2026-09-30 14:43:59.277,TECH,202.33,129,26100.57,0.3,0,normal
TRD-106051,2026-09-30 14:43:59.789,PHARMA,178.83,154,27539.82,-0.414,0,normal
TRD-106052,2026-09-30 14:44:01.080,TECH,202.33,166,33586.78,0.015,0,normal
TRD-106053,2026-09-30 14:44:07.063,BANK,48.74,347,16912.78,-0.132,0,normal
TRD-106054,2026-09-30 14:44:07.116,PHARMA,178.82,89,15914.98,-0.044,0,normal
TRD-106055,2026-09-30 14:44:12.182,BANK,48.74,1500,73110.0,-0.025,0,normal
TRD-106056,2026-09-30 14:44:12.681,ENERGY,43.13,160,6900.8,0.14,0,normal
TRD-106057,2026-09-30 14:44:13.719,ENERGY,43.11,349,15045.39,-0.123,0,normal
TRD-106058,2026-09-30 14:44:17.853,TECH,202.24,163,32965.12,-0.594,0,normal
TRD-106059,2026-09-30 14:44:18.196,TECH,202.23,67,13549.41,-0.087,0,normal
TRD-106060,2026-09-30 14:44:18.654,TECH,202.24,232,46919.68,0.057,0,normal
TRD-106061,2026-09-30 14:44:20.225,TECH,202.2,141,28510.2,-0.229,0,normal
TRD-106062,2026-09-30 14:44:25.109,BANK,48.73,432,21051.36,-0.045,0,normal
TRD-106063,2026-09-30 14:44:29.844,ENERGY,43.14,410,17687.4,0.229,0,normal
TRD-106064,2026-09-30 14:44:33.530,BANK,48.72,308,15005.76,-0.085,0,normal
TRD-106065,2026-09-30 14:44:35.962,BANK,48.73,394,19199.62,0.103,0,normal
TRD-106066,2026-09-30 14:44:36.628,ENERGY,43.15,170,7335.5,0.033,0,normal
TRD-106067,2026-09-30 14:44:36.962,BANK,48.76,168,8191.68,0.168,0,normal
TRD-106068,2026-09-30 14:44:39.932,ENERGY,43.18,112,4836.16,0.237,0,normal
TRD-106069,2026-09-30 14:44:42.992,AUTO,87.12,276,24045.12,0.494,0,normal
TRD-106070,2026-09-30 14:44:45.459,TECH,202.2,169,34171.8,0.004,0,normal
TRD-106071,2026-09-30 14:44:46.304,BANK,48.76,227,11068.52,-0.002,0,normal
TRD-106072,2026-09-30 14:44:47.439,ENERGY,43.23,962,41587.26,0.305,0,normal
TRD-106073,2026-09-30 14:44:49.922,AUTO,87.12,109,9496.08,-0.033,0,normal
TRD-106074,2026-09-30 14:44:54.099,TECH,195.15,118,23027.7,-7.052,1,price_shock
TRD-106075,2026-09-30 14:44:54.983,TECH,195.17,93,18150.81,0.107,0,normal
TRD-106076,2026-09-30 14:44:58.445,TECH,195.22,100,19522.0,0.332,0,normal
TRD-106077,2026-09-30 14:45:00.235,TECH,199.82,2,399.64,4.606,1,liquidity_vacuum
TRD-106078,2026-09-30 14:45:03.255,ENERGY,43.23,201,8689.23,-0.001,0,normal
TRD-106079,2026-09-30 14:45:03.595,PHARMA,178.82,2566,458852.12,-2.452,1,multivariate_break
TRD-106080,2026-09-30 14:45:06.201,BANK,48.74,440,21445.6,-0.133,0,normal
TRD-106081,2026-09-30 14:45:10.016,ENERGY,43.26,213,9214.38,0.224,0,normal
TRD-106082,2026-09-30 14:45:12.703,TECH,195.15,480,93672.0,-0.421,0,normal
TRD-106083,2026-09-30 14:45:13.476,BANK,48.72,527,25675.44,-0.1,0,normal
TRD-106084,2026-09-30 14:45:16.497,TECH,195.16,506,98750.96,0.069,0,normal
TRD-106085,2026-09-30 14:45:16.694,TECH,195.01,95,18525.95,-1.017,0,normal
TRD-106086,2026-09-30 14:45:25.907,AUTO,87.16,310,27019.6,0.291,0,normal
TRD-106087,2026-09-30 14:45:26.535,PHARMA,178.74,106,18946.44,-0.546,0,normal
TRD-106088,2026-09-30 14:45:27.289,TECH,194.98,161,31391.78,-0.186,0,normal
TRD-106089,2026-09-30 14:45:31.153,ENERGY,43.25,408,17646.0,-0.088,0,normal
TRD-106090,2026-09-30 14:45:39.051,TECH,194.96,248,48350.08,-0.127,0,normal
TRD-106091,2026-09-30 14:45:42.676,AUTO,87.13,146,12720.98,-0.168,0,normal
TRD-106092,2026-09-30 14:45:46.395,TECH,194.9,206,40149.4,-0.394,0,normal
TRD-106093,2026-09-30 14:45:51.062,TECH,194.89,124,24166.36,-0.11,0,normal
TRD-106094,2026-09-30 14:45:52.231,AUTO,87.14,198,17253.72,0.048,0,normal
TRD-106095,2026-09-30 14:45:53.502,TECH,194.83,124,24158.92,-0.389,0,normal
TRD-106096,2026-09-30 14:45:56.653,TECH,194.82,142,27664.44,-0.072,0,normal
TRD-106097,2026-09-30 14:45:57.769,ENERGY,43.28,245,10603.6,0.187,0,normal
TRD-106098,2026-09-30 14:46:00.063,TECH,194.74,156,30379.44,-0.535,0,normal
TRD-106099,2026-09-30 14:46:06.947,ENERGY,43.28,194,8396.32,-0.005,0,normal
TRD-106100,2026-09-30 14:46:09.995,TECH,194.69,99,19274.31,-0.332,0,normal
TRD-106101,2026-09-30 14:46:14.558,BANK,48.72,2494,121507.68,1.998,1,multivariate_break
TRD-106102,2026-09-30 14:46:15.883,TECH,194.75,521,101464.75,0.383,0,normal
TRD-106103,2026-09-30 14:46:19.846,TECH,194.72,293,57052.96,-0.151,0,normal
TRD-106104,2026-09-30 14:46:20.296,BANK,48.69,225,10955.25,-0.213,0,normal
TRD-106105,2026-09-30 14:46:28.302,AUTO,87.1,152,13239.2,-0.289,0,normal
TRD-106106,2026-09-30 14:46:32.072,PHARMA,178.79,88,15733.52,0.311,0,normal
TRD-106107,2026-09-30 14:46:35.413,BANK,48.66,285,13868.1,-0.182,0,normal
TRD-106108,2026-09-30 14:46:36.277,ENERGY,43.3,7619,329902.7,-0.001,1,volume_spike
TRD-106109,2026-09-30 14:46:37.667,TECH,194.74,153,29795.22,0.118,0,normal
TRD-106110,2026-09-30 14:46:39.541,TECH,194.73,223,43424.79,-0.083,0,normal
TRD-106111,2026-09-30 14:46:40.045,AUTO,87.09,120,10450.8,-0.071,0,normal
TRD-106112,2026-09-30 14:46:50.479,TECH,194.63,302,58778.26,-0.64,0,normal
TRD-106113,2026-09-30 14:46:51.887,ENERGY,43.25,126,5449.5,-0.144,0,normal
TRD-106114,2026-09-30 14:46:57.949,TECH,194.58,196,38137.68,-0.338,0,normal
TRD-106115,2026-09-30 14:46:59.509,TECH,194.55,203,39493.65,-0.183,0,normal
TRD-106116,2026-09-30 14:47:00.712,ENERGY,43.26,122,5277.72,0.049,0,normal
TRD-106117,2026-09-30 14:47:01.883,PHARMA,178.76,106,18948.56,-0.153,0,normal
TRD-106118,2026-09-30 14:47:03.866,PHARMA,178.76,579,103502.04,-0.039,0,normal
TRD-106119,2026-09-30 14:47:07.522,AUTO,87.11,172,14982.92,0.154,0,normal
TRD-106120,2026-09-30 14:47:21.126,ENERGY,43.28,222,9608.16,0.146,0,normal
TRD-106121,2026-09-30 14:47:22.803,AUTO,87.12,221,19253.52,0.089,0,normal
TRD-106122,2026-09-30 14:47:26.904,TECH,194.55,162,31517.1,-0.06,0,normal
TRD-106123,2026-09-30 14:47:30.541,PHARMA,178.7,283,50572.1,-0.37,0,normal
TRD-106124,2026-09-30 14:47:36.583,TECH,198.84,370,73570.8,4.292,1,price_shock
TRD-106125,2026-09-30 14:47:36.650,ENERGY,43.28,286,12378.08,-0.028,0,normal
TRD-106126,2026-09-30 14:47:38.562,AUTO,87.16,214,18652.24,0.208,0,normal
TRD-106127,2026-09-30 14:47:41.048,PHARMA,178.71,231,41282.01,0.043,0,normal
TRD-106128,2026-09-30 14:47:42.226,TECH,198.8,204,40555.2,-0.281,0,normal
TRD-106129,2026-09-30 14:47:43.301,TECH,198.77,95,18883.15,-0.178,0,normal
TRD-106130,2026-09-30 14:47:46.907,AUTO,87.14,74,6448.36,-0.114,0,normal
TRD-106131,2026-09-30 14:47:49.589,TECH,198.85,342,68006.7,0.536,0,normal
TRD-106132,2026-09-30 14:48:01.797,TECH,198.88,344,68414.72,0.214,0,normal
TRD-106133,2026-09-30 14:48:08.441,BANK,48.67,1500,73005.0,0.021,0,normal
TRD-106134,2026-09-30 14:48:10.495,TECH,198.89,467,92881.63,0.03,0,normal
TRD-106135,2026-09-30 14:48:13.158,TECH,198.95,326,64857.7,0.408,0,normal
TRD-106136,2026-09-30 14:48:13.365,TECH,198.94,392,77984.48,-0.073,0,normal
TRD-106137,2026-09-30 14:48:15.728,TECH,198.99,458,91137.42,0.365,0,normal
TRD-106138,2026-09-30 14:48:28.426,TECH,198.98,336,66857.28,-0.12,0,normal
TRD-106139,2026-09-30 14:48:29.732,ENERGY,43.27,257,11120.39,-0.03,0,normal
TRD-106140,2026-09-30 14:48:32.639,TECH,198.97,64,12734.08,-0.016,0,normal
TRD-106141,2026-09-30 14:48:32.964,ENERGY,43.31,292,12646.52,0.223,0,normal
TRD-106142,2026-09-30 14:48:37.189,BANK,48.69,466,22689.54,0.147,0,normal
TRD-106143,2026-09-30 14:48:39.486,PHARMA,178.74,156,27883.44,0.22,0,normal
TRD-106144,2026-09-30 14:48:40.798,TECH,198.89,187,37192.43,-0.522,0,normal
TRD-106145,2026-09-30 14:48:42.999,TECH,198.87,146,29035.02,-0.155,0,normal
TRD-106146,2026-09-30 14:48:44.767,AUTO,87.09,746,64969.14,-0.306,0,normal
TRD-106147,2026-09-30 14:48:44.944,TECH,198.83,86,17099.38,-0.303,0,normal
TRD-106148,2026-09-30 14:48:47.343,ENERGY,43.06,10953,471636.18,-0.141,1,volume_spike
TRD-106149,2026-09-30 14:48:48.179,PHARMA,178.78,174,31107.72,0.229,0,normal
TRD-106150,2026-09-30 14:48:48.323,TECH,198.85,220,43747.0,0.155,0,normal
TRD-106151,2026-09-30 14:48:56.176,AUTO,87.1,319,27784.9,0.028,0,normal
TRD-106152,2026-09-30 14:48:57.036,TECH,198.86,81,16107.66,0.1,0,normal
TRD-106153,2026-09-30 14:48:57.320,PHARMA,178.78,109,19487.02,0.047,0,normal
TRD-106154,2026-09-30 14:48:58.957,ENERGY,43.26,127,5494.02,-0.345,0,normal
TRD-106155,2026-09-30 14:49:00.345,TECH,198.85,154,30622.9,-0.119,0,normal
TRD-106156,2026-09-30 14:49:00.428,AUTO,87.13,391,34067.83,0.226,0,normal
TRD-106157,2026-09-30 14:49:01.545,BANK,48.69,454,22105.26,-0.014,0,normal
TRD-106158,2026-09-30 14:49:09.639,PHARMA,178.75,307,54876.25,-0.203,0,normal
TRD-106159,2026-09-30 14:49:10.101,TECH,198.8,225,44730.0,-0.284,0,normal
TRD-106160,2026-09-30 14:49:18.521,TECH,198.91,180,35803.8,0.708,0,normal
TRD-106161,2026-09-30 14:49:21.540,PHARMA,178.82,266,47566.12,0.477,0,normal
TRD-106162,2026-09-30 14:49:26.086,TECH,198.88,492,97848.96,-0.213,0,normal
TRD-106163,2026-09-30 14:49:26.994,ENERGY,43.23,55,2377.65,-0.173,0,normal
TRD-106164,2026-09-30 14:49:29.019,BANK,48.68,114,5549.52,-0.035,0,normal
TRD-106165,2026-09-30 14:49:33.918,AUTO,87.13,374,32586.62,-0.003,0,normal
TRD-106166,2026-09-30 14:49:34.611,TECH,198.92,56,11139.52,0.282,0,normal
TRD-106167,2026-09-30 14:49:36.199,BANK,48.68,472,22976.96,0.029,0,normal
TRD-106168,2026-09-30 14:49:39.221,ENERGY,43.26,93,4023.18,0.174,0,normal
TRD-106169,2026-09-30 14:49:40.441,TECH,198.93,334,66442.62,0.038,0,normal
TRD-106170,2026-09-30 14:49:49.579,ENERGY,43.23,319,13790.37,-0.167,0,normal
TRD-106171,2026-09-30 14:49:53.927,PHARMA,178.79,216,38618.64,-0.227,0,normal
TRD-106172,2026-09-30 14:49:59.409,TECH,198.99,201,39996.99,0.43,0,normal
TRD-106173,2026-09-30 14:49:59.875,TECH,199.01,228,45374.28,0.136,0,normal
TRD-106174,2026-09-30 14:50:04.290,AUTO,87.12,234,20386.08,-0.072,0,normal
TRD-106175,2026-09-30 14:50:07.866,BANK,48.67,271,13189.57,-0.082,0,normal
TRD-106176,2026-09-30 14:50:10.955,BANK,48.7,220,10714.0,0.159,0,normal
TRD-106177,2026-09-30 14:50:16.039,AUTO,87.12,149,12980.88,0.011,0,normal
TRD-106178,2026-09-30 14:50:17.253,TECH,199.01,407,80997.07,0.011,0,normal
TRD-106179,2026-09-30 14:50:17.420,BANK,48.67,155,7543.85,-0.161,0,normal
TRD-106180,2026-09-30 14:50:17.470,BANK,48.65,353,17173.45,-0.143,0,normal
TRD-106181,2026-09-30 14:50:20.487,ENERGY,43.21,171,7388.91,-0.124,0,normal
TRD-106182,2026-09-30 14:50:22.427,TECH,199.0,170,33830.0,-0.112,0,normal
TRD-106183,2026-09-30 14:50:26.303,TECH,198.93,98,19495.14,-0.416,0,normal
TRD-106184,2026-09-30 14:50:30.844,ENERGY,43.2,253,10929.6,-0.096,0,normal
TRD-106185,2026-09-30 14:50:31.040,TECH,198.99,238,47359.62,0.409,0,normal
TRD-106186,2026-09-30 14:50:31.525,PHARMA,178.82,215,38446.3,0.211,0,normal
TRD-106187,2026-09-30 14:50:37.213,TECH,198.93,311,61867.23,-0.408,0,normal
TRD-106188,2026-09-30 14:50:39.009,TECH,198.87,176,35001.12,-0.431,0,normal
TRD-106189,2026-09-30 14:50:43.720,ENERGY,46.64,5,233.2,3.444,1,liquidity_vacuum
TRD-106190,2026-09-30 14:50:44.683,TECH,198.86,71,14119.06,-0.079,0,normal
TRD-106191,2026-09-30 14:50:46.045,AUTO,87.14,63,5489.82,0.138,0,normal
TRD-106192,2026-09-30 14:50:47.314,BANK,48.66,192,9342.72,0.048,0,normal
TRD-106193,2026-09-30 14:50:47.371,BANK,48.67,595,28958.65,0.072,0,normal
TRD-106194,2026-09-30 14:50:48.853,TECH,198.96,169,33624.24,0.664,0,normal
TRD-106195,2026-09-30 14:50:49.175,TECH,198.92,260,51719.2,-0.223,0,normal
TRD-106196,2026-09-30 14:50:50.184,BANK,48.67,504,24529.68,0.013,0,normal
TRD-106197,2026-09-30 14:50:52.589,BANK,48.67,1500,73005.0,-0.026,0,normal
TRD-106198,2026-09-30 14:50:57.821,BANK,48.66,478,23259.48,-0.027,0,normal
TRD-106199,2026-09-30 14:50:58.283,BANK,48.68,1436,69904.48,0.123,0,normal
TRD-106200,2026-09-30 14:51:04.593,BANK,48.69,302,14704.38,0.08,0,normal
TRD-106201,2026-09-30 14:51:11.122,BANK,48.73,432,21051.36,0.253,0,normal
TRD-106202,2026-09-30 14:51:12.792,TECH,198.93,413,82158.09,0.024,0,normal
TRD-106203,2026-09-30 14:51:15.620,AUTO,87.16,263,22923.08,0.09,0,normal
TRD-106204,2026-09-30 14:51:16.694,BANK,48.72,535,26065.2,-0.072,0,normal
TRD-106205,2026-09-30 14:51:19.175,AUTO,87.15,154,13421.1,-0.057,0,normal
TRD-106206,2026-09-30 14:51:21.545,TECH,198.85,318,63234.3,-0.51,0,normal
TRD-106207,2026-09-30 14:51:29.800,ENERGY,43.13,94,4054.22,-0.433,0,normal
TRD-106208,2026-09-30 14:51:32.633,TECH,198.8,267,53079.6,-0.319,0,normal
TRD-106209,2026-09-30 14:51:33.699,PHARMA,178.86,140,25040.4,0.231,0,normal
TRD-106210,2026-09-30 14:51:37.534,BANK,48.72,303,14762.16,0.001,0,normal
TRD-106211,2026-09-30 14:51:38.991,BANK,48.71,272,13249.12,-0.038,0,normal
TRD-106212,2026-09-30 14:51:46.156,ENERGY,43.13,147,6340.11,-0.003,0,normal
TRD-106213,2026-09-30 14:51:48.156,BANK,48.71,354,17243.34,-0.007,0,normal
TRD-106214,2026-09-30 14:51:54.726,AUTO,87.17,219,19090.23,0.177,0,normal
TRD-106215,2026-09-30 14:51:55.293,TECH,198.83,105,20877.15,0.174,0,normal
TRD-106216,2026-09-30 14:51:57.515,BANK,48.73,351,17104.23,0.11,0,normal
TRD-106217,2026-09-30 14:52:01.636,TECH,198.72,113,22455.36,-0.754,0,normal
TRD-106218,2026-09-30 14:52:04.111,TECH,198.72,2489,494614.08,-2.344,1,multivariate_break
TRD-106219,2026-09-30 14:52:05.784,ENERGY,43.17,196,8461.32,0.271,0,normal
TRD-106220,2026-09-30 14:52:06.816,TECH,198.68,116,23046.88,-0.254,0,normal
TRD-106221,2026-09-30 14:52:07.890,BANK,48.72,272,13251.84,-0.092,0,normal
TRD-106222,2026-09-30 14:52:09.913,PHARMA,178.87,245,43823.15,0.073,0,normal
TRD-106223,2026-09-30 14:52:09.982,PHARMA,178.88,206,36849.28,0.052,0,normal
TRD-106224,2026-09-30 14:52:16.374,BANK,48.72,603,29378.16,0.021,0,normal
TRD-106225,2026-09-30 14:52:17.533,TECH,198.63,57,11321.91,-0.294,0,normal
TRD-106226,2026-09-30 14:52:19.104,PHARMA,178.91,194,34708.54,0.233,0,normal
TRD-106227,2026-09-30 14:52:19.271,ENERGY,43.22,117,5056.74,0.279,0,normal
TRD-106228,2026-09-30 14:52:21.295,TECH,198.7,145,28811.5,0.449,0,normal
TRD-106229,2026-09-30 14:52:24.952,AUTO,87.16,327,28501.32,-0.109,0,normal
TRD-106230,2026-09-30 14:52:28.490,ENERGY,43.22,92,3976.24,0.054,0,normal
TRD-106231,2026-09-30 14:52:28.707,BANK,48.7,384,18700.8,-0.131,0,normal
TRD-106232,2026-09-30 14:52:38.870,BANK,48.71,1008,49099.68,0.081,0,normal
TRD-106233,2026-09-30 14:52:43.647,AUTO,87.18,222,19353.96,0.138,0,normal
TRD-106234,2026-09-30 14:52:43.942,PHARMA,178.85,78,13950.3,-0.386,0,normal
TRD-106235,2026-09-30 14:52:44.054,AUTO,87.17,159,13860.03,-0.057,0,normal
TRD-106236,2026-09-30 14:52:44.386,TECH,198.73,91,18084.43,0.217,0,normal
TRD-106237,2026-09-30 14:52:44.741,BANK,48.7,323,15730.1,-0.07,0,normal
TRD-106238,2026-09-30 14:52:45.400,TECH,198.69,121,24041.49,-0.315,0,normal
TRD-106239,2026-09-30 14:52:46.080,PHARMA,178.88,379,67795.52,0.17,0,normal
TRD-106240,2026-09-30 14:52:53.443,ENERGY,43.23,274,11845.02,0.033,0,normal
TRD-106241,2026-09-30 14:52:59.549,TECH,198.7,94,18677.8,0.103,0,normal
TRD-106242,2026-09-30 14:53:01.032,BANK,48.7,536,26103.2,0.025,0,normal
TRD-106243,2026-09-30 14:53:05.464,AUTO,87.17,195,16998.15,-0.0,0,normal
TRD-106244,2026-09-30 14:53:06.181,BANK,48.69,799,38903.31,-0.103,0,normal
TRD-106245,2026-09-30 14:53:08.200,PHARMA,178.93,322,57615.46,0.335,0,normal
TRD-106246,2026-09-30 14:53:10.478,PHARMA,178.91,199,35603.09,-0.121,0,normal
TRD-106247,2026-09-30 14:53:11.790,BANK,48.69,224,10906.56,0.03,0,normal
TRD-106248,2026-09-30 14:53:12.457,BANK,48.72,628,30596.16,0.176,0,normal
TRD-106249,2026-09-30 14:53:15.870,AUTO,87.19,166,14473.54,0.166,0,normal
TRD-106250,2026-09-30 14:53:16.622,AUTO,87.2,219,19096.8,0.064,0,normal
TRD-106251,2026-09-30 14:53:25.311,TECH,198.8,212,42145.6,0.691,0,normal
TRD-106252,2026-09-30 14:53:27.835,TECH,198.86,132,26249.52,0.399,0,normal
TRD-106253,2026-09-30 14:53:31.767,TECH,198.99,168,33430.32,0.81,0,normal
TRD-106254,2026-09-30 14:53:31.840,AUTO,87.22,275,23985.5,0.13,0,normal
TRD-106255,2026-09-30 14:53:35.958,BANK,48.74,579,28220.46,0.124,0,normal
TRD-106256,2026-09-30 14:53:40.586,TECH,199.04,93,18510.72,0.348,0,normal
TRD-106257,2026-09-30 14:53:46.747,AUTO,87.26,196,17102.96,0.216,0,normal
TRD-106258,2026-09-30 14:53:47.144,AUTO,87.22,315,27474.3,-0.232,0,normal
TRD-106259,2026-09-30 14:53:56.494,BANK,48.77,271,13216.67,0.196,0,normal
TRD-106260,2026-09-30 14:53:56.572,AUTO,87.21,162,14128.02,-0.051,0,normal
TRD-106261,2026-09-30 14:54:04.210,BANK,56.73,236,13388.28,7.961,1,price_shock
TRD-106262,2026-09-30 14:54:11.151,TECH,198.98,112,22285.76,-0.356,0,normal
TRD-106263,2026-09-30 14:54:14.140,ENERGY,43.22,96,4149.12,-0.036,0,normal
TRD-106264,2026-09-30 14:54:17.528,AUTO,87.24,341,29748.84,0.168,0,normal
TRD-106265,2026-09-30 14:54:21.710,ENERGY,43.22,279,12058.38,-0.018,0,normal
TRD-106266,2026-09-30 14:54:27.432,BANK,56.77,264,14987.28,0.246,0,normal
TRD-106267,2026-09-30 14:54:31.939,ENERGY,43.22,361,15602.42,-0.032,0,normal
TRD-106268,2026-09-30 14:54:37.306,BANK,56.78,208,11810.24,0.087,0,normal
TRD-106269,2026-09-30 14:54:37.950,TECH,198.9,118,23470.2,-0.554,0,normal
TRD-106270,2026-09-30 14:54:39.157,TECH,198.8,342,67989.6,-0.651,0,normal
TRD-106271,2026-09-30 14:54:43.115,BANK,56.79,239,13572.81,0.073,0,normal
TRD-106272,2026-09-30 14:54:48.230,TECH,198.74,117,23252.58,-0.431,0,normal
TRD-106273,2026-09-30 14:54:50.555,BANK,56.83,94,5342.02,0.233,0,normal
TRD-106274,2026-09-30 14:54:52.062,PHARMA,178.92,249,44551.08,0.061,0,normal
TRD-106275,2026-09-30 14:55:07.269,TECH,198.7,202,40137.4,-0.271,0,normal
TRD-106276,2026-09-30 14:55:07.409,AUTO,87.27,180,15708.6,0.222,0,normal
TRD-106277,2026-09-30 14:55:18.983,PHARMA,178.87,43,7691.41,-0.313,0,normal
TRD-106278,2026-09-30 14:55:19.440,AUTO,87.24,192,16750.08,-0.244,0,normal
TRD-106279,2026-09-30 14:55:23.200,ENERGY,43.2,161,6955.2,-0.122,0,normal
TRD-106280,2026-09-30 14:55:26.323,AUTO,87.26,607,52966.82,0.15,0,normal
TRD-106281,2026-09-30 14:55:28.979,AUTO,87.26,125,10907.5,-0.013,0,normal
TRD-106282,2026-09-30 14:55:37.367,BANK,56.83,323,18356.09,0.037,0,normal
TRD-106283,2026-09-30 14:55:37.764,PHARMA,178.79,320,57212.8,-0.575,0,normal
TRD-106284,2026-09-30 14:55:37.988,ENERGY,43.15,195,8414.25,-0.307,0,normal
TRD-106285,2026-09-30 14:55:38.386,AUTO,87.27,357,31155.39,0.112,0,normal
TRD-106286,2026-09-30 14:55:44.711,BANK,56.83,136,7728.88,-0.009,0,normal
TRD-106287,2026-09-30 14:55:46.078,TECH,198.69,114,22650.66,-0.073,0,normal
TRD-106288,2026-09-30 14:55:50.237,PHARMA,178.78,260,46482.8,-0.021,0,normal
TRD-106289,2026-09-30 14:55:52.377,TECH,198.66,96,19071.36,-0.152,0,normal
TRD-106290,2026-09-30 14:55:58.326,TECH,198.68,130,25828.4,0.086,0,normal
TRD-106291,2026-09-30 14:56:01.934,AUTO,87.3,148,12920.4,0.193,0,normal
TRD-106292,2026-09-30 14:56:04.246,ENERGY,43.12,197,8494.64,-0.231,0,normal
TRD-106293,2026-09-30 14:56:05.154,PHARMA,178.73,246,43967.58,-0.329,0,normal
TRD-106294,2026-09-30 14:56:05.175,AUTO,87.35,113,9870.55,0.344,0,normal
TRD-106295,2026-09-30 14:56:09.216,BANK,56.86,330,18763.8,0.207,0,normal
TRD-106296,2026-09-30 14:56:11.258,AUTO,87.33,83,7248.39,-0.126,0,normal
TRD-106297,2026-09-30 14:56:12.689,TECH,198.62,243,48264.66,-0.389,0,normal
TRD-106298,2026-09-30 14:56:12.747,AUTO,87.32,262,22877.84,-0.088,0,normal
TRD-106299,2026-09-30 14:56:16.912,AUTO,87.33,340,29692.2,0.041,0,normal
TRD-106300,2026-09-30 14:56:22.604,AUTO,87.38,199,17388.62,0.358,0,normal
TRD-106301,2026-09-30 14:56:26.111,ENERGY,43.05,219,9427.95,-0.429,0,normal
TRD-106302,2026-09-30 14:56:26.762,TECH,198.62,178,35354.36,0.007,0,normal
TRD-106303,2026-09-30 14:56:28.599,TECH,198.62,2443,485228.66,-3.012,1,multivariate_break
TRD-106304,2026-09-30 14:56:34.389,BANK,56.85,280,15918.0,-0.071,0,normal
TRD-106305,2026-09-30 14:56:36.856,BANK,56.84,468,26601.12,-0.097,0,normal
TRD-106306,2026-09-30 14:56:47.055,TECH,193.74,233,45141.42,-4.882,1,price_shock
TRD-106307,2026-09-30 14:56:51.897,TECH,193.76,523,101336.48,0.156,0,normal
TRD-106308,2026-09-30 14:56:52.826,AUTO,87.35,129,11268.15,-0.191,0,normal
TRD-106309,2026-09-30 14:56:54.591,ENERGY,43.07,493,21233.51,0.15,0,normal
TRD-106310,2026-09-30 14:56:56.891,AUTO,87.37,481,42024.97,0.095,0,normal
TRD-106311,2026-09-30 14:57:00.708,PHARMA,178.76,96,17160.96,0.144,0,normal
TRD-106312,2026-09-30 14:57:08.840,PHARMA,178.7,366,65404.2,-0.34,0,normal
TRD-106313,2026-09-30 14:57:09.180,TECH,193.78,228,44181.84,0.094,0,normal
TRD-106314,2026-09-30 14:57:10.215,BANK,56.85,213,12109.05,0.118,0,normal
TRD-106315,2026-09-30 14:57:12.537,ENERGY,43.11,424,18278.64,0.222,0,normal
TRD-106316,2026-09-30 14:57:14.932,TECH,193.8,253,49031.4,0.154,0,normal
TRD-106317,2026-09-30 14:57:16.030,BANK,56.9,451,25661.9,0.332,0,normal
TRD-106318,2026-09-30 14:57:16.821,ENERGY,43.13,253,10911.89,0.16,0,normal
TRD-106319,2026-09-30 14:57:20.520,BANK,56.92,425,24191.0,0.121,0,normal
TRD-106320,2026-09-30 14:57:31.357,TECH,193.91,105,20360.55,0.731,0,normal
TRD-106321,2026-09-30 14:57:31.373,PHARMA,178.67,85,15186.95,-0.207,0,normal
TRD-106322,2026-09-30 14:57:32.754,TECH,193.96,203,39373.88,0.329,0,normal
TRD-106323,2026-09-30 14:57:38.529,AUTO,96.05,282,27086.1,8.683,1,price_shock
TRD-106324,2026-09-30 14:57:44.147,TECH,194.02,131,25416.62,0.42,0,normal
TRD-106325,2026-09-30 14:57:52.450,ENERGY,43.09,227,9781.43,-0.276,0,normal
TRD-106326,2026-09-30 14:57:56.394,ENERGY,43.13,133,5736.29,0.26,0,normal
TRD-106327,2026-09-30 14:57:57.263,AUTO,96.02,150,14403.0,-0.168,0,normal
TRD-106328,2026-09-30 14:58:01.650,TECH,193.99,138,26770.62,-0.219,0,normal
TRD-106329,2026-09-30 14:58:09.872,AUTO,96.07,574,55144.18,0.304,0,normal
TRD-106330,2026-09-30 14:58:13.801,AUTO,96.08,100,9608.0,0.093,0,normal
TRD-106331,2026-09-30 14:58:13.954,TECH,194.01,114,22117.14,0.117,0,normal
TRD-106332,2026-09-30 14:58:18.793,BANK,56.91,804,45755.64,-0.052,0,normal
TRD-106333,2026-09-30 14:58:21.245,TECH,193.98,113,21919.74,-0.211,0,normal
TRD-106334,2026-09-30 14:58:22.766,PHARMA,178.68,36,6432.48,0.015,0,normal
TRD-106335,2026-09-30 14:58:23.579,ENERGY,43.17,250,10792.5,0.257,0,normal
TRD-106336,2026-09-30 14:58:25.582,BANK,56.88,163,9271.44,-0.2,0,normal
TRD-106337,2026-09-30 14:58:26.669,PHARMA,178.72,367,65590.24,0.278,0,normal
TRD-106338,2026-09-30 14:58:27.333,ENERGY,43.12,224,9658.88,-0.298,0,normal
TRD-106339,2026-09-30 14:58:33.660,TECH,193.96,184,35688.64,-0.12,0,normal
TRD-106340,2026-09-30 14:58:35.307,BANK,56.87,460,26160.2,-0.079,0,normal
TRD-106341,2026-09-30 14:58:35.394,TECH,193.98,329,63819.42,0.134,0,normal
TRD-106342,2026-09-30 14:58:35.775,TECH,194.01,326,63247.26,0.196,0,normal
TRD-106343,2026-09-30 14:58:39.458,BANK,56.85,284,16145.4,-0.126,0,normal
TRD-106344,2026-09-30 14:58:44.924,ENERGY,43.23,257,11110.11,0.726,0,normal
TRD-106345,2026-09-30 14:58:49.589,PHARMA,178.77,351,62748.27,0.34,0,normal
TRD-106346,2026-09-30 14:58:53.832,TECH,194.0,172,33368.0,-0.028,0,normal
TRD-106347,2026-09-30 14:59:01.402,PHARMA,178.8,406,72592.8,0.21,0,normal
TRD-106348,2026-09-30 14:59:02.124,BANK,56.84,324,18416.16,-0.102,0,normal
TRD-106349,2026-09-30 14:59:03.253,PHARMA,178.83,338,60444.54,0.182,0,normal
TRD-106350,2026-09-30 14:59:05.221,AUTO,96.03,223,21414.69,-0.34,0,normal
TRD-106351,2026-09-30 14:59:06.778,TECH,193.96,188,36464.48,-0.265,0,normal
TRD-106352,2026-09-30 14:59:09.447,TECH,194.01,191,37055.91,0.281,0,normal
TRD-106353,2026-09-30 14:59:13.588,PHARMA,174.77,1,174.77,-4.061,1,liquidity_vacuum
TRD-106354,2026-09-30 14:59:14.568,TECH,194.04,208,40360.32,0.26,0,normal
TRD-106355,2026-09-30 14:59:17.955,TECH,193.94,161,31224.34,-0.705,0,normal
TRD-106356,2026-09-30 14:59:22.455,TECH,193.86,77,14927.22,-0.551,0,normal
TRD-106357,2026-09-30 14:59:25.182,TECH,193.95,91,17649.45,0.598,0,normal
TRD-106358,2026-09-30 14:59:27.927,TECH,193.87,283,54865.21,-0.507,0,normal
TRD-106359,2026-09-30 14:59:29.819,BANK,56.88,592,33672.96,0.261,0,normal
TRD-106360,2026-09-30 14:59:29.989,ENERGY,43.24,447,19328.28,0.023,0,normal
TRD-106361,2026-09-30 14:59:30.082,TECH,193.82,792,153505.44,-0.366,0,normal
TRD-106362,2026-09-30 14:59:33.927,TECH,193.81,70,13566.7,-0.042,0,normal
TRD-106363,2026-09-30 14:59:35.827,ENERGY,43.26,191,8262.66,0.151,0,normal
TRD-106364,2026-09-30 14:59:40.721,TECH,193.84,85,16476.4,0.177,0,normal
TRD-106365,2026-09-30 14:59:44.952,PHARMA,178.88,307,54916.16,0.337,0,normal
TRD-106366,2026-09-30 14:59:47.142,ENERGY,43.3,303,13119.9,0.29,0,normal
TRD-106367,2026-09-30 14:59:54.561,ENERGY,43.29,78,3376.62,-0.081,0,normal
TRD-106368,2026-09-30 14:59:59.306,PHARMA,178.89,122,21824.58,0.085,0,normal
TRD-106369,2026-09-30 15:00:06.983,BANK,56.88,280,15926.4,0.035,0,normal
TRD-106370,2026-09-30 15:00:08.435,BANK,56.89,525,29867.25,0.072,0,normal
TRD-106371,2026-09-30 15:00:14.769,AUTO,96.05,394,37843.7,0.121,0,normal
TRD-106372,2026-09-30 15:00:17.161,TECH,193.94,258,50036.52,0.728,0,normal
TRD-106373,2026-09-30 15:00:19.071,ENERGY,43.28,144,6232.32,-0.076,0,normal
TRD-106374,2026-09-30 15:00:21.223,TECH,193.82,382,74039.24,-0.847,0,normal
TRD-106375,2026-09-30 15:00:28.877,PHARMA,178.85,230,41135.5,-0.252,0,normal
TRD-106376,2026-09-30 15:00:32.614,TECH,193.86,234,45363.24,0.276,0,normal
TRD-106377,2026-09-30 15:00:44.184,AUTO,96.01,329,31587.29,-0.257,0,normal
TRD-106378,2026-09-30 15:00:45.756,BANK,56.88,491,27928.08,-0.101,0,normal
TRD-106379,2026-09-30 15:00:47.953,BANK,56.88,199,11319.12,0.01,0,normal
TRD-106380,2026-09-30 15:00:53.153,AUTO,95.95,792,75992.4,-0.402,0,normal
TRD-106381,2026-09-30 15:00:54.239,AUTO,95.93,306,29354.58,-0.148,0,normal
TRD-106382,2026-09-30 15:01:08.893,BANK,56.87,117,6653.79,-0.045,0,normal
TRD-106383,2026-09-30 15:01:11.178,AUTO,95.94,271,25999.74,0.053,0,normal
TRD-106384,2026-09-30 15:01:11.827,TECH,193.88,443,85888.84,0.116,0,normal
TRD-106385,2026-09-30 15:01:17.045,ENERGY,43.25,181,7828.25,-0.207,0,normal
TRD-106386,2026-09-30 15:01:20.644,AUTO,99.48,5,497.4,3.543,1,liquidity_vacuum
TRD-106387,2026-09-30 15:01:21.748,PHARMA,178.84,139,24858.76,-0.062,0,normal
TRD-106388,2026-09-30 15:01:29.048,BANK,56.87,89,5061.43,-0.039,0,normal
TRD-106389,2026-09-30 15:01:29.423,PHARMA,178.79,271,48452.09,-0.36,0,normal
TRD-106390,2026-09-30 15:01:33.105,TECH,193.81,53,10271.93,-0.469,0,normal
TRD-106391,2026-09-30 15:01:37.434,AUTO,95.96,144,13818.24,0.176,0,normal
TRD-106392,2026-09-30 15:01:38.143,TECH,193.91,311,60306.01,0.714,0,normal
TRD-106393,2026-09-30 15:01:43.443,TECH,193.93,337,65354.41,0.142,0,normal
TRD-106394,2026-09-30 15:01:43.576,AUTO,95.99,219,21021.81,0.179,0,normal
TRD-106395,2026-09-30 15:01:43.612,AUTO,95.95,156,14968.2,-0.272,0,normal
TRD-106396,2026-09-30 15:01:44.415,TECH,193.98,160,31036.8,0.305,0,normal
TRD-106397,2026-09-30 15:01:49.954,TECH,194.01,171,33175.71,0.182,0,normal
TRD-106398,2026-09-30 15:01:56.598,TECH,194.05,197,38227.85,0.266,0,normal
TRD-106399,2026-09-30 15:01:56.927,PHARMA,178.79,2428,434102.12,-2.713,1,multivariate_break
TRD-106400,2026-09-30 15:01:58.241,TECH,193.96,199,38598.04,-0.595,0,normal
TRD-106401,2026-09-30 15:02:03.344,AUTO,95.92,315,30214.8,-0.201,0,normal
TRD-106402,2026-09-30 15:02:04.846,AUTO,95.97,469,45009.93,0.354,0,normal
TRD-106403,2026-09-30 15:02:05.969,TECH,193.98,100,19398.0,0.132,0,normal
TRD-106404,2026-09-30 15:02:07.004,AUTO,95.94,126,12088.44,-0.253,0,normal
TRD-106405,2026-09-30 15:02:17.932,BANK,56.87,348,19790.76,0.054,0,normal
TRD-106406,2026-09-30 15:02:21.047,ENERGY,43.25,383,16564.75,0.005,0,normal
TRD-106407,2026-09-30 15:02:22.974,BANK,56.89,215,12231.35,0.079,0,normal
TRD-106408,2026-09-30 15:02:29.497,BANK,56.88,807,45902.16,-0.068,0,normal
TRD-106409,2026-09-30 15:02:29.609,TECH,194.0,139,26966.0,0.154,0,normal
TRD-106410,2026-09-30 15:02:40.421,TECH,194.01,166,32205.66,0.088,0,normal
TRD-106411,2026-09-30 15:02:46.864,AUTO,95.96,93,8924.28,0.128,0,normal
TRD-106412,2026-09-30 15:02:47.622,ENERGY,43.27,161,6966.47,0.161,0,normal
TRD-106413,2026-09-30 15:02:49.460,TECH,193.99,201,38991.99,-0.148,0,normal
TRD-106414,2026-09-30 15:02:58.567,BANK,56.89,356,20252.84,0.091,0,normal
TRD-106415,2026-09-30 15:03:02.263,BANK,56.87,324,18425.88,-0.118,0,normal
TRD-106416,2026-09-30 15:03:02.710,AUTO,95.97,143,13723.71,0.086,0,normal
TRD-106417,2026-09-30 15:03:12.611,ENERGY,43.31,525,22737.75,0.243,0,normal
TRD-106418,2026-09-30 15:03:12.948,AUTO,96.01,222,21314.22,0.269,0,normal
TRD-106419,2026-09-30 15:03:15.661,AUTO,96.01,349,33507.49,-0.006,0,normal
TRD-106420,2026-09-30 15:03:16.409,ENERGY,43.26,66,2855.16,-0.349,0,normal
TRD-106421,2026-09-30 15:03:26.392,ENERGY,43.26,118,5104.68,0.039,0,normal
TRD-106422,2026-09-30 15:03:27.706,ENERGY,43.28,453,19605.84,0.136,0,normal
TRD-106423,2026-09-30 15:03:37.777,BANK,56.88,308,17519.04,0.048,0,normal
TRD-106424,2026-09-30 15:03:43.288,BANK,56.87,180,10236.6,-0.083,0,normal
TRD-106425,2026-09-30 15:03:43.297,AUTO,96.0,209,20064.0,-0.044,0,normal
TRD-106426,2026-09-30 15:03:44.251,TECH,193.95,132,25601.4,-0.26,0,normal
TRD-106427,2026-09-30 15:03:48.649,TECH,193.93,396,76796.28,-0.164,0,normal
TRD-106428,2026-09-30 15:03:53.994,BANK,56.87,460,26160.2,-0.007,0,normal
TRD-106429,2026-09-30 15:04:01.862,PHARMA,178.76,66,11798.16,-0.222,0,normal
TRD-106430,2026-09-30 15:04:02.971,BANK,56.91,689,39210.99,0.27,0,normal
TRD-106431,2026-09-30 15:04:03.784,TECH,193.93,401,77765.93,-0.006,0,normal
TRD-106432,2026-09-30 15:04:12.633,TECH,194.0,224,43456.0,0.46,0,normal
TRD-106433,2026-09-30 15:04:14.479,TECH,193.99,243,47139.57,-0.062,0,normal
TRD-106434,2026-09-30 15:04:17.994,PHARMA,178.79,188,33612.52,0.222,0,normal
TRD-106435,2026-09-30 15:04:19.203,ENERGY,43.24,208,8993.92,-0.272,0,normal
TRD-106436,2026-09-30 15:04:26.216,BANK,56.91,367,20885.97,-0.005,0,normal
TRD-106437,2026-09-30 15:04:26.958,BANK,56.93,164,9336.52,0.184,0,normal
TRD-106438,2026-09-30 15:04:33.872,TECH,194.02,142,27550.84,0.223,0,normal
TRD-106439,2026-09-30 15:04:35.676,ENERGY,43.27,294,12721.38,0.165,0,normal
TRD-106440,2026-09-30 15:04:37.744,BANK,56.92,786,44739.12,-0.087,0,normal
TRD-106441,2026-09-30 15:04:41.343,TECH,193.96,148,28706.08,-0.387,0,normal
TRD-106442,2026-09-30 15:04:44.756,BANK,56.93,144,8197.92,0.094,0,normal
TRD-106443,2026-09-30 15:04:45.195,BANK,63.51,374,23752.74,6.573,1,price_shock
TRD-106444,2026-09-30 15:04:46.858,TECH,194.02,350,67907.0,0.389,0,normal
TRD-106445,2026-09-30 15:04:49.051,PHARMA,178.73,94,16800.62,-0.408,0,normal
TRD-106446,2026-09-30 15:04:51.242,TECH,193.9,8968,1738895.2,0.101,1,volume_spike
TRD-106447,2026-09-30 15:04:53.536,TECH,193.97,181,35108.57,-0.352,0,normal
TRD-106448,2026-09-30 15:04:54.632,TECH,193.94,157,30448.58,-0.203,0,normal
TRD-106449,2026-09-30 15:04:55.084,BANK,63.46,335,21259.1,-0.338,0,normal
TRD-106450,2026-09-30 15:04:56.312,TECH,193.99,82,15907.18,0.323,0,normal
TRD-106451,2026-09-30 15:05:00.144,AUTO,96.01,227,21794.27,0.075,0,normal
TRD-106452,2026-09-30 15:05:03.215,PHARMA,178.72,125,22340.0,-0.075,0,normal
TRD-106453,2026-09-30 15:05:08.203,ENERGY,43.27,160,6923.2,0.02,0,normal
TRD-106454,2026-09-30 15:05:12.369,PHARMA,178.69,185,33057.65,-0.174,0,normal
TRD-106455,2026-09-30 15:05:15.701,ENERGY,43.3,178,7707.4,0.173,0,normal
TRD-106456,2026-09-30 15:05:18.098,TECH,194.07,162,31439.34,0.583,0,normal
TRD-106457,2026-09-30 15:05:19.195,TECH,194.11,177,34357.47,0.274,0,normal
TRD-106458,2026-09-30 15:05:26.864,TECH,194.12,139,26982.68,0.043,0,normal
TRD-106459,2026-09-30 15:05:27.268,TECH,194.0,194,37636.0,-0.838,0,normal
TRD-106460,2026-09-30 15:05:41.095,BANK,63.44,548,34765.12,-0.1,0,normal
TRD-106461,2026-09-30 15:05:50.056,ENERGY,43.27,281,12158.87,-0.182,0,normal
TRD-106462,2026-09-30 15:05:56.057,PHARMA,178.71,122,21802.62,0.119,0,normal
TRD-106463,2026-09-30 15:05:57.182,BANK,63.44,473,30007.12,0.002,0,normal
TRD-106464,2026-09-30 15:05:57.829,BANK,63.45,560,35532.0,0.025,0,normal
TRD-106465,2026-09-30 15:06:02.023,TECH,194.06,155,30079.3,0.417,0,normal
TRD-106466,2026-09-30 15:06:02.958,ENERGY,43.26,233,10079.58,-0.034,0,normal
TRD-106467,2026-09-30 15:06:03.567,AUTO,96.02,187,17955.74,0.03,0,normal
TRD-106468,2026-09-30 15:06:05.783,AUTO,96.04,111,10660.44,0.153,0,normal
TRD-106469,2026-09-30 15:06:07.145,TECH,194.01,71,13774.71,-0.349,0,normal
TRD-106470,2026-09-30 15:06:11.138,ENERGY,43.25,188,8131.0,-0.066,0,normal
TRD-106471,2026-09-30 15:06:11.798,TECH,194.0,183,35502.0,-0.056,0,normal
TRD-106472,2026-09-30 15:06:13.786,ENERGY,43.25,335,14488.75,-0.003,0,normal
TRD-106473,2026-09-30 15:06:15.549,AUTO,95.98,179,17180.42,-0.381,0,normal
TRD-106474,2026-09-30 15:06:19.310,TECH,194.04,183,35509.32,0.271,0,normal
TRD-106475,2026-09-30 15:06:25.787,PHARMA,178.7,141,25196.7,-0.067,0,normal
TRD-106476,2026-09-30 15:06:28.836,BANK,63.44,957,60712.08,-0.07,0,normal
TRD-106477,2026-09-30 15:06:29.451,PHARMA,178.73,344,61483.12,0.241,0,normal
TRD-106478,2026-09-30 15:06:33.255,TECH,194.02,90,17461.8,-0.097,0,normal
TRD-106479,2026-09-30 15:06:34.125,PHARMA,178.78,71,12693.38,0.322,0,normal
TRD-106480,2026-09-30 15:06:36.620,PHARMA,178.75,120,21450.0,-0.206,0,normal
TRD-106481,2026-09-30 15:06:42.007,AUTO,96.01,232,22274.32,0.16,0,normal
TRD-106482,2026-09-30 15:06:44.298,TECH,193.94,114,22109.16,-0.586,0,normal
TRD-106483,2026-09-30 15:06:47.012,AUTO,96.06,203,19500.18,0.381,0,normal
TRD-106484,2026-09-30 15:06:52.677,BANK,63.46,338,21449.48,0.115,0,normal
TRD-106485,2026-09-30 15:07:05.983,TECH,193.95,81,15709.95,0.107,0,normal
TRD-106486,2026-09-30 15:07:06.170,AUTO,96.07,65,6244.55,0.059,0,normal
TRD-106487,2026-09-30 15:07:07.029,TECH,193.93,134,25986.62,-0.135,0,normal
TRD-106488,2026-09-30 15:07:07.737,PHARMA,178.74,190,33960.6,-0.107,0,normal
TRD-106489,2026-09-30 15:07:10.788,TECH,193.92,133,25791.36,-0.096,0,normal
TRD-106490,2026-09-30 15:07:13.018,ENERGY,43.22,146,6310.12,-0.248,0,normal
TRD-106491,2026-09-30 15:07:14.503,BANK,63.45,195,12372.75,-0.01,0,normal
TRD-106492,2026-09-30 15:07:20.882,AUTO,96.04,172,16518.88,-0.22,0,normal
TRD-106493,2026-09-30 15:07:22.663,BANK,63.45,362,22968.9,-0.012,0,normal
TRD-106494,2026-09-30 15:07:27.920,TECH,193.87,69,13377.03,-0.283,0,normal
TRD-106495,2026-09-30 15:07:32.866,TECH,193.83,168,32563.44,-0.278,0,normal
TRD-106496,2026-09-30 15:07:34.159,AUTO,95.98,549,52693.02,-0.419,0,normal
TRD-106497,2026-09-30 15:07:34.505,BANK,63.46,805,51085.3,0.027,0,normal
TRD-106498,2026-09-30 15:07:36.093,ENERGY,43.14,173,7463.22,-0.487,0,normal
TRD-106499,2026-09-30 15:07:45.234,TECH,193.82,166,32174.12,-0.059,0,normal
TRD-106500,2026-09-30 15:07:45.895,PHARMA,178.74,106,18946.44,0.0,0,normal
TRD-106501,2026-09-30 15:07:46.637,PHARMA,178.73,624,111527.52,-0.031,0,normal
TRD-106502,2026-09-30 15:07:46.776,ENERGY,43.1,148,6378.8,-0.281,0,normal
TRD-106503,2026-09-30 15:07:48.521,ENERGY,43.11,127,5474.97,0.065,0,normal
TRD-106504,2026-09-30 15:07:54.302,BANK,63.45,463,29377.35,-0.013,0,normal
TRD-106505,2026-09-30 15:07:58.339,AUTO,95.96,250,23990.0,-0.138,0,normal
TRD-106506,2026-09-30 15:08:02.426,ENERGY,43.09,98,4222.82,-0.123,0,normal
TRD-106507,2026-09-30 15:08:03.622,ENERGY,43.09,286,12323.74,0.022,0,normal
TRD-106508,2026-09-30 15:08:04.411,BANK,63.48,354,22471.92,0.162,0,normal
TRD-106509,2026-09-30 15:08:08.071,PHARMA,178.67,363,64857.21,-0.38,0,normal
TRD-106510,2026-09-30 15:08:08.537,TECH,193.84,149,28882.16,0.141,0,normal
TRD-106511,2026-09-30 15:08:09.208,PHARMA,178.5,6716,1198806.0,-0.185,1,volume_spike
TRD-106512,2026-09-30 15:08:09.492,TECH,193.89,451,87444.39,0.275,0,normal
TRD-106513,2026-09-30 15:08:11.360,ENERGY,43.12,173,7459.76,0.156,0,normal
TRD-106514,2026-09-30 15:08:14.684,TECH,193.91,423,82023.93,0.177,0,normal
TRD-106515,2026-09-30 15:08:24.229,BANK,63.48,233,14790.84,0.022,0,normal
TRD-106516,2026-09-30 15:08:24.721,TECH,194.04,183,35509.32,0.877,0,normal
TRD-106517,2026-09-30 15:08:29.288,ENERGY,43.08,98,4221.84,-0.287,0,normal
TRD-106518,2026-09-30 15:08:30.723,ENERGY,43.1,137,5904.7,0.166,0,normal
TRD-106519,2026-09-30 15:08:31.190,AUTO,95.98,138,13245.24,0.147,0,normal
TRD-106520,2026-09-30 15:08:32.526,TECH,194.07,243,47159.01,0.175,0,normal
TRD-106521,2026-09-30 15:08:33.496,PHARMA,178.64,59,10539.76,-0.265,0,normal
TRD-106522,2026-09-30 15:08:34.528,BANK,63.49,383,24316.67,0.085,0,normal
TRD-106523,2026-09-30 15:08:37.547,TECH,194.08,44,8539.52,0.039,0,normal
TRD-106524,2026-09-30 15:08:37.576,BANK,63.52,324,20580.48,0.198,0,normal
TRD-106525,2026-09-30 15:08:40.782,BANK,63.52,288,18293.76,0.004,0,normal
TRD-106526,2026-09-30 15:08:42.150,AUTO,95.95,223,21396.85,-0.187,0,normal
TRD-106527,2026-09-30 15:08:45.219,TECH,194.0,245,47530.0,-0.477,0,normal
TRD-106528,2026-09-30 15:08:45.782,ENERGY,38.29,238,9113.02,-4.809,1,price_shock
TRD-106529,2026-09-30 15:08:49.945,TECH,193.96,127,24632.92,-0.268,0,normal
TRD-106530,2026-09-30 15:08:52.376,AUTO,95.94,401,38471.94,-0.094,0,normal
TRD-106531,2026-09-30 15:09:07.087,BANK,63.51,381,24197.31,-0.11,0,normal
TRD-106532,2026-09-30 15:09:07.263,TECH,193.95,77,14934.15,-0.113,0,normal
TRD-106533,2026-09-30 15:09:09.802,TECH,193.99,179,34724.21,0.275,0,normal
TRD-106534,2026-09-30 15:09:10.883,TECH,194.04,226,43853.04,0.373,0,normal
TRD-106535,2026-09-30 15:09:15.574,TECH,194.08,554,107520.32,0.26,0,normal
TRD-106536,2026-09-30 15:09:17.278,TECH,194.11,270,52409.7,0.184,0,normal
TRD-106537,2026-09-30 15:09:18.583,TECH,194.07,280,54339.6,-0.285,0,normal
TRD-106538,2026-09-30 15:09:20.313,AUTO,95.95,148,14200.6,0.071,0,normal
TRD-106539,2026-09-30 15:09:30.331,TECH,194.0,209,40546.0,-0.432,0,normal
TRD-106540,2026-09-30 15:09:31.535,ENERGY,38.31,245,9385.95,0.121,0,normal
TRD-106541,2026-09-30 15:09:33.655,TECH,194.01,103,19983.03,0.054,0,normal
TRD-106542,2026-09-30 15:09:34.109,PHARMA,178.59,363,64828.17,-0.327,0,normal
TRD-106543,2026-09-30 15:09:35.547,TECH,193.99,103,19980.97,-0.139,0,normal
TRD-106544,2026-09-30 15:09:35.630,AUTO,95.95,241,23123.95,-0.009,0,normal
TRD-106545,2026-09-30 15:09:36.653,ENERGY,38.3,96,3676.8,-0.057,0,normal
TRD-106546,2026-09-30 15:09:40.677,TECH,194.0,381,73914.0,0.046,0,normal
TRD-106547,2026-09-30 15:09:46.184,BANK,63.49,686,43554.14,-0.094,0,normal
TRD-106548,2026-09-30 15:09:49.206,ENERGY,38.38,174,6678.12,0.563,0,normal
TRD-106549,2026-09-30 15:09:51.088,PHARMA,178.48,98,17491.04,-0.7,0,normal
TRD-106550,2026-09-30 15:09:52.177,PHARMA,178.4,229,40853.6,-0.562,0,normal
TRD-106551,2026-09-30 15:09:53.961,TECH,194.03,84,16298.52,0.194,0,normal
TRD-106552,2026-09-30 15:09:54.313,PHARMA,178.43,122,21768.46,0.253,0,normal
TRD-106553,2026-09-30 15:09:59.735,BANK,63.5,420,26670.0,0.046,0,normal
TRD-106554,2026-09-30 15:10:01.138,BANK,63.49,109,6920.41,-0.08,0,normal
TRD-106555,2026-09-30 15:10:02.765,AUTO,95.98,157,15068.86,0.253,0,normal
TRD-106556,2026-09-30 15:10:07.699,PHARMA,178.47,188,33552.36,0.255,0,normal
TRD-106557,2026-09-30 15:10:14.032,TECH,193.98,96,18622.08,-0.286,0,normal
TRD-106558,2026-09-30 15:10:21.887,TECH,193.99,165,32008.35,0.061,0,normal
TRD-106559,2026-09-30 15:10:22.439,BANK,63.49,456,28951.44,0.01,0,normal
TRD-106560,2026-09-30 15:10:24.910,TECH,194.0,181,35114.0,0.065,0,normal
TRD-106561,2026-09-30 15:10:26.932,AUTO,96.01,122,11713.22,0.152,0,normal
TRD-106562,2026-09-30 15:10:29.209,BANK,63.47,206,13074.82,-0.143,0,normal
TRD-106563,2026-09-30 15:10:35.756,PHARMA,178.47,259,46223.73,0.008,0,normal
TRD-106564,2026-09-30 15:10:36.650,TECH,193.9,203,39361.7,-0.678,0,normal
TRD-106565,2026-09-30 15:10:38.103,TECH,193.99,152,29486.48,0.573,0,normal
TRD-106566,2026-09-30 15:10:40.701,PHARMA,178.54,224,39992.96,0.449,0,normal
TRD-106567,2026-09-30 15:10:41.739,BANK,63.5,344,21844.0,0.212,0,normal
TRD-106568,2026-09-30 15:10:42.673,ENERGY,38.43,56,2152.08,0.331,0,normal
TRD-106569,2026-09-30 15:10:44.044,PHARMA,178.6,330,58938.0,0.4,0,normal
TRD-106570,2026-09-30 15:10:44.066,ENERGY,38.44,114,4382.16,0.015,0,normal
TRD-106571,2026-09-30 15:10:44.547,PHARMA,178.54,95,16961.3,-0.389,0,normal
TRD-106572,2026-09-30 15:10:49.027,AUTO,96.01,97,9312.97,0.059,0,normal
TRD-106573,2026-09-30 15:10:53.279,TECH,194.08,394,76467.52,0.641,0,normal
TRD-106574,2026-09-30 15:10:56.807,BANK,63.48,246,15616.08,-0.166,0,normal
TRD-106575,2026-09-30 15:10:58.791,BANK,63.45,347,22017.15,-0.198,0,normal
TRD-106576,2026-09-30 15:11:00.913,ENERGY,38.4,332,12748.8,-0.255,0,normal
TRD-106577,2026-09-30 15:11:08.019,TECH,194.1,169,32802.9,0.124,0,normal
TRD-106578,2026-09-30 15:11:09.001,AUTO,96.01,236,22658.36,-0.011,0,normal
TRD-106579,2026-09-30 15:11:09.081,BANK,63.47,239,15169.33,0.18,0,normal
TRD-106580,2026-09-30 15:11:09.525,TECH,194.11,181,35133.91,0.056,0,normal
TRD-106581,2026-09-30 15:11:15.203,BANK,63.48,1500,95220.0,0.018,0,normal
TRD-106582,2026-09-30 15:11:18.126,ENERGY,38.37,149,5717.13,-0.189,0,normal
TRD-106583,2026-09-30 15:11:23.499,ENERGY,38.4,182,6988.8,0.201,0,normal
TRD-106584,2026-09-30 15:11:26.434,AUTO,95.99,233,22365.67,-0.148,0,normal
TRD-106585,2026-09-30 15:11:35.664,ENERGY,38.44,431,16567.64,0.263,0,normal
TRD-106586,2026-09-30 15:11:36.175,TECH,194.1,220,42702.0,-0.051,0,normal
TRD-106587,2026-09-30 15:11:36.832,TECH,194.14,167,32421.38,0.236,0,normal
TRD-106588,2026-09-30 15:11:45.874,TECH,194.15,130,25239.5,0.091,0,normal
TRD-106589,2026-09-30 15:11:53.627,TECH,194.19,149,28934.31,0.235,0,normal
TRD-106590,2026-09-30 15:11:53.694,TECH,194.22,188,36513.36,0.253,0,normal
TRD-106591,2026-09-30 15:11:56.315,ENERGY,38.4,152,5836.8,-0.274,0,normal
TRD-106592,2026-09-30 15:12:03.919,TECH,194.36,221,42953.56,0.884,0,normal
TRD-106593,2026-09-30 15:12:04.618,TECH,194.42,151,29357.42,0.418,0,normal
TRD-106594,2026-09-30 15:12:04.784,BANK,63.49,244,15491.56,0.099,0,normal
TRD-106595,2026-09-30 15:12:06.492,TECH,194.4,40,7776.0,-0.118,0,normal
TRD-106596,2026-09-30 15:12:09.740,BANK,63.46,368,23353.28,-0.185,0,normal
TRD-106597,2026-09-30 15:12:10.000,BANK,63.44,332,21062.08,-0.176,0,normal
TRD-106598,2026-09-30 15:12:10.529,PHARMA,178.51,208,37130.08,-0.248,0,normal
TRD-106599,2026-09-30 15:12:12.584,AUTO,95.92,208,19951.36,-0.501,0,normal
TRD-106600,2026-09-30 15:12:12.799,TECH,194.41,177,34410.57,0.036,0,normal
TRD-106601,2026-09-30 15:12:12.845,ENERGY,38.43,84,3228.12,0.207,0,normal
TRD-106602,2026-09-30 15:12:19.336,TECH,194.45,205,39862.25,0.298,0,normal
TRD-106603,2026-09-30 15:12:21.223,AUTO,95.91,557,53421.87,-0.068,0,normal
TRD-106604,2026-09-30 15:12:24.599,BANK,63.45,483,30646.35,0.113,0,normal
TRD-106605,2026-09-30 15:12:25.984,AUTO,95.92,279,26761.68,0.109,0,normal
TRD-106606,2026-09-30 15:12:31.107,TECH,194.55,64,12451.2,0.623,0,normal
TRD-106607,2026-09-30 15:12:37.264,BANK,63.46,305,19355.3,0.039,0,normal
TRD-106608,2026-09-30 15:12:39.941,TECH,194.51,92,17894.92,-0.231,0,normal
TRD-106609,2026-09-30 15:12:48.106,ENERGY,29.2,152,4438.4,-9.228,1,price_shock
TRD-106610,2026-09-30 15:12:51.368,PHARMA,178.47,101,18025.47,-0.27,0,normal
TRD-106611,2026-09-30 15:12:52.947,BANK,63.46,242,15357.32,-0.022,0,normal
TRD-106612,2026-09-30 15:12:55.141,BANK,63.46,326,20687.96,0.016,0,normal
TRD-106613,2026-09-30 15:12:56.327,BANK,63.46,161,10217.06,0.003,0,normal
TRD-106614,2026-09-30 15:12:57.797,AUTO,95.91,232,22251.12,-0.076,0,normal
TRD-106615,2026-09-30 15:12:59.427,BANK,63.47,493,31290.71,0.042,0,normal
TRD-106616,2026-09-30 15:13:02.215,PHARMA,178.45,170,30336.5,-0.081,0,normal
TRD-106617,2026-09-30 15:13:02.675,PHARMA,178.46,92,16418.32,0.028,0,normal
TRD-106618,2026-09-30 15:13:06.206,ENERGY,29.16,167,4869.72,-0.247,0,normal
TRD-106619,2026-09-30 15:13:08.203,BANK,63.44,167,10594.48,-0.147,0,normal
TRD-106620,2026-09-30 15:13:10.002,AUTO,95.92,378,36257.76,0.03,0,normal
TRD-106621,2026-09-30 15:13:13.850,AUTO,95.93,657,63026.01,0.127,0,normal
TRD-106622,2026-09-30 15:13:15.667,TECH,194.43,103,20026.29,-0.527,0,normal
TRD-106623,2026-09-30 15:13:19.365,PHARMA,178.47,313,55861.11,0.083,0,normal
TRD-106624,2026-09-30 15:13:32.375,PHARMA,178.5,95,16957.5,0.203,0,normal
TRD-106625,2026-09-30 15:13:32.946,AUTO,95.91,360,34527.6,-0.182,0,normal
TRD-106626,2026-09-30 15:13:34.768,AUTO,95.94,184,17652.96,0.234,0,normal
TRD-106627,2026-09-30 15:13:41.265,ENERGY,29.14,149,4341.86,-0.146,0,normal
TRD-106628,2026-09-30 15:13:41.438,AUTO,96.0,596,57216.0,0.411,0,normal
TRD-106629,2026-09-30 15:13:42.362,ENERGY,29.13,274,7981.62,-0.105,0,normal
TRD-106630,2026-09-30 15:13:46.768,AUTO,96.01,232,22274.32,0.023,0,normal
TRD-106631,2026-09-30 15:13:50.267,TECH,194.42,148,28774.16,-0.084,0,normal
TRD-106632,2026-09-30 15:13:51.560,PHARMA,178.4,87,15520.8,-0.667,0,normal
TRD-106633,2026-09-30 15:13:51.989,TECH,194.43,145,28192.35,0.05,0,normal
TRD-106634,2026-09-30 15:13:57.109,AUTO,95.98,243,23323.14,-0.189,0,normal
TRD-106635,2026-09-30 15:14:08.543,BANK,63.43,447,28353.21,-0.056,0,normal
TRD-106636,2026-09-30 15:14:09.123,PHARMA,178.43,157,28013.51,0.189,0,normal
TRD-106637,2026-09-30 15:14:10.385,BANK,63.45,919,58310.55,0.118,0,normal
TRD-106638,2026-09-30 15:14:11.901,TECH,194.43,174,33830.82,0.034,0,normal
TRD-106639,2026-09-30 15:14:20.206,TECH,194.42,107,20802.94,-0.088,0,normal
TRD-106640,2026-09-30 15:14:22.055,TECH,194.4,153,29743.2,-0.136,0,normal
TRD-106641,2026-09-30 15:14:28.602,AUTO,96.0,413,39648.0,0.165,0,normal
TRD-106642,2026-09-30 15:14:33.075,PHARMA,178.41,100,17841.0,-0.122,0,normal
TRD-106643,2026-09-30 15:14:38.204,BANK,63.44,280,17763.2,-0.064,0,normal
TRD-106644,2026-09-30 15:14:40.589,BANK,63.45,314,19923.3,0.02,0,normal
TRD-106645,2026-09-30 15:14:50.431,ENERGY,29.09,174,5061.66,-0.22,0,normal
TRD-106646,2026-09-30 15:14:53.636,PHARMA,178.31,129,23001.99,-0.689,0,normal
TRD-106647,2026-09-30 15:14:56.802,TECH,194.4,141,27410.4,0.004,0,normal
TRD-106648,2026-09-30 15:14:59.333,BANK,63.46,166,10534.36,0.091,0,normal
TRD-106649,2026-09-30 15:15:05.609,BANK,63.45,337,21382.65,-0.038,0,normal
TRD-106650,2026-09-30 15:15:14.589,AUTO,96.0,179,17184.0,-0.056,0,normal
TRD-106651,2026-09-30 15:15:31.879,AUTO,95.97,167,16026.99,-0.179,0,normal
TRD-106652,2026-09-30 15:15:34.414,AUTO,95.95,136,13049.2,-0.14,0,normal
TRD-106653,2026-09-30 15:15:34.586,AUTO,95.97,357,34261.29,0.176,0,normal
TRD-106654,2026-09-30 15:15:36.408,BANK,63.48,308,19551.84,0.174,0,normal
TRD-106655,2026-09-30 15:15:36.653,TECH,194.42,108,20997.36,0.153,0,normal
TRD-106656,2026-09-30 15:15:36.981,BANK,63.46,564,35791.44,-0.121,0,normal
TRD-106657,2026-09-30 15:15:41.300,BANK,63.46,575,36489.5,-0.021,0,normal
TRD-106658,2026-09-30 15:15:46.333,AUTO,95.97,168,16122.96,-0.016,0,normal
TRD-106659,2026-09-30 15:15:46.538,PHARMA,178.32,263,46898.16,0.09,0,normal
TRD-106660,2026-09-30 15:15:51.858,ENERGY,29.03,395,11466.85,-0.432,0,normal
TRD-106661,2026-09-30 15:15:54.042,TECH,194.36,243,47229.48,-0.385,0,normal
TRD-106662,2026-09-30 15:15:57.822,BANK,63.46,380,24114.8,-0.021,0,normal
TRD-106663,2026-09-30 15:16:00.778,TECH,194.38,79,15356.02,0.099,0,normal
TRD-106664,2026-09-30 15:16:05.734,TECH,194.28,183,35553.24,-0.674,0,normal
TRD-106665,2026-09-30 15:16:06.773,BANK,63.49,340,21586.6,0.203,0,normal
TRD-106666,2026-09-30 15:16:12.277,AUTO,95.92,213,20430.96,-0.322,0,normal
TRD-106667,2026-09-30 15:16:13.385,BANK,63.48,1020,64749.6,-0.052,0,normal
TRD-106668,2026-09-30 15:16:21.965,TECH,194.26,94,18260.44,-0.134,0,normal
TRD-106669,2026-09-30 15:16:23.677,AUTO,95.92,462,44315.04,-0.019,0,normal
TRD-106670,2026-09-30 15:16:25.569,TECH,194.23,74,14373.02,-0.198,0,normal
TRD-106671,2026-09-30 15:16:28.645,BANK,63.46,286,18149.56,-0.106,0,normal
TRD-106672,2026-09-30 15:16:33.223,PHARMA,178.32,124,22111.68,-0.016,0,normal
TRD-106673,2026-09-30 15:16:34.622,PHARMA,178.27,338,60255.26,-0.345,0,normal
TRD-106674,2026-09-30 15:16:36.705,TECH,194.27,219,42545.13,0.262,0,normal
TRD-106675,2026-09-30 15:16:42.614,TECH,194.21,485,94191.85,-0.386,0,normal
TRD-106676,2026-09-30 15:16:45.593,PHARMA,178.33,193,34417.69,0.449,0,normal
TRD-106677,2026-09-30 15:16:54.751,AUTO,95.92,189,18128.88,-0.009,0,normal
TRD-106678,2026-09-30 15:17:00.126,TECH,194.23,251,48751.73,0.15,0,normal
TRD-106679,2026-09-30 15:17:02.171,AUTO,95.87,210,20132.7,-0.338,0,normal
TRD-106680,2026-09-30 15:17:03.973,BANK,63.48,488,30978.24,0.146,0,normal
TRD-106681,2026-09-30 15:17:06.124,TECH,202.19,258,52165.02,7.956,1,price_shock
TRD-106682,2026-09-30 15:17:08.270,TECH,202.2,1036,209479.2,0.077,0,normal
TRD-106683,2026-09-30 15:17:09.302,BANK,63.47,331,21008.57,-0.118,0,normal
TRD-106684,2026-09-30 15:17:11.031,TECH,202.19,147,29721.93,-0.08,0,normal
TRD-106685,2026-09-30 15:17:11.163,TECH,202.15,124,25066.6,-0.268,0,normal
TRD-106686,2026-09-30 15:17:12.038,ENERGY,29.01,346,10037.46,-0.135,0,normal
TRD-106687,2026-09-30 15:17:12.172,TECH,202.17,321,64896.57,0.133,0,normal
TRD-106688,2026-09-30 15:17:14.993,TECH,202.12,366,73975.92,-0.329,0,normal
TRD-106689,2026-09-30 15:17:15.582,AUTO,95.86,287,27511.82,-0.041,0,normal
TRD-106690,2026-09-30 15:17:18.338,AUTO,95.91,196,18798.36,0.296,0,normal
TRD-106691,2026-09-30 15:17:21.407,TECH,202.19,256,51760.64,0.464,0,normal
TRD-106692,2026-09-30 15:17:25.472,BANK,63.46,278,17641.88,-0.032,0,normal
TRD-106693,2026-09-30 15:17:26.019,AUTO,95.9,362,34715.8,-0.036,0,normal
TRD-106694,2026-09-30 15:17:28.788,AUTO,95.89,100,9589.0,-0.092,0,normal
TRD-106695,2026-09-30 15:17:32.678,BANK,63.45,464,29440.8,-0.061,0,normal
TRD-106696,2026-09-30 15:17:32.748,AUTO,95.87,127,12175.49,-0.1,0,normal
TRD-106697,2026-09-30 15:17:49.808,AUTO,95.9,219,21002.1,0.152,0,normal
TRD-106698,2026-09-30 15:17:53.889,TECH,202.11,96,19402.56,-0.499,0,normal
TRD-106699,2026-09-30 15:17:54.781,TECH,202.11,250,50527.5,-0.053,0,normal
TRD-106700,2026-09-30 15:17:59.878,TECH,202.03,137,27678.11,-0.53,0,normal
TRD-106701,2026-09-30 15:18:03.776,AUTO,95.89,432,41424.48,-0.056,0,normal
TRD-106702,2026-09-30 15:18:05.044,BANK,63.45,98,6218.1,0.013,0,normal
TRD-106703,2026-09-30 15:18:05.862,ENERGY,29.06,200,5812.0,0.378,0,normal
TRD-106704,2026-09-30 15:18:05.880,TECH,202.07,275,55569.25,0.258,0,normal
TRD-106705,2026-09-30 15:18:08.518,TECH,202.09,250,50522.5,0.15,0,normal
TRD-106706,2026-09-30 15:18:18.310,TECH,202.17,235,47509.95,0.521,0,normal
TRD-106707,2026-09-30 15:18:23.325,TECH,202.06,211,42634.66,-0.685,0,normal
TRD-106708,2026-09-30 15:18:28.133,TECH,202.01,164,33129.64,-0.385,0,normal
TRD-106709,2026-09-30 15:18:37.086,ENERGY,29.04,150,4356.0,-0.177,0,normal
TRD-106710,2026-09-30 15:18:38.044,BANK,63.44,363,23028.72,-0.111,0,normal
TRD-106711,2026-09-30 15:18:38.969,AUTO,95.89,265,25410.85,0.038,0,normal
TRD-106712,2026-09-30 15:18:39.359,BANK,63.45,218,13832.1,0.103,0,normal
TRD-106713,2026-09-30 15:18:41.806,PHARMA,178.33,81,14444.73,-0.034,0,normal
TRD-106714,2026-09-30 15:18:41.921,TECH,201.95,69,13934.55,-0.398,0,normal
TRD-106715,2026-09-30 15:18:44.066,PHARMA,178.33,62,11056.46,-0.014,0,normal
TRD-106716,2026-09-30 15:18:52.522,PHARMA,178.37,153,27290.61,0.314,0,normal
TRD-106717,2026-09-30 15:18:57.093,TECH,201.85,134,27047.9,-0.645,0,normal
TRD-106718,2026-09-30 15:18:58.709,BANK,63.47,169,10726.43,0.125,0,normal
TRD-106719,2026-09-30 15:18:58.960,TECH,201.86,366,73880.76,0.059,0,normal
TRD-106720,2026-09-30 15:19:03.792,PHARMA,178.32,133,23716.56,-0.37,0,normal
TRD-106721,2026-09-30 15:19:04.993,BANK,63.49,693,43998.57,0.1,0,normal
TRD-106722,2026-09-30 15:19:05.755,ENERGY,29.04,133,3862.32,0.035,0,normal
TRD-106723,2026-09-30 15:19:07.840,PHARMA,178.28,299,53305.72,-0.273,0,normal
TRD-106724,2026-09-30 15:19:11.098,AUTO,95.9,223,21385.7,0.062,0,normal
TRD-106725,2026-09-30 15:19:15.243,PHARMA,178.23,257,45805.11,-0.323,0,normal
TRD-106726,2026-09-30 15:19:16.004,TECH,201.87,305,61570.35,0.075,0,normal
TRD-106727,2026-09-30 15:19:16.170,ENERGY,29.01,187,5424.87,-0.234,0,normal
TRD-106728,2026-09-30 15:19:18.789,BANK,63.5,259,16446.5,0.055,0,normal
TRD-106729,2026-09-30 15:19:19.144,AUTO,95.91,145,13906.95,0.044,0,normal
TRD-106730,2026-09-30 15:19:22.088,PHARMA,178.23,460,81985.8,0.03,0,normal
TRD-106731,2026-09-30 15:19:28.536,TECH,201.86,304,61365.44,-0.067,0,normal
TRD-106732,2026-09-30 15:19:31.928,ENERGY,29.03,269,7809.07,0.151,0,normal
TRD-106733,2026-09-30 15:19:32.407,PHARMA,178.21,160,28513.6,-0.135,0,normal
TRD-106734,2026-09-30 15:19:34.258,BANK,63.5,441,28003.5,0.032,0,normal
TRD-106735,2026-09-30 15:19:39.847,PHARMA,178.22,68,12118.96,0.049,0,normal
TRD-106736,2026-09-30 15:19:43.869,TECH,202.01,151,30503.51,1.024,0,normal
TRD-106737,2026-09-30 15:19:44.310,TECH,201.74,7932,1600201.68,0.007,1,volume_spike
TRD-106738,2026-09-30 15:19:44.848,ENERGY,29.05,274,7959.7,0.138,0,normal
TRD-106739,2026-09-30 15:19:49.689,AUTO,95.97,596,57198.12,0.439,0,normal
TRD-106740,2026-09-30 15:19:52.380,PHARMA,178.23,254,45270.42,0.094,0,normal
TRD-106741,2026-09-30 15:19:54.848,BANK,63.5,370,23495.0,-0.024,0,normal
TRD-106742,2026-09-30 15:19:58.361,PHARMA,178.24,861,153464.64,0.05,0,normal
TRD-106743,2026-09-30 15:19:58.825,TECH,202.03,71,14344.13,0.103,0,normal
TRD-106744,2026-09-30 15:19:59.097,TECH,202.03,223,45052.69,-0.026,0,normal
TRD-106745,2026-09-30 15:20:02.256,TECH,201.99,184,37166.16,-0.259,0,normal
TRD-106746,2026-09-30 15:20:11.308,ENERGY,29.0,183,5307.0,-0.327,0,normal
TRD-106747,2026-09-30 15:20:11.685,TECH,202.04,63,12728.52,0.351,0,normal
TRD-106748,2026-09-30 15:20:12.152,BANK,63.53,530,33670.9,0.193,0,normal
TRD-106749,2026-09-30 15:20:12.372,ENERGY,29.06,135,3923.1,0.391,0,normal
TRD-106750,2026-09-30 15:20:13.914,TECH,202.0,182,36764.0,-0.277,0,normal
TRD-106751,2026-09-30 15:20:14.470,TECH,202.08,241,48701.28,0.544,0,normal
TRD-106752,2026-09-30 15:20:22.243,TECH,202.01,107,21615.07,-0.439,0,normal
TRD-106753,2026-09-30 15:20:26.168,TECH,202.02,522,105454.44,0.029,0,normal
TRD-106754,2026-09-30 15:20:26.318,TECH,202.04,618,124860.72,0.152,0,normal
TRD-106755,2026-09-30 15:20:27.167,AUTO,96.0,195,18720.0,0.194,0,normal
TRD-106756,2026-09-30 15:20:42.424,AUTO,96.01,363,34851.63,0.044,0,normal
TRD-106757,2026-09-30 15:20:50.045,TECH,201.97,212,42817.64,-0.439,0,normal
TRD-106758,2026-09-30 15:20:50.932,TECH,202.0,195,39390.0,0.155,0,normal
TRD-106759,2026-09-30 15:20:56.100,AUTO,95.99,282,27069.18,-0.103,0,normal
TRD-106760,2026-09-30 15:21:00.436,AUTO,96.0,195,18720.0,0.03,0,normal
TRD-106761,2026-09-30 15:21:00.541,BANK,63.54,318,20205.72,0.09,0,normal
TRD-106762,2026-09-30 15:21:01.946,PHARMA,178.27,229,40823.83,0.202,0,normal
TRD-106763,2026-09-30 15:21:06.180,TECH,202.05,335,67686.75,0.38,0,normal
TRD-106764,2026-09-30 15:21:09.782,TECH,202.01,131,26463.31,-0.283,0,normal
TRD-106765,2026-09-30 15:21:16.423,AUTO,96.01,591,56741.91,0.058,0,normal
TRD-106766,2026-09-30 15:21:17.787,TECH,202.04,143,28891.72,0.165,0,normal
TRD-106767,2026-09-30 15:21:21.240,PHARMA,178.23,118,21031.14,-0.282,0,normal
TRD-106768,2026-09-30 15:21:22.484,PHARMA,178.23,143,25486.89,-0.028,0,normal
TRD-106769,2026-09-30 15:21:27.097,ENERGY,29.3,11909,348933.7,0.155,1,volume_spike
TRD-106770,2026-09-30 15:21:38.170,ENERGY,29.09,107,3112.63,0.226,0,normal
TRD-106771,2026-09-30 15:21:41.230,TECH,202.16,204,41240.64,0.849,0,normal
TRD-106772,2026-09-30 15:21:41.512,TECH,202.21,161,32555.81,0.331,0,normal
TRD-106773,2026-09-30 15:21:45.400,BANK,63.53,471,29922.63,-0.085,0,normal
TRD-106774,2026-09-30 15:21:56.236,TECH,202.17,99,20014.83,-0.272,0,normal
TRD-106775,2026-09-30 15:21:56.464,AUTO,96.0,378,36288.0,-0.038,0,normal
TRD-106776,2026-09-30 15:21:57.407,BANK,63.53,264,16771.92,0.029,0,normal
TRD-106777,2026-09-30 15:21:59.738,BANK,63.54,173,10992.42,0.046,0,normal
TRD-106778,2026-09-30 15:22:07.742,AUTO,96.01,148,14209.48,0.048,0,normal
TRD-106779,2026-09-30 15:22:16.602,ENERGY,29.13,107,3116.91,0.248,0,normal
TRD-106780,2026-09-30 15:22:32.501,TECH,202.19,199,40235.81,0.103,0,normal
TRD-106781,2026-09-30 15:22:36.259,BANK,63.53,158,10037.74,-0.068,0,normal
TRD-106782,2026-09-30 15:22:37.313,TECH,202.24,354,71592.96,0.321,0,normal
TRD-106783,2026-09-30 15:22:39.293,TECH,202.27,201,40656.27,0.191,0,normal
TRD-106784,2026-09-30 15:22:42.018,TECH,202.35,130,26305.5,0.556,0,normal
TRD-106785,2026-09-30 15:23:03.996,AUTO,95.99,169,16222.31,-0.117,0,normal
TRD-106786,2026-09-30 15:23:05.205,ENERGY,29.14,255,7430.7,0.025,0,normal
TRD-106787,2026-09-30 15:23:05.938,PHARMA,178.25,185,32976.25,0.163,0,normal
TRD-106788,2026-09-30 15:23:10.622,TECH,202.32,240,48556.8,-0.177,0,normal
TRD-106789,2026-09-30 15:23:14.708,TECH,202.22,200,40444.0,-0.699,0,normal
TRD-106790,2026-09-30 15:23:18.333,TECH,202.14,126,25469.64,-0.506,0,normal
TRD-106791,2026-09-30 15:23:22.437,TECH,202.27,218,44094.86,0.86,0,normal
TRD-106792,2026-09-30 15:23:22.997,BANK,63.51,283,17973.33,-0.136,0,normal
TRD-106793,2026-09-30 15:23:23.752,BANK,63.5,266,16891.0,-0.016,0,normal
TRD-106794,2026-09-30 15:23:26.357,TECH,202.23,321,64915.83,-0.251,0,normal
TRD-106795,2026-09-30 15:23:28.692,TECH,202.28,186,37624.08,0.296,0,normal
TRD-106796,2026-09-30 15:23:30.636,PHARMA,178.29,94,16759.26,0.235,0,normal
TRD-106797,2026-09-30 15:23:31.447,TECH,202.28,97,19621.16,-0.001,0,normal
TRD-106798,2026-09-30 15:23:35.687,TECH,202.38,65,13154.7,0.668,0,normal
TRD-106799,2026-09-30 15:23:40.677,PHARMA,178.3,250,44575.0,0.08,0,normal
TRD-106800,2026-09-30 15:23:43.461,TECH,202.34,252,50989.68,-0.225,0,normal
TRD-106801,2026-09-30 15:23:44.781,PHARMA,178.3,152,27101.6,0.003,0,normal
TRD-106802,2026-09-30 15:23:48.363,TECH,202.44,93,18826.92,0.611,0,normal
TRD-106803,2026-09-30 15:23:54.638,AUTO,96.01,463,44452.63,0.089,0,normal
TRD-106804,2026-09-30 15:23:57.055,TECH,202.44,189,38261.16,0.025,0,normal
TRD-106805,2026-09-30 15:23:58.097,TECH,202.37,289,58484.93,-0.482,0,normal
TRD-106806,2026-09-30 15:24:01.613,AUTO,96.04,116,11140.64,0.258,0,normal
TRD-106807,2026-09-30 15:24:03.421,AUTO,93.01,2,186.02,-3.035,1,liquidity_vacuum
TRD-106808,2026-09-30 15:24:04.831,ENERGY,29.1,119,3462.9,-0.267,0,normal
TRD-106809,2026-09-30 15:24:07.633,BANK,63.53,386,24522.58,0.184,0,normal
TRD-106810,2026-09-30 15:24:09.158,TECH,202.39,429,86825.31,0.151,0,normal
TRD-106811,2026-09-30 15:24:12.546,BANK,63.42,5595,354834.9,-0.135,1,volume_spike
TRD-106812,2026-09-30 15:24:13.421,TECH,202.39,3044,616075.16,-2.959,1,multivariate_break
TRD-106813,2026-09-30 15:24:16.796,TECH,202.42,428,86635.76,0.219,0,normal
TRD-106814,2026-09-30 15:24:17.368,TECH,202.37,273,55247.01,-0.343,0,normal
TRD-106815,2026-09-30 15:24:17.743,AUTO,96.03,154,14788.62,-0.066,0,normal
TRD-106816,2026-09-30 15:24:26.540,AUTO,96.01,171,16417.71,-0.16,0,normal
TRD-106817,2026-09-30 15:24:30.730,TECH,202.39,187,37846.93,0.159,0,normal
TRD-106818,2026-09-30 15:24:31.360,BANK,63.53,156,9910.68,-0.022,0,normal
TRD-106819,2026-09-30 15:24:34.701,AUTO,96.0,472,45312.0,-0.044,0,normal
TRD-106820,2026-09-30 15:24:35.329,TECH,202.44,109,22065.96,0.275,0,normal
TRD-106821,2026-09-30 15:24:35.752,TECH,202.42,201,40686.42,-0.138,0,normal
TRD-106822,2026-09-30 15:24:36.513,TECH,202.44,43,8704.92,0.15,0,normal
TRD-106823,2026-09-30 15:24:38.097,BANK,63.5,532,33782.0,-0.218,0,normal
TRD-106824,2026-09-30 15:24:40.650,AUTO,96.06,232,22285.92,0.377,0,normal
TRD-106825,2026-09-30 15:24:40.981,BANK,63.49,583,37014.67,-0.035,0,normal
TRD-106826,2026-09-30 15:24:41.237,TECH,202.46,887,179582.02,0.163,0,normal
TRD-106827,2026-09-30 15:24:43.434,BANK,63.5,726,46101.0,0.048,0,normal
TRD-106828,2026-09-30 15:24:43.807,PHARMA,178.29,165,29417.85,-0.065,0,normal
TRD-106829,2026-09-30 15:24:44.328,PHARMA,178.29,90,16046.1,0.044,0,normal
TRD-106830,2026-09-30 15:24:44.532,TECH,202.48,173,35029.04,0.126,0,normal
TRD-106831,2026-09-30 15:24:45.267,TECH,202.51,100,20251.0,0.221,0,normal
TRD-106832,2026-09-30 15:24:52.365,TECH,202.49,239,48395.11,-0.172,0,normal
TRD-106833,2026-09-30 15:24:52.669,BANK,63.51,179,11368.29,0.093,0,normal
TRD-106834,2026-09-30 15:24:58.589,AUTO,96.06,313,30066.78,-0.016,0,normal
TRD-106835,2026-09-30 15:25:08.173,PHARMA,178.33,173,30851.09,0.228,0,normal
TRD-106836,2026-09-30 15:25:12.021,TECH,202.37,309,62532.33,-0.76,0,normal
TRD-106837,2026-09-30 15:25:13.286,TECH,202.45,217,43931.65,0.48,0,normal
TRD-106838,2026-09-30 15:25:13.334,AUTO,96.03,133,12771.99,-0.193,0,normal
TRD-106839,2026-09-30 15:25:13.520,TECH,206.94,1,206.94,4.492,1,liquidity_vacuum
TRD-106840,2026-09-30 15:25:15.696,ENERGY,29.14,81,2360.34,0.321,0,normal
TRD-106841,2026-09-30 15:25:20.219,ENERGY,29.12,96,2795.52,-0.173,0,normal
TRD-106842,2026-09-30 15:25:25.337,TECH,202.44,89,18017.16,-0.027,0,normal
TRD-106843,2026-09-30 15:25:25.398,ENERGY,29.16,138,4024.08,0.31,0,normal
TRD-106844,2026-09-30 15:25:30.899,AUTO,96.06,275,26416.5,0.202,0,normal
TRD-106845,2026-09-30 15:25:35.771,TECH,202.43,213,43117.59,-0.085,0,normal
TRD-106846,2026-09-30 15:25:36.554,TECH,202.39,150,30358.5,-0.241,0,normal
TRD-106847,2026-09-30 15:25:45.657,ENERGY,29.17,218,6359.06,0.06,0,normal
TRD-106848,2026-09-30 15:25:45.672,ENERGY,29.19,386,11267.34,0.088,0,normal
TRD-106849,2026-09-30 15:25:46.756,PHARMA,181.79,5,908.95,3.461,1,liquidity_vacuum
TRD-106850,2026-09-30 15:25:49.302,TECH,202.39,131,26513.09,-0.039,0,normal
TRD-106851,2026-09-30 15:25:59.538,TECH,202.39,2045,413887.55,-2.956,1,multivariate_break
TRD-106852,2026-09-30 15:26:05.170,TECH,202.41,108,21860.28,0.133,0,normal
TRD-106853,2026-09-30 15:26:09.574,PHARMA,178.34,95,16942.3,0.061,0,normal
TRD-106854,2026-09-30 15:26:09.828,TECH,202.48,311,62971.28,0.512,0,normal
TRD-106855,2026-09-30 15:26:10.914,TECH,202.53,115,23290.95,0.322,0,normal
TRD-106856,2026-09-30 15:26:21.223,BANK,63.51,386,24514.86,-0.002,0,normal
TRD-106857,2026-09-30 15:26:22.649,BANK,63.51,237,15051.87,-0.023,0,normal
TRD-106858,2026-09-30 15:26:23.259,BANK,63.51,397,25213.47,0.01,0,normal
TRD-106859,2026-09-30 15:26:34.592,ENERGY,29.18,114,3326.52,-0.057,0,normal
TRD-106860,2026-09-30 15:26:35.566,TECH,202.5,171,34627.5,-0.224,0,normal
TRD-106861,2026-09-30 15:26:37.239,AUTO,96.05,30,2881.5,-0.081,0,normal
TRD-106862,2026-09-30 15:26:40.438,TECH,202.65,251,50865.15,0.976,0,normal
TRD-106863,2026-09-30 15:26:45.134,PHARMA,178.28,151,26920.28,-0.411,0,normal
TRD-106864,2026-09-30 15:26:47.137,AUTO,96.0,232,22272.0,-0.31,0,normal
TRD-106865,2026-09-30 15:26:47.306,AUTO,96.06,189,18155.34,0.389,0,normal
TRD-106866,2026-09-30 15:26:47.394,AUTO,95.99,159,15262.41,-0.474,0,normal
TRD-106867,2026-09-30 15:26:47.826,TECH,202.56,176,35650.56,-0.571,0,normal
TRD-106868,2026-09-30 15:26:51.035,TECH,202.53,156,31594.68,-0.219,0,normal
TRD-106869,2026-09-30 15:26:52.421,AUTO,96.03,222,21318.66,0.293,0,normal
TRD-106870,2026-09-30 15:26:53.107,TECH,202.6,104,21070.4,0.512,0,normal
TRD-106871,2026-09-30 15:26:53.303,PHARMA,178.28,265,47244.2,0.013,0,normal
TRD-106872,2026-09-30 15:26:54.248,AUTO,95.96,430,41262.8,-0.499,0,normal
TRD-106873,2026-09-30 15:26:57.784,AUTO,95.91,144,13811.04,-0.298,0,normal
TRD-106874,2026-09-30 15:27:00.739,AUTO,95.9,320,30688.0,-0.078,0,normal
TRD-106875,2026-09-30 15:27:02.426,AUTO,95.9,2617,250970.3,-2.67,1,multivariate_break
TRD-106876,2026-09-30 15:27:10.055,PHARMA,178.33,108,19259.64,0.349,0,normal
TRD-106877,2026-09-30 15:27:24.240,TECH,202.64,267,54104.88,0.215,0,normal
TRD-106878,2026-09-30 15:27:25.846,ENERGY,29.24,95,2777.8,0.394,0,normal
TRD-106879,2026-09-30 15:27:29.264,AUTO,95.93,359,34438.87,0.207,0,normal
TRD-106880,2026-09-30 15:27:32.090,TECH,202.55,205,41522.75,-0.563,0,normal
TRD-106881,2026-09-30 15:27:44.072,ENERGY,29.27,232,6790.64,0.25,0,normal
TRD-106882,2026-09-30 15:27:45.137,BANK,63.5,187,11874.5,-0.074,0,normal
TRD-106883,2026-09-30 15:27:49.168,BANK,63.46,166,10534.36,-0.266,0,normal
TRD-106884,2026-09-30 15:27:52.946,AUTO,95.97,111,10652.67,0.253,0,normal
TRD-106885,2026-09-30 15:28:02.991,AUTO,95.96,107,10267.72,-0.039,0,normal
TRD-106886,2026-09-30 15:28:06.794,PHARMA,178.27,155,27631.85,-0.431,0,normal
TRD-106887,2026-09-30 15:28:07.869,AUTO,95.96,461,44237.56,0.01,0,normal
TRD-106888,2026-09-30 15:28:10.502,AUTO,96.0,293,28128.0,0.203,0,normal
TRD-106889,2026-09-30 15:28:11.178,AUTO,95.99,277,26589.23,-0.008,0,normal
TRD-106890,2026-09-30 15:28:13.403,TECH,194.01,122,23669.22,-8.539,1,price_shock
TRD-106891,2026-09-30 15:28:22.880,ENERGY,29.31,209,6125.79,0.232,0,normal
TRD-106892,2026-09-30 15:28:29.467,ENERGY,29.34,238,6982.92,0.194,0,normal
TRD-106893,2026-09-30 15:28:33.772,PHARMA,178.29,144,25673.76,0.188,0,normal
TRD-106894,2026-09-30 15:28:37.025,TECH,193.97,343,66531.71,-0.256,0,normal
TRD-106895,2026-09-30 15:28:43.146,BANK,63.47,623,39541.81,0.051,0,normal
TRD-106896,2026-09-30 15:28:44.621,BANK,63.45,297,18844.65,-0.084,0,normal
TRD-106897,2026-09-30 15:28:48.893,AUTO,96.04,87,8355.48,0.322,0,normal
TRD-106898,2026-09-30 15:28:48.937,TECH,193.99,172,33366.28,0.106,0,normal
TRD-106899,2026-09-30 15:29:00.539,PHARMA,178.31,206,36731.86,0.1,0,normal
TRD-106900,2026-09-30 15:29:04.178,TECH,194.08,156,30276.48,0.61,0,normal
TRD-106901,2026-09-30 15:29:05.307,TECH,194.07,140,27169.8,-0.028,0,normal
TRD-106902,2026-09-30 15:29:05.700,BANK,63.45,272,17258.4,-0.023,0,normal
TRD-106903,2026-09-30 15:29:05.938,PHARMA,178.33,67,11948.11,0.121,0,normal
TRD-106904,2026-09-30 15:29:06.037,BANK,63.46,574,36426.04,0.046,0,normal
TRD-106905,2026-09-30 15:29:07.700,TECH,194.08,97,18825.76,0.063,0,normal
TRD-106906,2026-09-30 15:29:07.839,TECH,194.0,74,14356.0,-0.533,0,normal
TRD-106907,2026-09-30 15:29:08.414,TECH,193.95,91,17649.45,-0.366,0,normal
TRD-106908,2026-09-30 15:29:11.271,TECH,193.92,149,28894.08,-0.217,0,normal
TRD-106909,2026-09-30 15:29:18.595,PHARMA,178.35,189,33708.15,0.139,0,normal
TRD-106910,2026-09-30 15:29:31.857,BANK,63.47,344,21833.68,0.093,0,normal
TRD-106911,2026-09-30 15:29:40.025,BANK,63.49,612,38855.88,0.145,0,normal
TRD-106912,2026-09-30 15:29:44.962,ENERGY,29.33,186,5455.38,-0.054,0,normal
TRD-106913,2026-09-30 15:29:46.485,ENERGY,29.32,191,5600.12,-0.042,0,normal
TRD-106914,2026-09-30 15:29:48.927,ENERGY,29.37,204,5991.48,0.312,0,normal
TRD-106915,2026-09-30 15:29:49.896,AUTO,96.02,177,16995.54,-0.155,0,normal
TRD-106916,2026-09-30 15:29:52.518,BANK,63.49,289,18348.61,0.009,0,normal
TRD-106917,2026-09-30 15:30:03.435,BANK,63.5,186,11811.0,0.012,0,normal
TRD-106918,2026-09-30 15:30:04.892,ENERGY,29.37,255,7489.35,0.006,0,normal
TRD-106919,2026-09-30 15:30:15.314,TECH,193.95,301,58378.95,0.207,0,normal
TRD-106920,2026-09-30 15:30:30.870,PHARMA,178.26,214,38147.64,-0.601,0,normal
TRD-106921,2026-09-30 15:30:36.617,PHARMA,178.24,162,28874.88,-0.095,0,normal
TRD-106922,2026-09-30 15:30:37.011,BANK,63.48,382,24249.36,-0.114,0,normal
TRD-106923,2026-09-30 15:30:37.830,ENERGY,29.33,210,6159.3,-0.251,0,normal
TRD-106924,2026-09-30 15:30:50.810,TECH,193.92,325,63024.0,-0.169,0,normal
TRD-106925,2026-09-30 15:30:58.303,ENERGY,29.36,399,11714.64,0.169,0,normal
TRD-106926,2026-09-30 15:31:09.793,TECH,193.95,282,54693.9,0.161,0,normal
TRD-106927,2026-09-30 15:31:12.915,TECH,193.99,189,36664.11,0.262,0,normal
TRD-106928,2026-09-30 15:31:12.941,AUTO,95.95,286,27441.7,-0.445,0,normal
TRD-106929,2026-09-30 15:31:17.352,ENERGY,29.37,236,6931.32,0.046,0,normal
TRD-106930,2026-09-30 15:31:19.252,ENERGY,29.38,158,4642.04,0.114,0,normal
TRD-106931,2026-09-30 15:31:22.097,TECH,193.95,260,50427.0,-0.265,0,normal
TRD-106932,2026-09-30 15:31:22.150,BANK,63.5,540,34290.0,0.126,0,normal
TRD-106933,2026-09-30 15:31:29.636,PHARMA,178.2,106,18889.2,-0.261,0,normal
TRD-106934,2026-09-30 15:31:31.822,PHARMA,178.23,87,15506.01,0.174,0,normal
TRD-106935,2026-09-30 15:31:32.608,PHARMA,178.23,267,47587.41,-0.037,0,normal
TRD-106936,2026-09-30 15:31:34.388,AUTO,95.89,274,26273.86,-0.424,0,normal
TRD-106937,2026-09-30 15:31:34.696,TECH,194.02,455,88279.1,0.509,0,normal
TRD-106938,2026-09-30 15:31:35.960,BANK,63.5,285,18097.5,0.037,0,normal
TRD-106939,2026-09-30 15:31:49.250,BANK,63.5,318,20193.0,-0.016,0,normal
TRD-106940,2026-09-30 15:31:49.403,AUTO,95.82,308,29512.56,-0.441,0,normal
TRD-106941,2026-09-30 15:31:57.157,AUTO,95.82,222,21272.04,-0.038,0,normal
TRD-106942,2026-09-30 15:31:59.461,ENERGY,29.34,79,2317.86,-0.281,0,normal
TRD-106943,2026-09-30 15:32:02.654,ENERGY,29.34,327,9594.18,0.003,0,normal
TRD-106944,2026-09-30 15:32:03.917,BANK,63.49,281,17840.69,-0.055,0,normal
TRD-106945,2026-09-30 15:32:07.081,ENERGY,29.38,134,3936.92,0.264,0,normal
TRD-106946,2026-09-30 15:32:08.199,TECH,193.94,303,58763.82,-0.558,0,normal
TRD-106947,2026-09-30 15:32:09.955,TECH,193.92,357,69229.44,-0.121,0,normal
TRD-106948,2026-09-30 15:32:13.064,AUTO,95.85,120,11502.0,0.2,0,normal
TRD-106949,2026-09-30 15:32:14.106,ENERGY,29.37,138,4053.06,-0.089,0,normal
TRD-106950,2026-09-30 15:32:15.313,ENERGY,29.39,157,4614.23,0.143,0,normal
TRD-106951,2026-09-30 15:32:21.864,TECH,193.88,160,31020.8,-0.299,0,normal
TRD-106952,2026-09-30 15:32:21.986,TECH,193.86,89,17253.54,-0.133,0,normal
TRD-106953,2026-09-30 15:32:23.936,BANK,63.51,220,13972.2,0.135,0,normal
TRD-106954,2026-09-30 15:32:27.398,BANK,63.5,214,13589.0,-0.08,0,normal
TRD-106955,2026-09-30 15:32:28.041,TECH,193.85,259,50207.15,-0.029,0,normal
TRD-106956,2026-09-30 15:32:30.981,BANK,63.49,932,59172.68,-0.076,0,normal
TRD-106957,2026-09-30 15:32:34.925,PHARMA,178.17,200,35634.0,-0.392,0,normal
TRD-106958,2026-09-30 15:32:38.969,ENERGY,29.44,186,5475.84,0.31,0,normal
TRD-106959,2026-09-30 15:32:40.169,AUTO,95.83,429,41111.07,-0.105,0,normal
TRD-106960,2026-09-30 15:32:42.125,PHARMA,178.21,406,72353.26,0.271,0,normal
TRD-106961,2026-09-30 15:32:45.865,BANK,63.49,459,29141.91,-0.022,0,normal
TRD-106962,2026-09-30 15:32:51.323,ENERGY,29.49,151,4452.99,0.354,0,normal
TRD-106963,2026-09-30 15:32:55.928,PHARMA,178.29,40,7131.6,0.53,0,normal
TRD-106964,2026-09-30 15:32:57.730,BANK,63.49,271,17205.79,0.019,0,normal
TRD-106965,2026-09-30 15:32:59.721,TECH,193.78,88,17052.64,-0.469,0,normal
TRD-106966,2026-09-30 15:33:04.199,TECH,193.73,238,46107.74,-0.349,0,normal
TRD-106967,2026-09-30 15:33:16.875,ENERGY,29.46,116,3417.36,-0.209,0,normal
TRD-106968,2026-09-30 15:33:18.139,BANK,63.48,185,11743.8,-0.026,0,normal
TRD-106969,2026-09-30 15:33:18.384,TECH,193.63,112,21686.56,-0.651,0,normal
TRD-106970,2026-09-30 15:33:22.515,BANK,63.51,514,32644.14,0.141,0,normal
TRD-106971,2026-09-30 15:33:22.725,BANK,63.51,135,8573.85,-0.005,0,normal
TRD-106972,2026-09-30 15:33:23.037,ENERGY,29.44,212,6241.28,-0.086,0,normal
TRD-106973,2026-09-30 15:33:29.457,BANK,63.47,267,16946.49,-0.209,0,normal
TRD-106974,2026-09-30 15:33:31.567,BANK,63.47,244,15486.68,-0.059,0,normal
TRD-106975,2026-09-30 15:33:35.045,AUTO,95.85,83,7955.55,0.137,0,normal
TRD-106976,2026-09-30 15:33:39.189,BANK,63.48,340,21583.2,0.11,0,normal
TRD-106977,2026-09-30 15:33:40.592,TECH,193.64,334,64675.76,0.064,0,normal
TRD-106978,2026-09-30 15:33:41.784,AUTO,95.85,483,46295.55,-0.007,0,normal
TRD-106979,2026-09-30 15:33:42.060,PHARMA,178.26,187,33334.62,-0.149,0,normal
TRD-106980,2026-09-30 15:33:43.965,BANK,63.5,804,51054.0,0.097,0,normal
TRD-106981,2026-09-30 15:33:45.425,BANK,63.48,227,14409.96,-0.098,0,normal
TRD-106982,2026-09-30 15:33:45.846,PHARMA,178.24,79,14080.96,-0.143,0,normal
TRD-106983,2026-09-30 15:33:46.418,TECH,193.69,142,27503.98,0.353,0,normal
TRD-106984,2026-09-30 15:33:49.103,ENERGY,29.45,224,6596.8,0.035,0,normal
TRD-106985,2026-09-30 15:33:50.441,AUTO,95.84,224,21468.16,-0.054,0,normal
TRD-106986,2026-09-30 15:33:54.851,ENERGY,29.47,151,4449.97,0.152,0,normal
TRD-106987,2026-09-30 15:33:56.714,AUTO,95.85,570,54634.5,0.074,0,normal
TRD-106988,2026-09-30 15:33:56.999,PHARMA,178.24,156,27805.44,-0.024,0,normal
TRD-106989,2026-09-30 15:34:01.867,AUTO,95.79,248,23755.92,-0.391,0,normal
TRD-106990,2026-09-30 15:34:02.849,PHARMA,178.24,107,19071.68,0.033,0,normal
TRD-106991,2026-09-30 15:34:06.079,TECH,193.75,174,33712.5,0.405,0,normal
TRD-106992,2026-09-30 15:34:09.736,ENERGY,29.47,419,12347.93,-0.044,0,normal
TRD-106993,2026-09-30 15:34:12.675,PHARMA,178.19,61,10869.59,-0.338,0,normal
TRD-106994,2026-09-30 15:34:15.305,TECH,193.77,176,34103.52,0.103,0,normal
TRD-106995,2026-09-30 15:34:16.371,AUTO,95.78,330,31607.4,-0.106,0,normal
TRD-106996,2026-09-30 15:34:22.716,PHARMA,178.25,209,37254.25,0.371,0,normal
TRD-106997,2026-09-30 15:34:24.188,BANK,63.45,306,19415.7,-0.204,0,normal
TRD-106998,2026-09-30 15:34:25.212,TECH,193.75,192,37200.0,-0.14,0,normal
TRD-106999,2026-09-30 15:34:25.733,ENERGY,29.44,367,10804.48,-0.181,0,normal
TRD-107000,2026-09-30 15:34:25.803,BANK,63.46,370,23480.2,0.033,0,normal
TRD-107001,2026-09-30 15:34:28.326,BANK,63.44,363,23028.72,-0.122,0,normal
TRD-107002,2026-09-30 15:34:32.680,AUTO,96.21,10281,989135.01,-0.056,1,volume_spike
TRD-107003,2026-09-30 15:34:34.215,TECH,193.84,240,46521.6,0.61,0,normal
TRD-107004,2026-09-30 15:34:34.835,AUTO,95.75,350,33512.5,-0.224,0,normal
TRD-107005,2026-09-30 15:34:48.231,ENERGY,29.45,196,5772.2,0.071,0,normal
TRD-107006,2026-09-30 15:34:50.337,TECH,193.78,141,27322.98,-0.405,0,normal
TRD-107007,2026-09-30 15:34:51.238,AUTO,95.77,135,12928.95,0.162,0,normal
TRD-107008,2026-09-30 15:35:00.931,PHARMA,178.23,125,22278.75,-0.144,0,normal
TRD-107009,2026-09-30 15:35:06.021,PHARMA,178.19,54,9622.26,-0.26,0,normal
TRD-107010,2026-09-30 15:35:06.215,TECH,193.7,143,27699.1,-0.515,0,normal
TRD-107011,2026-09-30 15:35:06.531,AUTO,95.81,219,20982.39,0.297,0,normal
TRD-107012,2026-09-30 15:35:07.366,TECH,193.61,183,35430.63,-0.599,0,normal
TRD-107013,2026-09-30 15:35:08.966,PHARMA,178.13,167,29747.71,-0.364,0,normal
TRD-107014,2026-09-30 15:35:13.943,TECH,193.5,215,41602.5,-0.728,0,normal
TRD-107015,2026-09-30 15:35:15.743,PHARMA,178.15,119,21199.85,0.132,0,normal
TRD-107016,2026-09-30 15:35:16.573,TECH,193.53,345,66767.85,0.179,0,normal
TRD-107017,2026-09-30 15:35:19.481,AUTO,95.85,445,42653.25,0.243,0,normal
TRD-107018,2026-09-30 15:35:21.645,ENERGY,29.53,293,8652.29,0.508,0,normal
TRD-107019,2026-09-30 15:35:21.815,TECH,193.53,241,46640.73,0.025,0,normal
TRD-107020,2026-09-30 15:35:24.813,AUTO,95.84,98,9392.32,-0.098,0,normal
TRD-107021,2026-09-30 15:35:31.146,AUTO,95.81,318,30467.58,-0.194,0,normal
TRD-107022,2026-09-30 15:35:34.880,ENERGY,29.54,349,10309.46,0.099,0,normal
TRD-107023,2026-09-30 15:35:37.059,PHARMA,175.6,5,878.0,-2.554,1,liquidity_vacuum
TRD-107024,2026-09-30 15:35:42.288,BANK,63.46,184,11676.64,0.15,0,normal
TRD-107025,2026-09-30 15:35:48.386,BANK,63.43,263,16682.09,-0.167,0,normal
TRD-107026,2026-09-30 15:35:50.700,ENERGY,29.47,285,8398.95,-0.459,0,normal
TRD-107027,2026-09-30 15:35:53.439,AUTO,95.79,119,11399.01,-0.101,0,normal
TRD-107028,2026-09-30 15:35:56.332,BANK,63.44,478,30324.32,0.039,0,normal
TRD-107029,2026-09-30 15:35:56.588,TECH,193.62,51,9874.62,0.553,0,normal
TRD-107030,2026-09-30 15:35:57.166,AUTO,95.75,779,74589.25,-0.273,0,normal
TRD-107031,2026-09-30 15:35:59.674,ENERGY,29.48,224,6603.52,0.024,0,normal
TRD-107032,2026-09-30 15:36:00.482,PHARMA,178.21,58,10336.18,0.389,0,normal
TRD-107033,2026-09-30 15:36:01.596,TECH,193.61,313,60599.93,-0.027,0,normal
TRD-107034,2026-09-30 15:36:06.031,BANK,63.45,432,27410.4,0.037,0,normal
TRD-107035,2026-09-30 15:36:14.184,BANK,63.42,196,12430.32,-0.153,0,normal
TRD-107036,2026-09-30 15:36:14.202,TECH,193.56,164,31743.84,-0.326,0,normal
TRD-107037,2026-09-30 15:36:24.275,TECH,193.56,407,78778.92,-0.009,0,normal
TRD-107038,2026-09-30 15:36:25.904,BANK,63.43,306,19409.58,0.034,0,normal
TRD-107039,2026-09-30 15:36:32.071,PHARMA,178.25,163,29054.75,0.231,0,normal
TRD-107040,2026-09-30 15:36:34.230,BANK,63.43,208,13193.44,0.037,0,normal
TRD-107041,2026-09-30 15:36:41.387,BANK,63.44,1173,74415.12,0.014,0,normal
TRD-107042,2026-09-30 15:36:46.730,BANK,63.45,468,29694.6,0.072,0,normal
TRD-107043,2026-09-30 15:36:47.792,AUTO,95.74,149,14265.26,-0.097,0,normal
TRD-107044,2026-09-30 15:36:50.975,PHARMA,178.18,193,34388.74,-0.465,0,normal
TRD-107045,2026-09-30 15:36:51.894,PHARMA,178.2,166,29581.2,0.133,0,normal
TRD-107046,2026-09-30 15:36:52.150,ENERGY,29.51,268,7908.68,0.197,0,normal
TRD-107047,2026-09-30 15:36:53.570,AUTO,95.73,99,9477.27,-0.068,0,normal
TRD-107048,2026-09-30 15:36:54.357,BANK,63.46,496,31476.16,0.089,0,normal
TRD-107049,2026-09-30 15:36:56.595,TECH,193.44,133,25727.52,-0.812,0,normal
TRD-107050,2026-09-30 15:36:59.220,ENERGY,29.47,253,7455.91,-0.211,0,normal
TRD-107051,2026-09-30 15:37:02.227,PHARMA,178.23,266,47409.18,0.212,0,normal
TRD-107052,2026-09-30 15:37:05.926,TECH,193.44,297,57451.68,-0.021,0,normal
TRD-107053,2026-09-30 15:37:07.224,TECH,193.38,252,48731.76,-0.402,0,normal
TRD-107054,2026-09-30 15:37:10.276,PHARMA,178.22,302,53822.44,-0.032,0,normal
TRD-107055,2026-09-30 15:37:10.497,TECH,193.32,178,34410.96,-0.417,0,normal
TRD-107056,2026-09-30 15:37:15.592,TECH,189.69,325,61649.25,-3.627,1,price_shock
TRD-107057,2026-09-30 15:37:16.381,TECH,189.77,198,37574.46,0.532,0,normal
TRD-107058,2026-09-30 15:37:20.590,TECH,189.82,306,58084.92,0.361,0,normal
TRD-107059,2026-09-30 15:37:24.162,AUTO,95.76,159,15225.84,0.245,0,normal
TRD-107060,2026-09-30 15:37:27.139,AUTO,95.8,266,25482.8,0.247,0,normal
TRD-107061,2026-09-30 15:37:39.749,TECH,189.79,85,16132.15,-0.201,0,normal
TRD-107062,2026-09-30 15:37:39.923,TECH,189.74,70,13281.8,-0.346,0,normal
TRD-107063,2026-09-30 15:37:44.087,BANK,63.47,308,19548.76,0.046,0,normal
TRD-107064,2026-09-30 15:37:45.797,TECH,189.73,339,64318.47,-0.063,0,normal
TRD-107065,2026-09-30 15:37:47.974,AUTO,95.8,128,12262.4,0.023,0,normal
TRD-107066,2026-09-30 15:37:50.782,PHARMA,178.27,213,37971.51,0.284,0,normal
TRD-107067,2026-09-30 15:37:53.456,TECH,189.7,335,63549.5,-0.197,0,normal
TRD-107068,2026-09-30 15:38:00.612,BANK,63.47,164,10409.08,-0.008,0,normal
TRD-107069,2026-09-30 15:38:02.617,BANK,63.48,416,26407.68,0.114,0,normal
TRD-107070,2026-09-30 15:38:04.133,TECH,189.63,137,25979.31,-0.487,0,normal
TRD-107071,2026-09-30 15:38:04.314,TECH,184.86,1,184.86,-4.768,1,liquidity_vacuum
TRD-107072,2026-09-30 15:38:10.565,AUTO,95.83,204,19549.32,0.209,0,normal
TRD-107073,2026-09-30 15:38:10.584,BANK,63.5,827,52514.5,0.139,0,normal
TRD-107074,2026-09-30 15:38:10.988,BANK,63.49,80,5079.2,-0.084,0,normal
TRD-107075,2026-09-30 15:38:15.835,ENERGY,29.41,141,4146.81,-0.405,0,normal
TRD-107076,2026-09-30 15:38:20.096,BANK,63.49,316,20062.84,-0.035,0,normal
TRD-107077,2026-09-30 15:38:23.972,TECH,189.67,125,23708.75,0.235,0,normal
TRD-107078,2026-09-30 15:38:26.152,TECH,189.63,196,37167.48,-0.203,0,normal
TRD-107079,2026-09-30 15:38:26.729,TECH,189.68,622,117980.96,0.283,0,normal
TRD-107080,2026-09-30 15:38:26.828,TECH,189.59,538,101999.42,-0.578,0,normal
TRD-107081,2026-09-30 15:38:27.518,TECH,189.58,102,19337.16,-0.095,0,normal
TRD-107082,2026-09-30 15:38:33.400,PHARMA,178.25,76,13547.0,-0.117,0,normal
TRD-107083,2026-09-30 15:38:33.563,TECH,189.55,752,142541.6,-0.177,0,normal
TRD-107084,2026-09-30 15:38:35.865,AUTO,95.77,371,35530.67,-0.453,0,normal
TRD-107085,2026-09-30 15:38:49.336,ENERGY,29.41,157,4617.37,0.009,0,normal
TRD-107086,2026-09-30 15:38:49.733,TECH,189.62,151,28632.62,0.492,0,normal
TRD-107087,2026-09-30 15:38:50.543,TECH,189.64,206,39065.84,0.117,0,normal
TRD-107088,2026-09-30 15:38:51.128,TECH,189.72,166,31493.52,0.499,0,normal
TRD-107089,2026-09-30 15:38:51.170,BANK,63.45,502,31851.9,-0.222,0,normal
TRD-107090,2026-09-30 15:38:54.636,TECH,189.77,204,38713.08,0.37,0,normal
TRD-107091,2026-09-30 15:38:55.718,TECH,189.82,68,12907.76,0.321,0,normal
TRD-107092,2026-09-30 15:38:58.169,TECH,189.8,314,59597.2,-0.136,0,normal
TRD-107093,2026-09-30 15:38:59.101,AUTO,95.84,135,12938.4,0.489,0,normal
TRD-107094,2026-09-30 15:39:00.773,TECH,189.8,110,20878.0,-0.011,0,normal
TRD-107095,2026-09-30 15:39:07.082,ENERGY,29.38,231,6786.78,-0.205,0,normal
TRD-107096,2026-09-30 15:39:13.569,PHARMA,178.24,220,39212.8,-0.068,0,normal
TRD-107097,2026-09-30 15:39:14.096,AUTO,95.86,218,20897.48,0.14,0,normal
TRD-107098,2026-09-30 15:39:17.527,BANK,63.47,246,15613.62,0.14,0,normal
TRD-107099,2026-09-30 15:39:21.921,ENERGY,29.41,253,7440.73,0.166,0,normal
TRD-107100,2026-09-30 15:39:23.378,AUTO,95.84,716,68621.44,-0.13,0,normal
TRD-107101,2026-09-30 15:39:23.578,BANK,63.51,167,10606.17,0.206,0,normal
TRD-107102,2026-09-30 15:39:25.616,BANK,63.5,208,13208.0,-0.016,0,normal
TRD-107103,2026-09-30 15:39:26.430,TECH,189.75,158,29980.5,-0.332,0,normal
TRD-107104,2026-09-30 15:39:26.981,TECH,189.78,268,50861.04,0.22,0,normal
TRD-107105,2026-09-30 15:39:29.815,TECH,189.84,434,82390.56,0.366,0,normal
TRD-107106,2026-09-30 15:39:33.023,AUTO,95.79,197,18870.63,-0.349,0,normal
TRD-107107,2026-09-30 15:39:34.393,AUTO,95.75,160,15320.0,-0.252,0,normal
TRD-107108,2026-09-30 15:39:35.856,BANK,63.5,839,53276.5,-0.018,0,normal
TRD-107109,2026-09-30 15:39:35.899,TECH,189.73,100,18973.0,-0.693,0,normal
TRD-107110,2026-09-30 15:39:38.044,AUTO,95.76,180,17236.8,0.031,0,normal
TRD-107111,2026-09-30 15:39:39.843,ENERGY,29.36,163,4785.68,-0.295,0,normal
TRD-107112,2026-09-30 15:39:51.847,TECH,189.66,280,53104.8,-0.474,0,normal
TRD-107113,2026-09-30 15:39:53.148,BANK,63.48,280,17774.4,-0.138,0,normal
TRD-107114,2026-09-30 15:39:53.807,BANK,63.52,235,14927.2,0.264,0,normal
TRD-107115,2026-09-30 15:40:01.697,TECH,189.69,133,25228.77,0.21,0,normal
TRD-107116,2026-09-30 15:40:03.921,AUTO,95.74,261,24988.14,-0.088,0,normal
TRD-107117,2026-09-30 15:40:04.639,TECH,189.75,204,38709.0,0.384,0,normal
TRD-107118,2026-09-30 15:40:06.147,PHARMA,178.23,113,20139.99,-0.033,0,normal
TRD-107119,2026-09-30 15:40:12.990,BANK,63.52,146,9273.92,0.012,0,normal
TRD-107120,2026-09-30 15:40:13.179,PHARMA,178.13,124,22088.12,-0.72,0,normal
TRD-107121,2026-09-30 15:40:18.782,AUTO,95.73,208,19911.84,-0.105,0,normal
TRD-107122,2026-09-30 15:40:25.317,AUTO,95.72,90,8614.8,-0.068,0,normal
TRD-107123,2026-09-30 15:40:29.091,PHARMA,178.09,154,27425.86,-0.229,0,normal
TRD-107124,2026-09-30 15:40:31.450,AUTO,95.7,335,32059.5,-0.092,0,normal
TRD-107125,2026-09-30 15:40:35.554,AUTO,95.66,226,21619.16,-0.306,0,normal
TRD-107126,2026-09-30 15:40:36.533,BANK,63.52,256,16261.12,-0.024,0,normal
TRD-107127,2026-09-30 15:40:39.628,BANK,63.53,183,11625.99,0.083,0,normal
TRD-107128,2026-09-30 15:40:40.744,TECH,189.85,167,31704.95,0.641,0,normal
TRD-107129,2026-09-30 15:40:41.783,BANK,63.54,575,36535.5,0.038,0,normal
TRD-107130,2026-09-30 15:40:42.426,PHARMA,178.1,148,26358.8,0.075,0,normal
TRD-107131,2026-09-30 15:40:42.468,AUTO,95.67,253,24204.51,0.083,0,normal
TRD-107132,2026-09-30 15:40:44.207,AUTO,95.67,406,38842.02,0.026,0,normal
TRD-107133,2026-09-30 15:40:46.714,AUTO,95.64,199,19032.36,-0.228,0,normal
TRD-107134,2026-09-30 15:40:47.426,AUTO,95.66,448,42855.68,0.15,0,normal
TRD-107135,2026-09-30 15:40:48.081,BANK,63.53,252,16009.56,-0.06,0,normal
TRD-107136,2026-09-30 15:40:50.207,TECH,189.9,245,46525.5,0.355,0,normal
TRD-107137,2026-09-30 15:40:51.729,TECH,189.88,124,23545.12,-0.093,0,normal
TRD-107138,2026-09-30 15:41:02.838,TECH,189.8,148,28090.4,-0.586,0,normal
TRD-107139,2026-09-30 15:41:03.303,BANK,63.52,504,32014.08,-0.032,0,normal
TRD-107140,2026-09-30 15:41:03.457,ENERGY,29.31,377,11049.87,-0.373,0,normal
TRD-107141,2026-09-30 15:41:03.808,ENERGY,29.31,196,5744.76,0.005,0,normal
TRD-107142,2026-09-30 15:41:04.882,BANK,63.5,298,18923.0,-0.129,0,normal
TRD-107143,2026-09-30 15:41:09.836,TECH,189.82,232,44038.24,0.179,0,normal
TRD-107144,2026-09-30 15:41:12.395,AUTO,95.67,199,19038.33,0.075,0,normal
TRD-107145,2026-09-30 15:41:18.261,AUTO,95.7,203,19427.1,0.213,0,normal
TRD-107146,2026-09-30 15:41:21.989,BANK,63.52,701,44527.52,0.106,0,normal
TRD-107147,2026-09-30 15:41:22.885,TECH,189.8,207,39288.6,-0.129,0,normal
TRD-107148,2026-09-30 15:41:22.977,ENERGY,29.32,434,12724.88,0.041,0,normal
TRD-107149,2026-09-30 15:41:25.850,AUTO,95.71,136,13016.56,0.042,0,normal
TRD-107150,2026-09-30 15:41:35.871,TECH,189.8,294,55801.2,-0.008,0,normal
TRD-107151,2026-09-30 15:41:43.010,TECH,189.86,150,28479.0,0.373,0,normal
TRD-107152,2026-09-30 15:41:47.387,PHARMA,178.11,130,23154.3,0.076,0,normal
TRD-107153,2026-09-30 15:41:49.627,AUTO,95.75,278,26618.5,0.28,0,normal
TRD-107154,2026-09-30 15:41:55.003,TECH,189.76,216,40988.16,-0.691,0,normal
TRD-107155,2026-09-30 15:41:56.664,TECH,189.71,206,39080.26,-0.298,0,normal
TRD-107156,2026-09-30 15:42:01.928,AUTO,95.78,243,23274.54,0.17,0,normal
TRD-107157,2026-09-30 15:42:04.794,AUTO,95.76,492,47113.92,-0.146,0,normal
TRD-107158,2026-09-30 15:42:16.842,AUTO,95.73,168,16082.64,-0.174,0,normal
TRD-107159,2026-09-30 15:42:19.192,ENERGY,29.31,107,3136.17,-0.052,0,normal
TRD-107160,2026-09-30 15:42:23.847,BANK,67.65,2,135.3,4.132,1,liquidity_vacuum
TRD-107161,2026-09-30 15:42:28.415,TECH,189.87,368,69872.16,1.055,0,normal
TRD-107162,2026-09-30 15:42:29.695,AUTO,95.71,358,34264.18,-0.11,0,normal
TRD-107163,2026-09-30 15:42:31.098,TECH,189.9,293,55640.7,0.231,0,normal
TRD-107164,2026-09-30 15:42:34.831,TECH,189.96,214,40651.44,0.376,0,normal
TRD-107165,2026-09-30 15:42:37.487,ENERGY,29.23,545,15930.35,-0.486,0,normal
TRD-107166,2026-09-30 15:42:39.254,BANK,63.53,659,41866.27,0.064,0,normal
TRD-107167,2026-09-30 15:42:42.197,TECH,189.88,452,85825.76,-0.512,0,normal
TRD-107168,2026-09-30 15:42:42.245,TECH,189.81,131,24865.11,-0.463,0,normal
TRD-107169,2026-09-30 15:42:48.500,ENERGY,29.22,129,3769.38,-0.07,0,normal
TRD-107170,2026-09-30 15:42:49.933,AUTO,95.71,326,31201.46,-0.059,0,normal
TRD-107171,2026-09-30 15:42:51.503,AUTO,95.67,165,15785.55,-0.243,0,normal
TRD-107172,2026-09-30 15:42:57.230,BANK,63.55,565,35905.75,0.167,0,normal
TRD-107173,2026-09-30 15:43:02.132,BANK,63.56,634,40297.04,0.064,0,normal
TRD-107174,2026-09-30 15:43:04.782,ENERGY,29.11,126,3667.86,-0.751,0,normal
TRD-107175,2026-09-30 15:43:07.258,TECH,189.8,153,29039.4,-0.104,0,normal
TRD-107176,2026-09-30 15:43:09.115,PHARMA,178.13,298,53082.74,0.125,0,normal
TRD-107177,2026-09-30 15:43:16.955,TECH,189.73,86,16316.78,-0.429,0,normal
TRD-107178,2026-09-30 15:43:24.283,BANK,63.57,326,20723.82,0.084,0,normal
TRD-107179,2026-09-30 15:43:27.395,ENERGY,29.1,138,4015.8,-0.056,0,normal
TRD-107180,2026-09-30 15:43:28.431,TECH,189.7,63,11951.1,-0.237,0,normal
TRD-107181,2026-09-30 15:43:28.580,AUTO,95.65,219,20947.35,-0.155,0,normal
TRD-107182,2026-09-30 15:43:31.739,BANK,63.58,191,12143.78,0.007,0,normal
TRD-107183,2026-09-30 15:43:32.281,TECH,189.67,119,22570.73,-0.155,0,normal
TRD-107184,2026-09-30 15:43:35.658,TECH,189.71,143,27128.53,0.242,0,normal
TRD-107185,2026-09-30 15:43:35.933,TECH,189.81,40,7592.4,0.63,0,normal
TRD-107186,2026-09-30 15:43:36.522,TECH,189.87,162,30758.94,0.4,0,normal
TRD-107187,2026-09-30 15:43:36.716,TECH,189.85,224,42526.4,-0.119,0,normal
TRD-107188,2026-09-30 15:43:38.919,BANK,63.56,399,25360.44,-0.098,0,normal
TRD-107189,2026-09-30 15:43:39.961,AUTO,95.62,125,11952.5,-0.193,0,normal
TRD-107190,2026-09-30 15:43:40.432,TECH,189.84,95,18034.8,-0.081,0,normal
TRD-107191,2026-09-30 15:43:57.601,ENERGY,29.12,235,6843.2,0.139,0,normal
TRD-107192,2026-09-30 15:44:01.165,BANK,63.59,436,27725.24,0.178,0,normal
TRD-107193,2026-09-30 15:44:14.093,PHARMA,178.13,289,51479.57,-0.028,0,normal
TRD-107194,2026-09-30 15:44:14.456,PHARMA,178.17,149,26547.33,0.252,0,normal
TRD-107195,2026-09-30 15:44:18.049,ENERGY,29.14,179,5216.06,0.079,0,normal
TRD-107196,2026-09-30 15:44:19.109,AUTO,95.59,261,24948.99,-0.148,0,normal
TRD-107197,2026-09-30 15:44:20.789,TECH,189.94,7745,1471085.3,-0.063,1,volume_spike
TRD-107198,2026-09-30 15:44:27.173,BANK,63.6,520,33072.0,0.048,0,normal
TRD-107199,2026-09-30 15:44:32.582,TECH,189.83,73,13857.59,-0.024,0,normal
TRD-107200,2026-09-30 15:44:38.671,TECH,189.84,247,46890.48,0.032,0,normal
TRD-107201,2026-09-30 15:44:41.463,TECH,189.77,500,94885.0,-0.447,0,normal
TRD-107202,2026-09-30 15:44:45.531,BANK,63.6,1437,91393.2,0.04,0,normal
TRD-107203,2026-09-30 15:44:49.045,BANK,63.59,373,23719.07,-0.09,0,normal
TRD-107204,2026-09-30 15:44:50.570,PHARMA,178.15,143,25475.45,-0.114,0,normal
TRD-107205,2026-09-30 15:44:51.859,TECH,189.85,133,25250.05,0.547,0,normal
TRD-107206,2026-09-30 15:44:57.148,TECH,189.89,169,32091.41,0.262,0,normal
TRD-107207,2026-09-30 15:44:57.171,TECH,189.87,226,42910.62,-0.169,0,normal
TRD-107208,2026-09-30 15:44:58.920,TECH,189.78,156,29605.68,-0.543,0,normal
TRD-107209,2026-09-30 15:45:00.123,PHARMA,178.15,117,20843.55,0.034,0,normal
TRD-107210,2026-09-30 15:45:00.287,AUTO,95.6,195,18642.0,0.023,0,normal
TRD-107211,2026-09-30 15:45:01.707,BANK,63.6,472,30019.2,0.096,0,normal
TRD-107212,2026-09-30 15:45:12.168,BANK,63.57,329,20914.53,-0.205,0,normal
TRD-107213,2026-09-30 15:45:14.837,TECH,189.77,176,33399.52,-0.096,0,normal
TRD-107214,2026-09-30 15:45:18.710,TECH,189.74,163,30927.62,-0.207,0,normal
TRD-107215,2026-09-30 15:45:19.348,TECH,189.77,209,39661.93,0.23,0,normal
TRD-107216,2026-09-30 15:45:21.266,BANK,63.58,465,29564.7,0.07,0,normal
TRD-107217,2026-09-30 15:45:25.972,AUTO,95.62,106,10135.72,0.161,0,normal
TRD-107218,2026-09-30 15:45:27.942,BANK,63.58,314,19964.12,-0.001,0,normal
TRD-107219,2026-09-30 15:45:28.779,AUTO,95.59,279,26669.61,-0.196,0,normal
TRD-107220,2026-09-30 15:45:29.762,BANK,63.55,196,12455.8,-0.212,0,normal
TRD-107221,2026-09-30 15:45:32.488,TECH,189.75,328,62238.0,-0.183,0,normal
TRD-107222,2026-09-30 15:45:34.012,TECH,189.84,333,63216.72,0.601,0,normal
TRD-107223,2026-09-30 15:45:36.893,BANK,63.57,556,35344.92,0.13,0,normal
TRD-107224,2026-09-30 15:45:39.407,ENERGY,29.19,201,5867.19,0.367,0,normal
TRD-107225,2026-09-30 15:45:42.631,TECH,189.78,272,51620.16,-0.386,0,normal
TRD-107226,2026-09-30 15:45:43.429,TECH,189.78,187,35488.86,-0.005,0,normal
TRD-107227,2026-09-30 15:45:45.430,PHARMA,178.14,121,21554.94,-0.122,0,normal
TRD-107228,2026-09-30 15:45:45.882,AUTO,95.63,104,9945.52,0.259,0,normal
TRD-107229,2026-09-30 15:45:48.707,BANK,63.56,719,45699.64,-0.035,0,normal
TRD-107230,2026-09-30 15:45:50.233,AUTO,95.67,124,11863.08,0.235,0,normal
TRD-107231,2026-09-30 15:45:55.634,AUTO,95.62,149,14247.38,-0.306,0,normal
TRD-107232,2026-09-30 15:45:58.007,AUTO,95.63,476,45519.88,0.04,0,normal
TRD-107233,2026-09-30 15:45:58.275,BANK,63.57,449,28542.93,0.012,0,normal
TRD-107234,2026-09-30 15:45:59.434,ENERGY,29.13,210,6117.3,-0.415,0,normal
TRD-107235,2026-09-30 15:46:05.865,AUTO,95.61,126,12046.86,-0.123,0,normal
TRD-107236,2026-09-30 15:46:08.753,BANK,63.54,415,26369.1,-0.159,0,normal
TRD-107237,2026-09-30 15:46:21.359,TECH,189.82,296,56186.72,0.282,0,normal
TRD-107238,2026-09-30 15:46:21.629,ENERGY,29.12,252,7338.24,-0.047,0,normal
TRD-107239,2026-09-30 15:46:23.777,ENERGY,29.13,212,6175.56,0.076,0,normal
TRD-107240,2026-09-30 15:46:28.083,TECH,189.87,101,19176.87,0.323,0,normal
TRD-107241,2026-09-30 15:46:31.498,PHARMA,178.16,247,44005.52,0.155,0,normal
TRD-107242,2026-09-30 15:46:33.119,BANK,63.56,497,31589.32,0.106,0,normal
TRD-107243,2026-09-30 15:46:35.270,ENERGY,29.12,213,6202.56,-0.078,0,normal
TRD-107244,2026-09-30 15:46:35.789,AUTO,95.63,216,20656.08,0.112,0,normal
TRD-107245,2026-09-30 15:46:35.952,AUTO,95.62,168,16064.16,-0.053,0,normal
TRD-107246,2026-09-30 15:46:38.484,AUTO,95.58,106,10131.48,-0.219,0,normal
TRD-107247,2026-09-30 15:46:39.028,PHARMA,178.12,176,31349.12,-0.252,0,normal
TRD-107248,2026-09-30 15:46:40.238,TECH,189.87,116,22024.92,0.036,0,normal
TRD-107249,2026-09-30 15:46:40.476,TECH,189.89,328,62283.92,0.083,0,normal
TRD-107250,2026-09-30 15:46:40.578,TECH,189.93,78,14814.54,0.311,0,normal
TRD-107251,2026-09-30 15:46:44.902,BANK,63.57,355,22567.35,0.107,0,normal
TRD-107252,2026-09-30 15:46:45.511,BANK,63.59,262,16660.58,0.123,0,normal
TRD-107253,2026-09-30 15:46:50.818,TECH,189.95,79,15006.05,0.102,0,normal
TRD-107254,2026-09-30 15:46:54.166,TECH,189.9,244,46335.6,-0.351,0,normal
TRD-107255,2026-09-30 15:46:57.467,TECH,189.87,307,58290.09,-0.183,0,normal
TRD-107256,2026-09-30 15:46:58.224,TECH,189.89,255,48421.95,0.175,0,normal
TRD-107257,2026-09-30 15:46:58.959,AUTO,95.58,357,34122.06,-0.005,0,normal
TRD-107258,2026-09-30 15:46:59.722,TECH,189.88,142,26962.96,-0.061,0,normal
TRD-107259,2026-09-30 15:47:00.923,TECH,189.87,182,34556.34,-0.114,0,normal
TRD-107260,2026-09-30 15:47:01.580,BANK,63.58,189,12016.62,-0.055,0,normal
TRD-107261,2026-09-30 15:47:04.184,AUTO,95.54,110,10509.4,-0.266,0,normal
TRD-107262,2026-09-30 15:47:04.653,PHARMA,178.13,433,77130.29,0.032,0,normal
TRD-107263,2026-09-30 15:47:07.063,AUTO,95.54,228,21783.12,-0.054,0,normal
TRD-107264,2026-09-30 15:47:08.625,TECH,189.8,391,74211.8,-0.449,0,normal
TRD-107265,2026-09-30 15:47:10.762,TECH,189.76,144,27325.44,-0.254,0,normal
TRD-107266,2026-09-30 15:47:14.145,PHARMA,178.11,131,23332.41,-0.118,0,normal
TRD-107267,2026-09-30 15:47:15.477,AUTO,95.61,332,31742.52,0.522,0,normal
TRD-107268,2026-09-30 15:47:25.618,BANK,63.61,317,20164.37,0.181,0,normal
TRD-107269,2026-09-30 15:47:27.924,TECH,189.79,169,32074.51,0.172,0,normal
TRD-107270,2026-09-30 15:47:28.030,TECH,189.74,128,24286.72,-0.318,0,normal
TRD-107271,2026-09-30 15:47:31.718,TECH,189.72,103,19541.16,-0.141,0,normal
TRD-107272,2026-09-30 15:47:32.740,TECH,189.76,257,48768.32,0.266,0,normal
TRD-107273,2026-09-30 15:47:32.987,BANK,63.6,489,31100.4,-0.093,0,normal
TRD-107274,2026-09-30 15:47:35.726,ENERGY,29.16,316,9214.56,0.276,0,normal
TRD-107275,2026-09-30 15:47:38.850,TECH,189.71,174,33009.54,-0.324,0,normal
TRD-107276,2026-09-30 15:47:41.007,TECH,189.72,123,23335.56,0.033,0,normal
TRD-107277,2026-09-30 15:47:42.637,AUTO,95.62,349,33371.38,0.017,0,normal
TRD-107278,2026-09-30 15:47:43.773,TECH,189.81,165,31318.65,0.6,0,normal
TRD-107279,2026-09-30 15:47:50.263,TECH,189.7,166,31490.2,-0.716,0,normal
TRD-107280,2026-09-30 15:47:51.741,TECH,189.7,419,79484.3,0.025,0,normal
TRD-107281,2026-09-30 15:47:53.298,BANK,63.59,739,46993.01,-0.028,0,normal
TRD-107282,2026-09-30 15:47:57.001,TECH,189.72,228,43256.16,0.144,0,normal
TRD-107283,2026-09-30 15:48:01.679,TECH,189.69,176,33385.44,-0.2,0,normal
TRD-107284,2026-09-30 15:48:02.130,BANK,63.58,539,34269.62,-0.108,0,normal
TRD-107285,2026-09-30 15:48:04.248,TECH,189.86,251,47654.86,1.105,0,normal
TRD-107286,2026-09-30 15:48:05.608,AUTO,95.64,391,37395.24,0.158,0,normal
TRD-107287,2026-09-30 15:48:08.280,ENERGY,29.18,90,2626.2,0.091,0,normal
TRD-107288,2026-09-30 15:48:11.533,BANK,63.58,467,29691.86,-0.008,0,normal
TRD-107289,2026-09-30 15:48:13.761,PHARMA,178.14,268,47741.52,0.214,0,normal
TRD-107290,2026-09-30 15:48:13.812,BANK,63.6,83,5278.8,0.147,0,normal
TRD-107291,2026-09-30 15:48:15.164,TECH,189.84,379,71949.36,-0.105,0,normal
TRD-107292,2026-09-30 15:48:15.890,TECH,189.79,407,77244.53,-0.357,0,normal
TRD-107293,2026-09-30 15:48:15.941,PHARMA,178.12,198,35267.76,-0.139,0,normal
TRD-107294,2026-09-30 15:48:15.996,AUTO,95.66,587,56152.42,0.127,0,normal
TRD-107295,2026-09-30 15:48:16.280,BANK,63.58,231,14686.98,-0.088,0,normal
TRD-107296,2026-09-30 15:48:19.742,ENERGY,29.2,205,5986.0,0.183,0,normal
TRD-107297,2026-09-30 15:48:20.735,PHARMA,178.08,419,74615.52,-0.264,0,normal
TRD-107298,2026-09-30 15:48:24.016,BANK,63.58,336,21362.88,-0.012,0,normal
TRD-107299,2026-09-30 15:48:33.631,AUTO,95.64,340,32517.6,-0.124,0,normal
TRD-107300,2026-09-30 15:48:33.831,BANK,63.6,373,23722.8,0.105,0,normal
TRD-107301,2026-09-30 15:48:40.001,TECH,189.8,169,32076.2,0.063,0,normal
TRD-107302,2026-09-30 15:48:42.762,TECH,189.86,386,73285.96,0.435,0,normal
TRD-107303,2026-09-30 15:48:44.931,BANK,63.62,330,20994.6,0.139,0,normal
TRD-107304,2026-09-30 15:48:50.645,TECH,189.87,75,14240.25,0.025,0,normal
TRD-107305,2026-09-30 15:48:53.864,BANK,63.63,377,23988.51,0.094,0,normal
TRD-107306,2026-09-30 15:48:59.700,PHARMA,178.05,91,16202.55,-0.21,0,normal
TRD-107307,2026-09-30 15:49:01.180,TECH,189.86,264,50123.04,-0.058,0,normal
TRD-107308,2026-09-30 15:49:04.924,BANK,63.63,761,48422.43,0.007,0,normal
TRD-107309,2026-09-30 15:49:06.051,TECH,189.97,106,20136.82,0.704,0,normal
TRD-107310,2026-09-30 15:49:15.596,AUTO,95.62,262,25052.44,-0.169,0,normal
TRD-107311,2026-09-30 15:49:18.096,TECH,190.0,218,41420.0,0.201,0,normal
TRD-107312,2026-09-30 15:49:28.446,TECH,190.0,145,27550.0,0.043,0,normal
TRD-107313,2026-09-30 15:49:29.997,AUTO,95.62,114,10900.68,0.033,0,normal
TRD-107314,2026-09-30 15:49:30.029,PHARMA,178.01,508,90429.08,-0.229,0,normal
TRD-107315,2026-09-30 15:49:37.153,ENERGY,29.19,94,2743.86,-0.102,0,normal
TRD-107316,2026-09-30 15:49:39.641,BANK,63.65,351,22341.15,0.1,0,normal
TRD-107317,2026-09-30 15:49:46.929,TECH,189.97,88,16717.36,-0.192,0,normal
TRD-107318,2026-09-30 15:49:56.149,BANK,63.65,443,28196.95,0.004,0,normal
TRD-107319,2026-09-30 15:50:00.838,BANK,63.66,364,23172.24,0.05,0,normal
TRD-107320,2026-09-30 15:50:01.879,ENERGY,29.2,153,4467.6,0.111,0,normal
TRD-107321,2026-09-30 15:50:07.759,ENERGY,29.24,407,11900.68,0.267,0,normal
TRD-107322,2026-09-30 15:50:09.385,BANK,63.68,539,34323.52,0.159,0,normal
TRD-107323,2026-09-30 15:50:10.159,TECH,189.93,128,24311.04,-0.273,0,normal
TRD-107324,2026-09-30 15:50:12.759,ENERGY,29.23,573,16748.79,-0.131,0,normal
TRD-107325,2026-09-30 15:50:17.039,ENERGY,29.24,228,6666.72,0.116,0,normal
TRD-107326,2026-09-30 15:50:20.722,TECH,190.03,188,35725.64,0.657,0,normal
TRD-107327,2026-09-30 15:50:23.029,TECH,189.99,67,12729.33,-0.291,0,normal
TRD-107328,2026-09-30 15:50:24.602,ENERGY,29.13,46,1339.98,-0.739,0,normal
TRD-107329,2026-09-30 15:50:29.084,BANK,63.69,128,8152.32,0.081,0,normal
TRD-107330,2026-09-30 15:50:29.278,TECH,190.03,166,31544.98,0.309,0,normal
TRD-107331,2026-09-30 15:50:33.224,PHARMA,177.97,128,22780.16,-0.282,0,normal
TRD-107332,2026-09-30 15:50:34.938,TECH,190.09,84,15967.56,0.401,0,normal
TRD-107333,2026-09-30 15:50:35.246,BANK,63.71,610,38863.1,0.091,0,normal
TRD-107334,2026-09-30 15:50:35.378,TECH,190.12,226,42967.12,0.178,0,normal
TRD-107335,2026-09-30 15:50:35.445,AUTO,95.65,244,23338.6,0.166,0,normal
TRD-107336,2026-09-30 15:50:38.723,AUTO,95.58,262,25041.96,-0.44,0,normal
TRD-107337,2026-09-30 15:50:49.082,PHARMA,177.97,89,15839.33,-0.021,0,normal
TRD-107338,2026-09-30 15:50:49.858,BANK,63.74,520,33144.8,0.24,0,normal
TRD-107339,2026-09-30 15:50:51.527,BANK,63.75,276,17595.0,0.076,0,normal
TRD-107340,2026-09-30 15:50:52.852,AUTO,95.57,322,30773.54,-0.087,0,normal
TRD-107341,2026-09-30 15:50:57.127,AUTO,95.54,498,47578.92,-0.162,0,normal
TRD-107342,2026-09-30 15:51:01.962,ENERGY,29.16,708,20645.28,0.171,0,normal
TRD-107343,2026-09-30 15:51:05.875,AUTO,95.56,133,12709.48,0.101,0,normal
TRD-107344,2026-09-30 15:51:08.350,BANK,63.72,256,16312.32,-0.237,0,normal
TRD-107345,2026-09-30 15:51:08.441,BANK,63.74,433,27599.42,0.13,0,normal
TRD-107346,2026-09-30 15:51:09.005,BANK,63.74,114,7266.36,-0.017,0,normal
TRD-107347,2026-09-30 15:51:12.053,AUTO,95.53,82,7833.46,-0.2,0,normal
TRD-107348,2026-09-30 15:51:12.483,AUTO,95.5,151,14420.5,-0.19,0,normal
TRD-107349,2026-09-30 15:51:21.776,TECH,190.1,166,31556.6,-0.15,0,normal
TRD-107350,2026-09-30 15:51:30.363,AUTO,95.49,117,11172.33,-0.086,0,normal
TRD-107351,2026-09-30 15:51:31.411,TECH,190.15,221,42023.15,0.354,0,normal
TRD-107352,2026-09-30 15:51:33.502,AUTO,95.55,289,27613.95,0.398,0,normal
TRD-107353,2026-09-30 15:51:37.495,TECH,190.14,141,26809.74,-0.093,0,normal
TRD-107354,2026-09-30 15:51:47.368,BANK,63.76,378,24101.28,0.177,0,normal
TRD-107355,2026-09-30 15:51:48.158,TECH,190.14,143,27190.02,0.01,0,normal
TRD-107356,2026-09-30 15:51:49.345,PHARMA,177.95,238,42352.1,-0.102,0,normal
TRD-107357,2026-09-30 15:51:51.055,BANK,63.79,238,15182.02,0.175,0,normal
TRD-107358,2026-09-30 15:51:52.146,BANK,63.8,246,15694.8,0.053,0,normal
TRD-107359,2026-09-30 15:52:10.957,BANK,63.78,4691,299191.98,0.177,1,volume_spike
TRD-107360,2026-09-30 15:52:11.305,PHARMA,177.96,120,21355.2,0.041,0,normal
TRD-107361,2026-09-30 15:52:12.127,AUTO,95.54,281,26846.74,-0.048,0,normal
TRD-107362,2026-09-30 15:52:12.762,AUTO,95.53,374,35728.22,-0.076,0,normal
TRD-107363,2026-09-30 15:52:20.628,TECH,190.18,132,25103.76,0.259,0,normal
TRD-107364,2026-09-30 15:52:25.296,BANK,63.81,721,46007.01,0.11,0,normal
TRD-107365,2026-09-30 15:52:29.300,TECH,190.16,154,29284.64,-0.126,0,normal
TRD-107366,2026-09-30 15:52:29.811,TECH,190.15,152,28902.8,-0.062,0,normal
TRD-107367,2026-09-30 15:52:35.104,AUTO,95.53,112,10699.36,0.016,0,normal
TRD-107368,2026-09-30 15:52:38.159,TECH,190.24,187,35574.88,0.582,0,normal
TRD-107369,2026-09-30 15:52:38.763,TECH,190.3,110,20933.0,0.454,0,normal
TRD-107370,2026-09-30 15:52:39.561,AUTO,95.54,182,17388.28,0.043,0,normal
TRD-107371,2026-09-30 15:52:39.756,TECH,190.23,127,24159.21,-0.487,0,normal
TRD-107372,2026-09-30 15:52:39.905,AUTO,95.56,310,29623.6,0.183,0,normal
TRD-107373,2026-09-30 15:52:41.427,PHARMA,177.98,144,25629.12,0.164,0,normal
TRD-107374,2026-09-30 15:52:42.351,AUTO,95.59,191,18257.69,0.179,0,normal
TRD-107375,2026-09-30 15:52:44.370,AUTO,95.58,216,20645.28,-0.055,0,normal
TRD-107376,2026-09-30 15:52:45.261,AUTO,95.58,173,16535.34,-0.043,0,normal
TRD-107377,2026-09-30 15:53:07.659,PHARMA,177.96,99,17618.04,-0.132,0,normal
TRD-107378,2026-09-30 15:53:10.092,PHARMA,177.91,83,14766.53,-0.352,0,normal
TRD-107379,2026-09-30 15:53:10.997,AUTO,95.6,149,14244.4,0.177,0,normal
TRD-107380,2026-09-30 15:53:16.105,TECH,190.22,172,32717.84,-0.054,0,normal
TRD-107381,2026-09-30 15:53:20.956,TECH,190.36,271,51587.56,0.911,0,normal
TRD-107382,2026-09-30 15:53:30.173,ENERGY,29.15,149,4343.35,-0.043,0,normal
TRD-107383,2026-09-30 15:53:34.402,TECH,190.64,13115,2500243.6,-0.088,1,volume_spike
TRD-107384,2026-09-30 15:53:35.472,PHARMA,177.97,164,29187.08,0.37,0,normal
TRD-107385,2026-09-30 15:53:38.086,TECH,190.32,82,15606.24,-0.3,0,normal
TRD-107386,2026-09-30 15:53:38.851,PHARMA,177.96,203,36125.88,-0.055,0,normal
TRD-107387,2026-09-30 15:53:45.076,TECH,190.36,289,55014.04,0.321,0,normal
TRD-107388,2026-09-30 15:53:45.908,BANK,63.82,409,26102.38,0.021,0,normal
TRD-107389,2026-09-30 15:53:47.553,BANK,63.81,406,25906.86,-0.039,0,normal
TRD-107390,2026-09-30 15:53:47.693,TECH,190.36,282,53681.52,-0.012,0,normal
TRD-107391,2026-09-30 15:53:48.181,BANK,63.78,394,25129.32,-0.183,0,normal
TRD-107392,2026-09-30 15:53:53.134,TECH,190.35,108,20557.8,-0.043,0,normal
TRD-107393,2026-09-30 15:53:55.011,AUTO,95.61,248,23711.28,0.024,0,normal
TRD-107394,2026-09-30 15:53:59.075,ENERGY,29.18,166,4843.88,0.17,0,normal
TRD-107395,2026-09-30 15:54:00.914,PHARMA,178.03,309,55011.27,0.461,0,normal
TRD-107396,2026-09-30 15:54:01.271,TECH,190.35,78,14847.3,-0.029,0,normal
TRD-107397,2026-09-30 15:54:05.284,BANK,63.78,537,34249.86,-0.013,0,normal
TRD-107398,2026-09-30 15:54:05.686,BANK,63.77,392,24997.84,-0.084,0,normal
TRD-107399,2026-09-30 15:54:07.341,ENERGY,29.17,472,13768.24,-0.038,0,normal
TRD-107400,2026-09-30 15:54:08.757,PHARMA,178.1,235,41853.5,0.482,0,normal
TRD-107401,2026-09-30 15:54:23.057,PHARMA,178.07,447,79597.29,-0.215,0,normal
TRD-107402,2026-09-30 15:54:24.220,TECH,190.24,145,27584.8,-0.729,0,normal
TRD-107403,2026-09-30 15:54:30.859,BANK,63.75,372,23715.0,-0.125,0,normal
TRD-107404,2026-09-30 15:54:32.424,AUTO,95.61,117,11186.37,0.005,0,normal
TRD-107405,2026-09-30 15:54:36.537,TECH,190.15,285,54192.75,-0.598,0,normal
TRD-107406,2026-09-30 15:54:37.331,ENERGY,29.14,187,5449.18,-0.206,0,normal
TRD-107407,2026-09-30 15:54:44.456,TECH,190.23,450,85603.5,0.552,0,normal
TRD-107408,2026-09-30 15:54:45.726,TECH,190.3,44,8373.2,0.468,0,normal
TRD-107409,2026-09-30 15:54:47.144,TECH,190.27,138,26257.26,-0.234,0,normal
TRD-107410,2026-09-30 15:54:47.366,TECH,190.25,253,48133.25,-0.127,0,normal
TRD-107411,2026-09-30 15:54:47.904,ENERGY,29.21,114,3329.94,0.48,0,normal
TRD-107412,2026-09-30 15:54:53.154,PHARMA,178.06,307,54664.42,-0.046,0,normal
TRD-107413,2026-09-30 15:54:53.365,BANK,63.76,377,24037.52,0.043,0,normal
TRD-107414,2026-09-30 15:54:58.142,TECH,190.21,255,48503.55,-0.246,0,normal
TRD-107415,2026-09-30 15:55:02.261,BANK,63.76,625,39850.0,0.016,0,normal
TRD-107416,2026-09-30 15:55:03.666,TECH,190.29,184,35013.36,0.517,0,normal
TRD-107417,2026-09-30 15:55:04.422,BANK,63.75,177,11283.75,-0.024,0,normal
TRD-107418,2026-09-30 15:55:10.999,PHARMA,178.11,257,45774.27,0.352,0,normal
TRD-107419,2026-09-30 15:55:11.431,ENERGY,29.22,126,3681.72,0.042,0,normal
TRD-107420,2026-09-30 15:55:12.703,BANK,63.75,280,17850.0,-0.04,0,normal
TRD-107421,2026-09-30 15:55:14.181,ENERGY,29.2,122,3562.4,-0.123,0,normal
TRD-107422,2026-09-30 15:55:19.526,TECH,190.29,127,24166.83,-0.018,0,normal
TRD-107423,2026-09-30 15:55:20.041,ENERGY,29.22,476,13908.72,0.168,0,normal
TRD-107424,2026-09-30 15:55:22.103,AUTO,95.63,157,15013.91,0.136,0,normal
TRD-107425,2026-09-30 15:55:27.871,BANK,63.73,393,25045.89,-0.095,0,normal
TRD-107426,2026-09-30 15:55:29.051,TECH,190.25,265,50416.25,-0.25,0,normal
TRD-107427,2026-09-30 15:55:38.868,TECH,190.31,609,115898.79,0.383,0,normal
TRD-107428,2026-09-30 15:55:45.532,AUTO,95.63,824,78799.12,0.001,0,normal
TRD-107429,2026-09-30 15:55:49.150,BANK,63.74,543,34610.82,0.008,0,normal
TRD-107430,2026-09-30 15:55:50.778,AUTO,95.65,177,16930.05,0.123,0,normal
TRD-107431,2026-09-30 15:55:53.156,TECH,190.2,316,60103.2,-0.73,0,normal
TRD-107432,2026-09-30 15:55:54.424,AUTO,95.69,135,12918.15,0.273,0,normal
TRD-107433,2026-09-30 15:56:05.069,TECH,190.26,149,28348.74,0.411,0,normal
TRD-107434,2026-09-30 15:56:07.260,TECH,190.26,124,23592.24,-0.002,0,normal
TRD-107435,2026-09-30 15:56:08.546,PHARMA,178.05,218,38814.9,-0.414,0,normal
TRD-107436,2026-09-30 15:56:12.672,BANK,63.73,459,29252.07,-0.054,0,normal
TRD-107437,2026-09-30 15:56:13.775,AUTO,95.71,221,21151.91,0.184,0,normal
TRD-107438,2026-09-30 15:56:17.820,PHARMA,178.16,123,21913.68,0.732,0,normal
TRD-107439,2026-09-30 15:56:21.040,ENERGY,29.18,134,3910.12,-0.271,0,normal
TRD-107440,2026-09-30 15:56:21.892,PHARMA,177.98,7571,1347486.58,0.153,1,volume_spike
TRD-107441,2026-09-30 15:56:33.345,TECH,190.32,246,46818.72,0.405,0,normal
TRD-107442,2026-09-30 15:56:35.390,PHARMA,178.21,69,12296.49,0.307,0,normal
TRD-107443,2026-09-30 15:56:37.072,BANK,63.71,392,24974.32,-0.146,0,normal
TRD-107444,2026-09-30 15:56:41.866,AUTO,95.67,208,19899.36,-0.318,0,normal
TRD-107445,2026-09-30 15:56:44.009,ENERGY,29.24,132,3859.68,0.386,0,normal
TRD-107446,2026-09-30 15:56:45.455,AUTO,95.64,286,27353.04,-0.149,0,normal
TRD-107447,2026-09-30 15:56:48.352,BANK,63.71,249,15863.79,0.019,0,normal
TRD-107448,2026-09-30 15:56:51.928,PHARMA,178.18,169,30112.42,-0.209,0,normal
TRD-107449,2026-09-30 15:56:55.973,PHARMA,178.21,343,61126.03,0.248,0,normal
TRD-107450,2026-09-30 15:56:56.497,AUTO,95.64,119,11381.16,0.001,0,normal
TRD-107451,2026-09-30 15:57:04.113,TECH,190.24,577,109768.48,-0.544,0,normal
TRD-107452,2026-09-30 15:57:04.842,AUTO,95.67,261,24969.87,0.197,0,normal
TRD-107453,2026-09-30 15:57:06.414,TECH,190.21,267,50786.07,-0.22,0,normal
TRD-107454,2026-09-30 15:57:11.914,AUTO,95.65,177,16930.05,-0.158,0,normal
TRD-107455,2026-09-30 15:57:12.271,PHARMA,178.22,255,45446.1,0.07,0,normal
TRD-107456,2026-09-30 15:57:15.376,TECH,190.17,235,44689.95,-0.231,0,normal
TRD-107457,2026-09-30 15:57:22.167,PHARMA,178.31,85,15156.35,0.563,0,normal
TRD-107458,2026-09-30 15:57:36.052,TECH,190.26,164,31202.64,0.57,0,normal
TRD-107459,2026-09-30 15:57:42.861,BANK,63.72,535,34090.2,0.057,0,normal
TRD-107460,2026-09-30 15:57:47.329,TECH,190.34,408,77658.72,0.549,0,normal
TRD-107461,2026-09-30 15:57:52.803,BANK,63.71,316,20132.36,-0.054,0,normal
TRD-107462,2026-09-30 15:57:58.771,BANK,63.72,324,20645.28,0.046,0,normal
TRD-107463,2026-09-30 15:57:59.871,AUTO,95.7,191,18278.7,0.322,0,normal
TRD-107464,2026-09-30 15:58:00.843,ENERGY,29.21,195,5695.95,-0.202,0,normal
TRD-107465,2026-09-30 15:58:12.863,ENERGY,29.26,92,2691.92,0.293,0,normal
TRD-107466,2026-09-30 15:58:13.237,ENERGY,29.25,160,4680.0,-0.025,0,normal
TRD-107467,2026-09-30 15:58:16.312,AUTO,95.71,332,31775.72,0.094,0,normal
TRD-107468,2026-09-30 15:58:17.767,PHARMA,178.28,378,67389.84,-0.208,0,normal
TRD-107469,2026-09-30 15:58:18.097,BANK,63.72,356,22684.32,0.018,0,normal
TRD-107470,2026-09-30 15:58:20.186,TECH,190.34,146,27789.64,-0.014,0,normal
TRD-107471,2026-09-30 15:58:30.089,ENERGY,29.23,150,4384.5,-0.132,0,normal
TRD-107472,2026-09-30 15:58:31.653,TECH,190.36,111,21129.96,0.156,0,normal
TRD-107473,2026-09-30 15:58:34.213,TECH,190.38,80,15230.4,0.14,0,normal
TRD-107474,2026-09-30 15:58:34.223,PHARMA,178.2,187,33323.4,-0.523,0,normal
TRD-107475,2026-09-30 15:58:38.715,AUTO,95.75,164,15703.0,0.267,0,normal
TRD-107476,2026-09-30 15:58:41.301,TECH,190.27,221,42049.67,-0.725,0,normal
TRD-107477,2026-09-30 15:58:42.706,TECH,190.34,362,68903.08,0.436,0,normal
TRD-107478,2026-09-30 15:58:46.273,TECH,190.33,235,44727.55,-0.053,0,normal
TRD-107479,2026-09-30 15:58:46.857,PHARMA,178.27,275,49024.25,0.504,0,normal
TRD-107480,2026-09-30 15:58:48.616,PHARMA,178.26,183,32621.58,-0.077,0,normal
TRD-107481,2026-09-30 15:58:52.713,TECH,190.32,61,11609.52,-0.041,0,normal
TRD-107482,2026-09-30 15:58:54.067,ENERGY,29.18,365,10650.7,-0.318,0,normal
TRD-107483,2026-09-30 15:58:55.366,AUTO,95.76,728,69713.28,0.04,0,normal
TRD-107484,2026-09-30 15:59:04.502,AUTO,95.85,98,9393.3,0.59,0,normal
TRD-107485,2026-09-30 15:59:05.530,PHARMA,178.32,114,20328.48,0.393,0,normal
TRD-107486,2026-09-30 15:59:07.335,BANK,63.73,310,19756.3,0.066,0,normal
TRD-107487,2026-09-30 15:59:09.008,AUTO,95.83,430,41206.9,-0.136,0,normal
TRD-107488,2026-09-30 15:59:11.658,PHARMA,178.23,257,45805.11,-0.619,0,normal
TRD-107489,2026-09-30 15:59:21.331,TECH,190.23,154,29295.42,-0.618,0,normal
TRD-107490,2026-09-30 15:59:26.322,TECH,190.15,110,20916.5,-0.521,0,normal
TRD-107491,2026-09-30 15:59:31.754,TECH,190.12,107,20342.84,-0.256,0,normal
TRD-107492,2026-09-30 15:59:34.087,BANK,63.71,412,26248.52,-0.102,0,normal
TRD-107493,2026-09-30 15:59:34.369,TECH,190.16,84,15973.44,0.299,0,normal
TRD-107494,2026-09-30 15:59:41.450,AUTO,95.85,277,26550.45,0.125,0,normal
TRD-107495,2026-09-30 15:59:44.797,BANK,63.73,481,30654.13,0.13,0,normal
TRD-107496,2026-09-30 15:59:46.281,AUTO,95.84,345,33064.8,-0.002,0,normal
TRD-107497,2026-09-30 15:59:47.379,ENERGY,29.19,321,9369.99,0.03,0,normal
TRD-107498,2026-09-30 15:59:49.650,TECH,190.18,216,41078.88,0.128,0,normal
TRD-107499,2026-09-30 15:59:53.393,BANK,63.75,1500,95625.0,0.107,0,normal
